t,x,y,z,vx,vy,vz,ax,ay,az,jx,jy,jz,yaw,dyaw,power,mode_xy,mode_z
0.000000,0.000000000,0.000000000,2.000000000,0.000000000,0.000000000,0.000000000,0.000000000,0.000000000,-0.000000000,18.602396698,17.519142079,-4.294865311,0.000000000,0.000000000,true,0,0
0.010000,0.000003072,0.000002893,1.999999292,0.000918812,0.000865062,-0.000211812,0.182635478,0.171926563,-0.042070399,17.926197475,16.867624787,-4.119616761,0.000000000,0.000000000,true,0,0
0.020000,0.000024352,0.000022924,1.999994391,0.003630319,0.003416959,-0.000835607,0.358553922,0.337381580,-0.082400380,17.258989968,16.224832834,-3.946781701,0.000000000,0.000000000,true,0,0
0.030000,0.000081432,0.000076640,1.999981264,0.008067800,0.007591413,-0.001854099,0.527845250,0.496452304,-0.121014078,16.600774179,15.590766221,-3.776360131,0.000000000,0.000000000,true,0,0
0.040000,0.000191242,0.000179949,1.999956050,0.014165434,0.013325015,-0.003250248,0.690599378,0.649225989,-0.157935628,15.951550107,14.965424948,-3.608352051,0.000000000,0.000000000,true,0,0
0.050000,0.000370058,0.000348129,1.999915056,0.021858297,0.020555233,-0.005007252,0.846906224,0.795789888,-0.193189164,15.311317753,14.348809013,-3.442757460,0.000000000,0.000000000,true,0,0
0.060000,0.000633511,0.000595837,1.999854757,0.031082367,0.029220405,-0.007108551,0.996855705,0.936231254,-0.226798822,14.680077115,13.740918418,-3.279576359,0.000000000,0.000000000,true,0,0
0.070000,0.000996599,0.000937118,1.999771792,0.041774520,0.039259741,-0.009537829,1.140537739,1.070637341,-0.258788736,14.057828195,13.141753163,-3.118808748,0.000000000,0.000000000,true,0,0
0.080000,0.001473688,0.001385413,1.999662961,0.053872530,0.050613325,-0.012279007,1.278042242,1.199095402,-0.289183042,13.444570992,12.551313247,-2.960454627,0.000000000,0.000000000,true,0,0
0.090000,0.002078531,0.001953568,1.999525225,0.067315072,0.063222113,-0.015316251,1.409459131,1.321692690,-0.318005874,12.840305507,11.969598670,-2.804513996,0.000000000,0.000000000,true,0,0
0.100000,0.002824270,0.002653845,1.999355701,0.082041720,0.077027934,-0.018633967,1.534878324,1.438516459,-0.345281367,12.245031738,11.396609433,-2.650986854,0.000000000,0.000000000,true,0,0
0.110000,0.003723447,0.003497926,1.999151662,0.097992946,0.091973488,-0.022216801,1.654389738,1.549653963,-0.371033656,11.658749687,10.832345535,-2.499873202,0.000000000,0.000000000,true,0,0
0.120000,0.004788015,0.004496925,1.998910532,0.115110122,0.108002349,-0.026049643,1.768083290,1.655192455,-0.395286876,11.081459353,10.276806976,-2.351173040,0.000000000,0.000000000,true,0,0
0.130000,0.006029343,0.005661399,1.998629885,0.133335519,0.125058964,-0.030117623,1.876048898,1.755219187,-0.418065162,10.513160736,9.729993757,-2.204886368,0.000000000,0.000000000,true,0,0
0.140000,0.007458230,0.007001348,1.998307444,0.152612307,0.143088651,-0.034406111,1.978376477,1.849821414,-0.439392648,9.953853837,9.191905877,-2.061013186,0.000000000,0.000000000,true,0,0
0.150000,0.009084908,0.008526236,1.997941076,0.172884555,0.162037602,-0.038900720,2.075155947,1.939086389,-0.459293470,9.403538654,8.662543337,-1.919553493,0.000000000,0.000000000,true,0,0
0.160000,0.010919056,0.010244988,1.997528790,0.194097232,0.181852879,-0.043587305,2.166477223,2.023101365,-0.477791763,8.862215189,8.141906136,-1.780507290,0.000000000,0.000000000,true,0,0
0.170000,0.012969807,0.012166007,1.997068736,0.216196205,0.202482420,-0.048451961,2.252430223,2.101953596,-0.494911661,8.329883441,7.629994274,-1.643874577,0.000000000,0.000000000,true,0,0
0.180000,0.015245756,0.014297180,1.996559203,0.239128242,0.223875033,-0.053481024,2.333104864,2.175730335,-0.510677299,7.806543411,7.126807752,-1.509655354,0.000000000,0.000000000,true,0,0
0.190000,0.017754974,0.016645884,1.995998612,0.262841008,0.245980399,-0.058661073,2.408591064,2.244518836,-0.525112813,7.292195097,6.632346569,-1.377849620,0.000000000,0.000000000,true,0,0
0.200000,0.020505008,0.019218999,1.995385522,0.287283068,0.268749073,-0.063978927,2.478978738,2.308406351,-0.538242337,6.786838501,6.146610726,-1.248457377,0.000000000,0.000000000,true,0,0
0.210000,0.023502897,0.022022914,1.994718618,0.312403887,0.292132480,-0.069421647,2.544357806,2.367480135,-0.550090006,6.290473622,5.669600222,-1.121478623,0.000000000,0.000000000,true,0,0
0.220000,0.026755182,0.025063538,1.993996715,0.338153828,0.316082921,-0.074976535,2.604818183,2.421827440,-0.560679954,5.803100461,5.201315057,-0.996913358,0.000000000,0.000000000,true,0,0
0.230000,0.030267909,0.028346307,1.993218755,0.364484155,0.340553565,-0.080631134,2.660449788,2.471535520,-0.570036318,5.324719016,4.741755232,-0.874761584,0.000000000,0.000000000,true,0,0
0.240000,0.034046640,0.031876190,1.992383801,0.391347028,0.365498458,-0.086373229,2.711342536,2.516691629,-0.578183231,4.855329289,4.290920746,-0.755023300,0.000000000,0.000000000,true,0,0
0.250000,0.038096468,0.035657706,1.991491038,0.418695509,0.390872515,-0.092190847,2.757586346,2.557383020,-0.585144829,4.394931279,3.848811600,-0.637698505,0.000000000,0.000000000,true,0,0
0.260000,0.042422016,0.039694924,1.990539771,0.446483558,0.416631527,-0.098072255,2.799271134,2.593696946,-0.590945246,3.943524986,3.415427793,-0.522787200,0.000000000,0.000000000,true,0,0
0.270000,0.047027454,0.043991475,1.989529419,0.474666035,0.442732154,-0.104005962,2.836486818,2.625720660,-0.595608618,3.501110411,2.990769325,-0.410289385,0.000000000,0.000000000,true,0,0
0.280000,0.051916504,0.048550564,1.988459515,0.503198697,0.469131930,-0.109980718,2.869323315,2.653541417,-0.599159079,3.067687552,2.574836197,-0.300205059,0.000000000,0.000000000,true,0,0
0.290000,0.057092450,0.053374972,1.987329704,0.532038203,0.495789263,-0.115985514,2.897870541,2.677246469,-0.601620764,2.643256411,2.167628408,-0.192534223,0.000000000,0.000000000,true,0,0
0.300000,0.062558149,0.058467072,1.986139741,0.561142110,0.522663431,-0.122009584,2.922218415,2.696923069,-0.603017808,2.227816987,1.769145959,-0.087276878,0.000000000,0.000000000,true,0,0
0.310000,0.068316035,0.063828831,1.984889484,0.590468874,0.549714587,-0.128042402,2.942456853,2.712658472,-0.603374346,1.821369281,1.379388849,0.015566978,0.000000000,0.000000000,true,0,0
0.320000,0.074368134,0.069461824,1.983578898,0.619977849,0.576903754,-0.134073683,2.958675773,2.724539931,-0.602714513,1.423913292,0.998357078,0.115997345,0.000000000,0.000000000,true,0,0
0.330000,0.080716067,0.075367239,1.982208049,0.649629290,0.604192830,-0.140093385,2.970965092,2.732654698,-0.601062444,1.035449019,0.626050647,0.214014221,0.000000000,0.000000000,true,0,0
0.340000,0.087361065,0.081545889,1.980777101,0.679384352,0.631544583,-0.146091705,2.979414726,2.737090028,-0.598442274,0.655976464,0.262469555,0.309617608,0.000000000,0.000000000,true,0,0
0.350000,0.094303973,0.087998218,1.979286318,0.709205086,0.658922657,-0.152059084,2.984114593,2.737933174,-0.594878137,0.285495627,-0.092386198,0.402807505,0.000000000,0.000000000,true,0,0
0.360000,0.101545262,0.094724311,1.977736054,0.739054444,0.686291564,-0.157986202,2.985154611,2.735271389,-0.590394169,-0.075993494,-0.438516611,0.493583912,0.000000000,0.000000000,true,0,0
0.370000,0.109085036,0.101723903,1.976126758,0.768896278,0.713616692,-0.163863982,2.982624696,2.729191926,-0.585014504,-0.428490897,-0.775921685,0.581946829,0.000000000,0.000000000,true,0,0
0.380000,0.116923045,0.108996387,1.974458968,0.798695338,0.740864301,-0.169683587,2.976614765,2.719782039,-0.578763277,-0.771996583,-1.104601419,0.667896257,0.000000000,0.000000000,true,0,0
0.390000,0.125058686,0.116540821,1.972733309,0.828417273,0.768001522,-0.175436423,2.967214737,2.707128982,-0.571664624,-1.106510551,-1.424555814,0.751432195,0.000000000,0.000000000,true,0,0
0.400000,0.133491021,0.124355943,1.970950490,0.858028632,0.794996361,-0.181114135,2.954514527,2.691320008,-0.563742678,-1.432032803,-1.735784870,0.832554643,0.000000000,0.000000000,true,0,0
0.410000,0.142218781,0.132440170,1.969111304,0.887496863,0.821817694,-0.186708612,2.938604053,2.672442369,-0.555021576,-1.748563337,-2.038288586,0.911263601,0.000000000,0.000000000,true,0,0
0.420000,0.151240376,0.140791617,1.967216622,0.916790312,0.848435270,-0.192211983,2.919573232,2.650583320,-0.545525451,-2.056102154,-2.332066963,0.987559069,0.000000000,0.000000000,true,0,0
0.430000,0.160553902,0.149408098,1.965267393,0.945878226,0.874819713,-0.197616618,2.897511982,2.625830114,-0.535278439,-2.354649254,-2.617120000,1.061441048,0.000000000,0.000000000,true,0,0
0.440000,0.170157156,0.158287139,1.963264643,0.974730750,0.900942516,-0.202915129,2.872510220,2.598270005,-0.524304675,-2.644204637,-2.893447698,1.132909536,0.000000000,0.000000000,true,0,0
0.450000,0.180047636,0.167425984,1.961209468,1.003318928,0.926776047,-0.208100370,2.844657862,2.567990245,-0.512628294,-2.924768302,-3.161050056,1.201964536,0.000000000,0.000000000,true,0,0
0.460000,0.190222560,0.176821607,1.959103036,1.031614705,0.952293546,-0.213165434,2.814044826,2.535078088,-0.500273430,-3.196340250,-3.419927076,1.268606045,0.000000000,0.000000000,true,0,0
0.470000,0.200678865,0.186470715,1.956946582,1.059590922,0.977469125,-0.218103657,2.780761029,2.499620788,-0.487264218,-3.458920481,-3.670078755,1.332834064,0.000000000,0.000000000,true,0,0
0.480000,0.211413225,0.196369766,1.954741407,1.087221323,1.002277769,-0.222908617,2.744896389,2.461705597,-0.473624793,-3.712508995,-3.911505096,1.394648594,0.000000000,0.000000000,true,0,0
0.490000,0.222422054,0.206514967,1.952488875,1.114480547,1.026695335,-0.227574133,2.706540822,2.421419770,-0.459379291,-3.957105791,-4.144206097,1.454049634,0.000000000,0.000000000,true,0,0
0.500000,0.233701517,0.216902291,1.950190409,1.141344136,1.050698553,-0.232094263,2.665784245,2.378850560,-0.444551845,-4.192710870,-4.368181759,1.511037184,0.000000000,0.000000000,true,0,0
0.510000,0.245247539,0.227527482,1.947847493,1.167788528,1.074265026,-0.236463310,2.622716577,2.334085220,-0.429166592,-4.419324232,-4.583432081,1.565611244,0.000000000,0.000000000,true,0,0
0.520000,0.257055815,0.238386064,1.945461665,1.193791063,1.097373228,-0.240675816,2.577427733,2.287211003,-0.413247666,-4.636945877,-4.789957064,1.617771815,0.000000000,0.000000000,true,0,0
0.530000,0.269121815,0.249473350,1.943034516,1.219329979,1.120002507,-0.244726565,2.530007632,2.238315163,-0.396819201,-4.845575804,-4.987756707,1.667518895,0.000000000,0.000000000,true,0,0
0.540000,0.281440799,0.260784452,1.940567689,1.244384411,1.142133083,-0.248610582,2.480546189,2.187484953,-0.379905333,-5.045214015,-5.176831011,1.714852486,0.000000000,0.000000000,true,0,0
0.550000,0.294007822,0.272314287,1.938062876,1.268934398,1.163746049,-0.252323134,2.429133324,2.134807627,-0.362530196,-5.235860508,-5.357179976,1.759772587,0.000000000,0.000000000,true,0,0
0.560000,0.306817742,0.284057587,1.935521813,1.292960873,1.184823370,-0.255859729,2.375858952,2.080370438,-0.344717926,-5.417515283,-5.528803601,1.802279199,0.000000000,0.000000000,true,0,0
0.570000,0.319865234,0.296008911,1.932946282,1.316445671,1.205347883,-0.259216116,2.320812990,2.024260640,-0.326492657,-5.590178342,-5.691701887,1.842372320,0.000000000,0.000000000,true,0,0
0.580000,0.333144792,0.308162648,1.930338105,1.339371527,1.225303298,-0.262388286,2.264085357,1.966565485,-0.307878524,-5.753849683,-5.845874834,1.880051952,0.000000000,0.000000000,true,0,0
0.590000,0.346650746,0.320513029,1.927699143,1.361722073,1.244674199,-0.265372471,2.205765969,1.907372227,-0.288899663,-5.908529307,-5.991322441,1.915318094,0.000000000,0.000000000,true,0,0
0.600000,0.360377264,0.333054135,1.925031294,1.383481840,1.263446040,-0.268165144,2.145944743,1.846768120,-0.269580207,-6.054217214,-6.128044708,1.948170746,0.000000000,0.000000000,true,0,0
0.610000,0.374318365,0.345779907,1.922336490,1.404636261,1.281605149,-0.270763020,2.084711597,1.784840418,-0.249944293,-6.190913404,-6.256041637,1.978609909,0.000000000,0.000000000,true,0,0
0.620000,0.388467926,0.358684153,1.919616693,1.425171666,1.299138727,-0.273163055,2.022156448,1.721676372,-0.230016054,-6.318617876,-6.375313226,2.006635581,0.000000000,0.000000000,true,0,0
0.630000,0.402819692,0.371760556,1.916873897,1.445075283,1.316034846,-0.275362447,1.958369212,1.657363238,-0.209819626,-6.437330631,-6.485859475,2.032247764,0.000000000,0.000000000,true,0,0
0.640000,0.417367286,0.385002688,1.914110122,1.464335243,1.332282452,-0.277358634,1.893439807,1.591988267,-0.189379144,-6.547051669,-6.587680385,2.055446457,0.000000000,0.000000000,true,0,0
0.650000,0.432104215,0.398404010,1.911327410,1.482940572,1.347871363,-0.279149297,1.827458151,1.525638714,-0.168718742,-6.647780990,-6.680775956,2.076231661,0.000000000,0.000000000,true,0,0
0.660000,0.447023882,0.411957888,1.908527828,1.500881198,1.362792269,-0.280732357,1.760514160,1.458401833,-0.147862556,-6.739518593,-6.765146187,2.094603374,0.000000000,0.000000000,true,0,0
0.670000,0.462119593,0.425657600,1.905713461,1.518147947,1.377036733,-0.282105976,1.692697752,1.390364875,-0.126834720,-6.822264480,-6.840791079,2.110561598,0.000000000,0.000000000,true,0,0
0.680000,0.477384567,0.439496343,1.902886412,1.534732545,1.390597190,-0.283268559,1.624098843,1.321615095,-0.105659369,-6.896018649,-6.907710632,2.124106332,0.000000000,0.000000000,true,0,0
0.690000,0.492811945,0.453467242,1.900048798,1.550627615,1.403466949,-0.284218752,1.554807351,1.252239747,-0.084360638,-6.960781100,-6.965904845,2.135237576,0.000000000,0.000000000,true,0,0
0.700000,0.508394799,0.467563360,1.897202748,1.565826683,1.415640191,-0.284955441,1.484913193,1.182326083,-0.062962662,-7.016551835,-7.015373719,2.143955330,0.000000000,0.000000000,true,0,0
0.710000,0.524126140,0.481777707,1.894350403,1.580324170,1.427111967,-0.285477755,1.414506287,1.111961357,-0.041489576,-7.063330852,-7.056117253,2.150259595,0.000000000,0.000000000,true,0,0
0.720000,0.539998928,0.496103247,1.891493910,1.594115399,1.437878205,-0.285785063,1.343676549,1.041232822,-0.019965515,-7.101118152,-7.088135448,2.154150369,0.000000000,0.000000000,true,0,0
0.730000,0.556006081,0.510532909,1.888635420,1.607196591,1.447935702,-0.285876976,1.272513896,0.970227732,0.001585386,-7.129913735,-7.111428304,2.155627654,0.000000000,0.000000000,true,0,0
0.740000,0.572140484,0.525059591,1.885777089,1.619564867,1.457282129,-0.285753346,1.201108246,0.899033341,0.023138993,-7.149717601,-7.125995820,2.154691449,0.000000000,0.000000000,true,0,0
0.750000,0.588394995,0.539676176,1.882921071,1.631218246,1.465916029,-0.285414267,1.129549516,0.827736901,0.044671170,-7.160529749,-7.131837997,2.151341755,0.000000000,0.000000000,true,0,0
0.760000,0.604762462,0.554375535,1.880069521,1.642155647,1.473836818,-0.284860075,1.057927624,0.756425665,0.066157783,-7.162350180,-7.128954834,2.145578570,0.000000000,0.000000000,true,0,0
0.770000,0.621235721,0.569150536,1.877224585,1.652376888,1.481044784,-0.284091344,0.986332485,0.685186888,0.087574697,-7.155178894,-7.117346332,2.137401896,0.000000000,0.000000000,true,0,0
0.780000,0.637807615,0.583994058,1.874388406,1.661882685,1.487541088,-0.283108893,0.914854018,0.614107823,0.108897776,-7.139015891,-7.097012491,2.126811732,0.000000000,0.000000000,true,0,0
0.790000,0.654470995,0.598898992,1.871563116,1.670674657,1.493327763,-0.281913782,0.843582140,0.543275723,0.130102886,-7.113861170,-7.067953310,2.113808079,0.000000000,0.000000000,true,0,0
0.800000,0.671218737,0.613858257,1.868750835,1.678755317,1.498407716,-0.280507309,0.772606767,0.472777841,0.151165893,-7.079714732,-7.030168790,2.098390935,0.000000000,0.000000000,true,0,0
0.810000,0.688043742,0.628864804,1.865953669,1.686128080,1.502784725,-0.278891018,0.702017818,0.402701432,0.172062660,-7.036576577,-6.983658931,2.080560302,0.000000000,0.000000000,true,0,0
0.820000,0.704938953,0.643911624,1.863173708,1.692797261,1.506463441,-0.277066691,0.631905208,0.333133747,0.192769054,-6.984446705,-6.928423732,2.060316179,0.000000000,0.000000000,true,0,0
0.830000,0.721897359,0.658991763,1.860413022,1.698768072,1.509449387,-0.275036352,0.562358856,0.264162041,0.213260939,-6.923325116,-6.864463193,2.037658566,0.000000000,0.000000000,true,0,0
0.840000,0.738912007,0.674098324,1.857673660,1.704046625,1.511748959,-0.272802268,0.493468678,0.195873568,0.233514180,-6.853211809,-6.791777316,2.012587463,0.000000000,0.000000000,true,0,0
0.850000,0.755976007,0.689224478,1.854957648,1.708639932,1.513369426,-0.270366944,0.425324592,0.128355580,0.253504643,-6.774106785,-6.710366099,1.985102870,0.000000000,0.000000000,true,0,0
0.860000,0.773082547,0.704363476,1.852266983,1.712555904,1.514318930,-0.267733131,0.358016515,0.061695330,0.273208192,-6.686010044,-6.620229542,1.955204788,0.000000000,0.000000000,true,0,0
0.870000,0.790224897,0.719508650,1.849603637,1.715803349,1.514606483,-0.264903817,0.291634364,-0.004019927,0.292600694,-6.588921585,-6.521367646,1.922893216,0.000000000,0.000000000,true,0,0
0.880000,0.807396418,0.734653432,1.846969548,1.718391977,1.514241972,-0.261882234,0.226268056,-0.068702938,0.311658012,-6.482841410,-6.413780411,1.888168154,0.000000000,0.000000000,true,0,0
0.890000,0.824590576,0.749791352,1.844366621,1.720332396,1.513236156,-0.258671855,0.162007508,-0.132266451,0.330356012,-6.367769517,-6.297467836,1.851029603,0.000000000,0.000000000,true,0,0
0.900000,0.841800944,0.764916056,1.841796728,1.721636113,1.511600665,-0.255276392,0.098942638,-0.194623210,0.348670559,-6.243705907,-6.172429922,1.811477561,0.000000000,0.000000000,true,0,0
0.910000,0.859021217,0.780021308,1.839261697,1.722315534,1.509348005,-0.251699802,0.037163362,-0.255685965,0.366577518,-6.110650579,-6.038666669,1.769512030,0.000000000,0.000000000,true,0,0
0.920000,0.876245218,0.795101003,1.836763321,1.722383965,1.506491550,-0.247946281,-0.023240402,-0.315367459,0.384052754,-5.968603535,-5.896178076,1.725133009,0.000000000,0.000000000,true,0,0
0.930000,0.893466907,0.810149174,1.834303347,1.721855611,1.503045551,-0.244020267,-0.082178736,-0.373580442,0.401072133,-5.817564773,-5.744964144,1.678340498,0.000000000,0.000000000,true,0,0
0.940000,0.910680391,0.825159999,1.831883475,1.720745575,1.499025127,-0.239926438,-0.139561725,-0.430237658,0.417611519,-5.657534294,-5.585024872,1.629134497,0.000000000,0.000000000,true,0,0
0.950000,0.927879932,0.840127815,1.829505361,1.719069860,1.494446274,-0.235669717,-0.195299450,-0.485251855,0.433646778,-5.488512097,-5.416360261,1.577515007,0.000000000,0.000000000,true,0,0
0.960000,0.945059959,0.855047120,1.827170607,1.716845370,1.489325858,-0.231255264,-0.249301994,-0.538535779,0.449153775,-5.310498184,-5.238970311,1.523482027,0.000000000,0.000000000,true,0,0
0.970000,0.962215070,0.869912586,1.824880764,1.714089904,1.483681617,-0.226688483,-0.301479441,-0.590002176,0.464108374,-5.123492553,-5.052855021,1.467035557,0.000000000,0.000000000,true,0,0
0.980000,0.979340049,0.884719068,1.822637326,1.710822164,1.477532164,-0.221975018,-0.351741873,-0.639563794,0.478486441,-4.927495205,-4.858014392,1.408175597,0.000000000,0.000000000,true,0,0
0.990000,0.996429871,0.899461610,1.820441733,1.707061750,1.470896981,-0.217120756,-0.399999373,-0.687133380,0.492263841,-4.722506140,-4.654448423,1.346902148,0.000000000,0.000000000,true,0,0
1.000000,1.013479710,0.914135456,1.818295360,1.702829160,1.463796427,-0.212131824,-0.446162023,-0.732623678,0.505416439,-4.508525358,-4.442157115,1.283215208,0.000000000,0.000000000,true,0,0
1.010000,1.030484951,0.928736058,1.816199524,1.698145739,1.456251678,-0.207014577,-0.490160908,-0.775967887,0.517925569,-4.291853066,-4.227275358,1.218755569,0.000000000,0.000000000,true,0,0
1.020000,1.047441194,0.943259080,1.814155475,1.693033104,1.448284173,-0.201775447,-0.532011114,-0.817181000,0.529794444,-4.078789475,-4.015938041,1.155164018,0.000000000,0.000000000,true,0,0
1.030000,1.064344254,0.957700402,1.812164400,1.687512559,1.439915044,-0.196420793,-0.571748727,-0.856298463,0.541031743,-3.869334583,-3.808145165,1.092440557,0.000000000,0.000000000,true,0,0
1.040000,1.081190155,0.972056112,1.810227423,1.681605051,1.431165071,-0.190956888,-0.609409834,-0.893355719,0.551646149,-3.663488391,-3.603896730,1.030585185,0.000000000,0.000000000,true,0,0
1.050000,1.097975133,0.986322503,1.808345606,1.675331164,1.422054679,-0.185389917,-0.645030524,-0.928388212,0.561646341,-3.461250898,-3.403192735,0.969597901,0.000000000,0.000000000,true,0,0
1.060000,1.114695625,1.000496071,1.806519948,1.668711122,1.412603938,-0.179725980,-0.678646881,-0.961431388,0.571041000,-3.262622105,-3.206033180,0.909478707,0.000000000,0.000000000,true,0,0
1.070000,1.131348268,1.014573513,1.804751389,1.661764787,1.402832564,-0.173971087,-0.710294995,-0.992520691,0.579838808,-3.067602012,-3.012418067,0.850227603,0.000000000,0.000000000,true,0,0
1.080000,1.147929898,1.028551718,1.803040810,1.654511662,1.392759919,-0.168131164,-0.740010951,-1.021691564,0.588048446,-2.876190619,-2.822347394,0.791844587,0.000000000,0.000000000,true,0,0
1.090000,1.164437543,1.042427770,1.801389030,1.646970888,1.382405009,-0.162212050,-0.767830836,-1.048979453,0.595678594,-2.688387925,-2.635821162,0.734329660,0.000000000,0.000000000,true,0,0
1.100000,1.180868420,1.056198940,1.799796813,1.639161245,1.371786488,-0.156219495,-0.793790738,-1.074419802,0.602737933,-2.504193931,-2.452839370,0.677682823,0.000000000,0.000000000,true,0,0
1.110000,1.197219933,1.069862682,1.798264866,1.631101153,1.360922653,-0.150159165,-0.817926744,-1.098048055,0.609235144,-2.323608637,-2.273402019,0.621904075,0.000000000,0.000000000,true,0,0
1.120000,1.213489668,1.083416635,1.796793837,1.622808670,1.349831449,-0.144036637,-0.840274940,-1.119899657,0.615178908,-2.146632042,-2.097509108,0.566993415,0.000000000,0.000000000,true,0,0
1.130000,1.229675391,1.096858612,1.795384322,1.614301493,1.338530464,-0.137857402,-0.860871413,-1.140010052,0.620577906,-1.973264147,-1.925160639,0.512950845,0.000000000,0.000000000,true,0,0
1.140000,1.245775040,1.110186602,1.794036860,1.605596960,1.327036934,-0.131626866,-0.879752252,-1.158414685,0.625440818,-1.803504952,-1.756356609,0.459776364,0.000000000,0.000000000,true,0,0
1.150000,1.261786729,1.123398765,1.792751938,1.596712047,1.315367738,-0.125350344,-0.896953541,-1.175148999,0.629776327,-1.637354456,-1.591097021,0.407469972,0.000000000,0.000000000,true,0,0
1.160000,1.277708735,1.136493427,1.791529989,1.587663368,1.303539404,-0.119033068,-0.912511370,-1.190248440,0.633593112,-1.474812660,-1.429381873,0.356031670,0.000000000,0.000000000,true,0,0
1.170000,1.293539504,1.149469077,1.790371395,1.578467177,1.291568101,-0.112680182,-0.926461824,-1.203748452,0.636899854,-1.315879564,-1.271211166,0.305461456,0.000000000,0.000000000,true,0,0
1.180000,1.309277640,1.162324365,1.789276488,1.569139369,1.279469648,-0.106296742,-0.938840990,-1.215684478,0.639705234,-1.160555167,-1.116584899,0.255759332,0.000000000,0.000000000,true,0,0
1.190000,1.324921905,1.175058097,1.788245546,1.559695475,1.267259507,-0.099887720,-0.949684956,-1.226091964,0.642017934,-1.008839471,-0.965503073,0.206925297,0.000000000,0.000000000,true,0,0
1.200000,1.340471213,1.187669233,1.787278802,1.550150667,1.254952786,-0.093457997,-0.959029809,-1.235006355,0.643846634,-0.860732473,-0.817965688,0.158959350,0.000000000,0.000000000,true,0,0
1.210000,1.355924631,1.200156880,1.786376439,1.540519755,1.242564238,-0.087012371,-0.966911635,-1.242463093,0.645200015,-0.716234176,-0.673972743,0.111861493,0.000000000,0.000000000,true,0,0
1.220000,1.371281370,1.212520293,1.785538592,1.530817191,1.230108264,-0.080555552,-0.973366521,-1.248497624,0.646086757,-0.575344578,-0.533524239,0.065631726,0.000000000,0.000000000,true,0,0
1.230000,1.386540783,1.224758868,1.784765350,1.521057061,1.217598908,-0.074092163,-0.978430555,-1.253145393,0.646515543,-0.438063680,-0.396620175,0.020270047,0.000000000,0.000000000,true,0,0
1.240000,1.401702365,1.236872139,1.784056755,1.511253095,1.205049861,-0.067626739,-0.982139824,-1.256441843,0.646495052,-0.304391482,-0.263260552,-0.024223543,0.000000000,0.000000000,true,0,0
1.250000,1.416765743,1.248859777,1.783412807,1.501418660,1.192474458,-0.061163730,-0.984530414,-1.258422418,0.646033966,-0.174327983,-0.133445370,-0.067849043,0.000000000,0.000000000,true,0,0
1.260000,1.431730680,1.260721584,1.782833458,1.491566762,1.179885681,-0.054707499,-0.985638412,-1.259122565,0.645140965,-0.047873184,-0.007174628,-0.110606455,0.000000000,0.000000000,true,0,0
1.270000,1.446597063,1.272457488,1.782318620,1.481710047,1.167296156,-0.048262322,-0.985499906,-1.258577726,0.643824730,0.074972916,0.115551673,-0.152495777,0.000000000,0.000000000,true,0,0
1.280000,1.461364906,1.284067545,1.781868161,1.471860799,1.154718158,-0.041832387,-0.984150983,-1.256823346,0.642093943,0.194210315,0.234733533,-0.193517010,0.000000000,0.000000000,true,0,0
1.290000,1.476034343,1.295551930,1.781481908,1.462030942,1.142163603,-0.035421796,-0.981627729,-1.253894870,0.639957284,0.309839015,0.350370953,-0.233670154,0.000000000,0.000000000,true,0,0
1.300000,1.490605628,1.306910934,1.781159647,1.452232039,1.129644056,-0.029034565,-0.977966232,-1.249827742,0.637423433,0.421859016,0.462463932,-0.272955209,0.000000000,0.000000000,true,0,0
1.310000,1.505079125,1.318144965,1.780901126,1.442475291,1.117170726,-0.022674622,-0.973202578,-1.244657406,0.634501073,0.530270316,0.571012470,-0.311372175,0.000000000,0.000000000,true,0,0
1.320000,1.519455310,1.329254539,1.780706051,1.432771541,1.104754467,-0.016345810,-0.967372854,-1.238419307,0.631198883,0.635072917,0.676016568,-0.348921051,0.000000000,0.000000000,true,0,0
1.330000,1.533734767,1.340240279,1.780574093,1.423131267,1.092405781,-0.010051882,-0.960513148,-1.231148890,0.627525546,0.736266819,0.777476225,-0.385601839,0.000000000,0.000000000,true,0,0
1.340000,1.547918181,1.351102914,1.780504885,1.413564591,1.080134812,-0.003796507,-0.952659547,-1.222881598,0.623489740,0.833852020,0.875391442,-0.421414537,0.000000000,0.000000000,true,0,0
1.350000,1.562006337,1.361843267,1.780498023,1.404081269,1.067951353,0.002416734,-0.943848137,-1.213652876,0.619100148,0.927828522,0.969762218,-0.456359146,0.000000000,0.000000000,true,0,0
1.360000,1.576000116,1.372462264,1.780553067,1.394690700,1.055864841,0.008584346,-0.934115006,-1.203498168,0.614365451,1.018196324,1.060588553,-0.490435666,0.000000000,0.000000000,true,0,0
1.370000,1.589900490,1.382960918,1.780669546,1.385401921,1.043884359,0.014702921,-0.923496240,-1.192452919,0.609294329,1.104955427,1.147870448,-0.523644097,0.000000000,0.000000000,true,0,0
1.380000,1.603708522,1.393340334,1.780846951,1.376223607,1.032018633,0.020769140,-0.912027926,-1.180552574,0.603895463,1.188105830,1.231607902,-0.555984439,0.000000000,0.000000000,true,0,0
1.390000,1.617425358,1.403601701,1.781084744,1.367164074,1.020276039,0.026779767,-0.899746152,-1.167832576,0.598177534,1.267647533,1.311800915,-0.587456692,0.000000000,0.000000000,true,0,0
1.400000,1.631052226,1.413746292,1.781382351,1.358231276,1.008664596,0.032731656,-0.886687004,-1.154328370,0.592149222,1.343580536,1.388449488,-0.618060855,0.000000000,0.000000000,true,0,0
1.410000,1.644590432,1.423775456,1.781739171,1.349432805,0.997191968,0.038621746,-0.872886570,-1.140075401,0.585819210,1.415904840,1.461553620,-0.647796929,0.000000000,0.000000000,true,0,0
1.420000,1.658041354,1.433690618,1.782154570,1.340775895,0.985865465,0.044447063,-0.858380937,-1.125109113,0.579196178,1.484620444,1.531113312,-0.676664915,0.000000000,0.000000000,true,0,0
1.430000,1.671406444,1.443493275,1.782627886,1.332267417,0.974692045,0.050204722,-0.843206190,-1.109464950,0.572288805,1.549727349,1.597128563,-0.704664811,0.000000000,0.000000000,true,0,0
1.440000,1.684687219,1.453184991,1.783158429,1.323913881,0.963678308,0.055891921,-0.827398419,-1.093178356,0.565105775,1.611225553,1.659599373,-0.731796618,0.000000000,0.000000000,true,0,0
1.450000,1.697885259,1.462767395,1.783745481,1.315721438,0.952830501,0.061505947,-0.810993708,-1.076284777,0.557655767,1.669115058,1.718525743,-0.758060336,0.000000000,0.000000000,true,0,0
1.460000,1.711002204,1.472242174,1.784388296,1.307695876,0.942154518,0.067044175,-0.794028146,-1.058819656,0.549947462,1.723395864,1.773907672,-0.783455964,0.000000000,0.000000000,true,0,0
1.470000,1.724039751,1.481611076,1.785086103,1.299842624,0.931655895,0.072504064,-0.776537820,-1.040818438,0.541989541,1.774067969,1.825745160,-0.807983504,0.000000000,0.000000000,true,0,0
1.480000,1.736999648,1.490875900,1.785838108,1.292166749,0.921339818,0.077883163,-0.758558816,-1.022316568,0.533790685,1.821131375,1.874038208,-0.831642955,0.000000000,0.000000000,true,0,0
1.490000,1.749883693,1.500038497,1.786643489,1.284672957,0.911211114,0.083179104,-0.740127221,-1.003349489,0.525359576,1.864586082,1.918786815,-0.854434316,0.000000000,0.000000000,true,0,0
1.500000,1.762693728,1.509100762,1.787501405,1.277365593,0.901274260,0.088389609,-0.721279123,-0.983952646,0.516704893,1.904432088,1.959990982,-0.876357588,0.000000000,0.000000000,true,0,0
1.510000,1.775431639,1.518064636,1.788410989,1.270248642,0.891533376,0.093512485,-0.702050609,-0.964161484,0.507835318,1.940669395,1.997650708,-0.897412771,0.000000000,0.000000000,true,0,0
1.520000,1.788099348,1.526932096,1.789371356,1.263325728,0.881992227,0.098545628,-0.682477764,-0.944011447,0.498759531,1.973298002,2.031765993,-0.917599865,0.000000000,0.000000000,true,0,0
1.530000,1.800698812,1.535705157,1.790381596,1.256600114,0.872654225,0.103487018,-0.662596678,-0.923537979,0.489486214,2.002317910,2.062336837,-0.936918870,0.000000000,0.000000000,true,0,0
1.540000,1.813232018,1.544385868,1.791440784,1.250074702,0.863522427,0.108334723,-0.642443435,-0.902776525,0.480024047,2.027729118,2.089363241,-0.955369786,0.000000000,0.000000000,true,0,0
1.550000,1.825700982,1.552976302,1.792547972,1.243752033,0.854599536,0.113086898,-0.622054124,-0.881762529,0.470381712,2.049531626,2.112845205,-0.972952612,0.000000000,0.000000000,true,0,0
1.560000,1.838107742,1.561478562,1.793702197,1.237634286,0.845887900,0.117741785,-0.601464832,-0.860531436,0.460567889,2.067725434,2.132782728,-0.989667350,0.000000000,0.000000000,true,0,0
1.570000,1.850454356,1.569894771,1.794902478,1.231723282,0.837389513,0.122297713,-0.580711645,-0.839118689,0.450591258,2.082310543,2.149175810,-1.005513998,0.000000000,0.000000000,true,0,0
1.580000,1.862742901,1.578227069,1.796147816,1.226020479,0.829106014,0.126753097,-0.559830650,-0.817559734,0.440460502,2.093286952,2.162024451,-1.020492557,0.000000000,0.000000000,true,0,0
1.590000,1.874975464,1.586477612,1.797437200,1.220526975,0.821038688,0.131106438,-0.538857935,-0.795890015,0.430184301,2.100654662,2.171328652,-1.034603027,0.000000000,0.000000000,true,0,0
1.600000,1.887154141,1.594648567,1.798769600,1.215243506,0.813188465,0.135356327,-0.517829586,-0.774144976,0.419771335,2.104413672,2.177088412,-1.047845408,0.000000000,0.000000000,true,0,0
1.610000,1.899281035,1.602742107,1.800143977,1.210170448,0.805555921,0.139501438,-0.496781690,-0.752360062,0.409230286,2.104563982,2.179303732,-1.060219700,0.000000000,0.000000000,true,0,0
1.620000,1.911358251,1.610760411,1.801559276,1.205307817,0.798141278,0.143540535,-0.475750335,-0.730570716,0.398569835,2.101105592,2.177974611,-1.071725902,0.000000000,0.000000000,true,0,0
1.630000,1.923387892,1.618705658,1.803014430,1.200655266,0.790944403,0.147472466,-0.454771607,-0.708812384,0.387798662,2.094038503,2.173101049,-1.082364016,0.000000000,0.000000000,true,0,0
1.640000,1.935372055,1.626580024,1.804508364,1.196212089,0.783964809,0.151296168,-0.433881594,-0.687120510,0.376925448,2.083362714,2.164683047,-1.092134040,0.000000000,0.000000000,true,0,0
1.650000,1.947312828,1.634385676,1.806039990,1.191977218,0.777201654,0.155010663,-0.413116382,-0.665530538,0.365958875,2.069078225,2.152720604,-1.101035976,0.000000000,0.000000000,true,0,0
1.660000,1.959212289,1.642124774,1.807608210,1.187949225,0.770653740,0.158615063,-0.392512058,-0.644077913,0.354907622,2.051185037,2.137213720,-1.109069822,0.000000000,0.000000000,true,0,0
1.670000,1.971072496,1.649799463,1.809211921,1.184126321,0.764319519,0.162108563,-0.372104710,-0.622798078,0.343780372,2.029683149,2.118162396,-1.116235579,0.000000000,0.000000000,true,0,0
1.680000,1.982895492,1.657411871,1.810850010,1.180506354,0.758197085,0.165490446,-0.351930424,-0.601726480,0.332585804,2.004572561,2.095566631,-1.122533247,0.000000000,0.000000000,true,0,0
1.690000,1.994683292,1.664964103,1.812521356,1.177086815,0.752284177,0.168760083,-0.332025288,-0.580898561,0.321332601,1.975853273,2.069426426,-1.127962825,0.000000000,0.000000000,true,0,0
1.700000,2.006437886,1.672458244,1.814224835,1.173864831,0.746578183,0.171916931,-0.312425388,-0.560349766,0.310029442,1.943525286,2.039741780,-1.132524315,0.000000000,0.000000000,true,0,0
1.710000,2.018161236,1.679896347,1.815959317,1.170837170,0.741076134,0.174960534,-0.293166811,-0.540115540,0.298685008,1.907588599,2.006512693,-1.136217715,0.000000000,0.000000000,true,0,0
1.720000,2.029855266,1.687280435,1.817723667,1.168000237,0.735774706,0.177890523,-0.274285645,-0.520231327,0.287307981,1.868043213,1.969739166,-1.139043027,0.000000000,0.000000000,true,0,0
1.730000,2.041521863,1.694612498,1.819516748,1.165350078,0.730670222,0.180706614,-0.255817976,-0.500732571,0.275907041,1.824889127,1.929421198,-1.141000249,0.000000000,0.000000000,true,0,0
1.740000,2.053162875,1.701894483,1.821337419,1.162882379,0.725758651,0.183408613,-0.237799891,-0.481654718,0.264490870,1.778126341,1.885558789,-1.142089382,0.000000000,0.000000000,true,0,0
1.750000,2.064780104,1.709128299,1.823184540,1.160592462,0.721035607,0.185996410,-0.220267478,-0.463033210,0.253068147,1.727754855,1.838151940,-1.142310426,0.000000000,0.000000000,true,0,0
1.760000,2.076375300,1.716315808,1.825056967,1.158475290,0.716496348,0.188469983,-0.203256823,-0.444903494,0.241647555,1.673774670,1.787200650,-1.141663381,0.000000000,0.000000000,true,0,0
1.770000,2.087950167,1.723458822,1.826953559,1.156525466,0.712135779,0.190829397,-0.186804014,-0.427301012,0.230237773,1.616185785,1.732704920,-1.140148246,0.000000000,0.000000000,true,0,0
1.780000,2.099506348,1.730559101,1.828873175,1.154737230,0.707948452,0.193074804,-0.170945137,-0.410261210,0.218847483,1.554988201,1.674664748,-1.137765023,0.000000000,0.000000000,true,0,0
1.790000,2.111045430,1.737618349,1.830814676,1.153104463,0.703928561,0.195206441,-0.155716279,-0.393819532,0.207485366,1.490181916,1.613080137,-1.134513710,0.000000000,0.000000000,true,0,0
1.800000,2.122568934,1.744638210,1.832776925,1.151620684,0.700069949,0.197224634,-0.141153527,-0.378011422,0.196160103,1.421766932,1.547951084,-1.130394309,0.000000000,0.000000000,true,0,0
1.810000,2.134078318,1.751620264,1.834758791,1.150279052,0.696366103,0.199129794,-0.127292969,-0.362872325,0.184880374,1.349743249,1.479277591,-1.125406818,0.000000000,0.000000000,true,0,0
1.820000,2.145574965,1.758566025,1.836759146,1.149072364,0.692810155,0.200922422,-0.114170691,-0.348437685,0.173654860,1.274110865,1.407059658,-1.119551238,0.000000000,0.000000000,true,0,0
1.830000,2.157060189,1.765476936,1.838776867,1.147993057,0.689394883,0.202603101,-0.101822781,-0.334742947,0.162492243,1.194869782,1.331297283,-1.112827569,0.000000000,0.000000000,true,0,0
1.840000,2.168535225,1.772354366,1.840810837,1.147033206,0.686112711,0.204172505,-0.090285325,-0.321823554,0.151401202,1.112020000,1.251990469,-1.105235810,0.000000000,0.000000000,true,0,0
1.850000,2.180001224,1.779199607,1.842859948,1.146184528,0.682955709,0.205631393,-0.079594410,-0.309714952,0.140390420,1.025561517,1.169139213,-1.096775963,0.000000000,0.000000000,true,0,0
1.860000,2.191459257,1.786013870,1.844923099,1.145438376,0.679915591,0.206980610,-0.069786123,-0.298452585,0.129468577,0.935494335,1.082743517,-1.087448026,0.000000000,0.000000000,true,0,0
1.870000,2.202910304,1.792798280,1.846999198,1.144785743,0.676983718,0.208221090,-0.060896552,-0.288071897,0.118644353,0.841818453,0.992803380,-1.077252001,0.000000000,0.000000000,true,0,0
1.880000,2.214355252,1.799553875,1.849087162,1.144217262,0.674151096,0.209353852,-0.052961783,-0.278608332,0.107926430,0.744533872,0.899318803,-1.066187886,0.000000000,0.000000000,true,0,0
1.890000,2.225794897,1.806281602,1.851185920,1.143723205,0.671408377,0.210380002,-0.046017904,-0.270097335,0.097323489,0.643640591,0.802289785,-1.054255682,0.000000000,0.000000000,true,0,0
1.900000,2.237229931,1.812982310,1.853294411,1.143293481,0.668745856,0.211300734,-0.040101001,-0.262574351,0.086844210,0.539138610,0.701716326,-1.041455389,0.000000000,0.000000000,true,0,0
1.910000,2.248660946,1.819656753,1.855411587,1.142917641,0.666153478,0.212117327,-0.035247161,-0.256074824,0.076497275,0.431027929,0.597598427,-1.027787007,0.000000000,0.000000000,true,0,0
1.920000,2.260088427,1.826305579,1.857536415,1.142584874,0.663620830,0.212831149,-0.031492471,-0.250634197,0.066291364,0.319308549,0.489936087,-1.013250536,0.000000000,0.000000000,true,0,0
1.930000,2.271512750,1.832929332,1.859667873,1.142284008,0.661137146,0.213443653,-0.028873019,-0.246287917,0.056235158,0.203980469,0.378729306,-0.997845975,0.000000000,0.000000000,true,0,0
1.940000,2.282934176,1.839528448,1.861804955,1.142003509,0.658691306,0.213956380,-0.027424891,-0.243071426,0.046337338,0.085043690,0.263978085,-0.981573326,0.000000000,0.000000000,true,0,0
1.950000,2.294352848,1.846103247,1.863946673,1.141731485,0.656271834,0.214370957,-0.027184174,-0.241020170,0.036606585,-0.037501790,0.145682423,-0.964432587,0.000000000,0.000000000,true,0,0
1.960000,2.305768793,1.852653933,1.866092053,1.141455681,0.653866900,0.214689098,-0.028186955,-0.240169592,0.027051580,-0.163655969,0.023842321,-0.946423759,0.000000000,0.000000000,true,0,0
1.970000,2.317181908,1.859180592,1.868240139,1.141163481,0.651464321,0.214912603,-0.030469322,-0.240555138,0.017681003,-0.293418847,-0.101542222,-0.927546842,0.000000000,0.000000000,true,0,0
1.980000,2.328591964,1.865683186,1.870389996,1.140841909,0.649051559,0.215043362,-0.034067361,-0.242212252,0.008503537,-0.426790425,-0.230471206,-0.907801836,0.000000000,0.000000000,true,0,0
1.990000,2.339998603,1.872161547,1.872540704,1.140477628,0.646615720,0.215083347,-0.039017160,-0.245176377,-0.000472140,-0.563770704,-0.362944630,-0.887188741,0.000000000,0.000000000,true,0,0
2.000000,2.351401329,1.878615379,1.874691367,1.140056939,0.644143556,0.215034620,-0.045354804,-0.249482959,-0.009237345,-0.704359681,-0.498962495,-0.865707557,0.000000000,0.000000000,true,0,0
2.010000,2.362799507,1.885044252,1.876841108,1.139565812,0.641621495,0.214899325,-0.053105529,-0.255156349,-0.017785487,-0.845301501,-0.635196971,-0.843985145,0.000000000,0.000000000,true,0,0
2.020000,2.374192364,1.891447597,1.878989072,1.138990179,0.639035940,0.214679628,-0.062251158,-0.262176528,-0.026118333,-0.983340306,-0.768320226,-0.822648367,0.000000000,0.000000000,true,0,0
2.030000,2.385578983,1.897824714,1.881134426,1.138316236,0.636373579,0.214377663,-0.072762659,-0.270512383,-0.034239740,-1.118476095,-0.898332262,-0.801697223,0.000000000,0.000000000,true,0,0
2.040000,2.396958315,1.904174769,1.883276358,1.137530470,0.633621411,0.213995525,-0.084611003,-0.280132802,-0.042153563,-1.250708869,-1.025233078,-0.781131714,0.000000000,0.000000000,true,0,0
2.050000,2.408329176,1.910496801,1.885414076,1.136619657,0.630766745,0.213535271,-0.097767159,-0.291006674,-0.049863659,-1.380038627,-1.149022674,-0.760951838,0.000000000,0.000000000,true,0,0
2.060000,2.419690249,1.916789721,1.887546810,1.135570864,0.627797203,0.212998918,-0.112202099,-0.303102885,-0.057373885,-1.506465370,-1.269701051,-0.741157597,0.000000000,0.000000000,true,0,0
2.070000,2.431040091,1.923052322,1.889673808,1.134371449,0.624700716,0.212388447,-0.127886790,-0.316390324,-0.064688097,-1.629989098,-1.387268208,-0.721748990,0.000000000,0.000000000,true,0,0
2.080000,2.442377134,1.929283273,1.891794338,1.133009059,0.621465529,0.211705797,-0.144792204,-0.330837878,-0.071810150,-1.750609811,-1.501724144,-0.702726017,0.000000000,0.000000000,true,0,0
2.090000,2.453699689,1.935481132,1.893907689,1.131471633,0.618080195,0.210952871,-0.162889310,-0.346414436,-0.078743902,-1.868327508,-1.613068862,-0.684088678,0.000000000,0.000000000,true,0,0
2.100000,2.465005944,1.941644340,1.896013168,1.129747397,0.614533581,0.210131534,-0.182149077,-0.363088885,-0.085493209,-1.983142189,-1.721302359,-0.665836973,0.000000000,0.000000000,true,0,0
2.110000,2.476293976,1.947771230,1.898110098,1.127824872,0.610814862,0.209243609,-0.202542477,-0.380830113,-0.092061927,-2.095053856,-1.826424636,-0.647970902,0.000000000,0.000000000,true,0,0
2.120000,2.487561743,1.953860028,1.900197824,1.125692866,0.606913526,0.208290884,-0.224040478,-0.399607007,-0.098453913,-2.204062507,-1.928435694,-0.630490466,0.000000000,0.000000000,true,0,0
2.130000,2.498807098,1.959908857,1.902275706,1.123340478,0.602819373,0.207275107,-0.246614050,-0.419388456,-0.104673022,-2.310168143,-2.027335532,-0.613395663,0.000000000,0.000000000,true,0,0
2.140000,2.510027783,1.965915740,1.904343122,1.120757096,0.598522512,0.206197987,-0.270234164,-0.440143347,-0.110723112,-2.413370763,-2.123124150,-0.596686495,0.000000000,0.000000000,true,0,0
2.150000,2.521221436,1.971878600,1.906399467,1.117932403,0.594013365,0.205061196,-0.294871789,-0.461840568,-0.116608037,-2.513670368,-2.215801549,-0.580362961,0.000000000,0.000000000,true,0,0
2.160000,2.532385593,1.977795269,1.908444152,1.114856366,0.589282664,0.203866364,-0.320497894,-0.484449007,-0.122331656,-2.611066958,-2.305367727,-0.564425060,0.000000000,0.000000000,true,0,0
2.170000,2.543517693,1.983663485,1.910476606,1.111519246,0.584321451,0.202615087,-0.347083451,-0.507937552,-0.127897824,-2.705560532,-2.391822686,-0.548872794,0.000000000,0.000000000,true,0,0
2.180000,2.554615076,1.989480900,1.912496271,1.107911595,0.579121083,0.201308920,-0.374599428,-0.532275090,-0.133310398,-2.797151091,-2.475166425,-0.533706162,0.000000000,0.000000000,true,0,0
2.190000,2.565674992,1.995245082,1.914502606,1.104024253,0.573673223,0.199949378,-0.403016796,-0.557430510,-0.138573233,-2.885838635,-2.555398945,-0.518925165,0.000000000,0.000000000,true,0,0
2.200000,2.576694599,2.000953513,1.916495085,1.099848352,0.567969850,0.198537941,-0.432306524,-0.583372698,-0.143690186,-2.971623163,-2.632520244,-0.504529801,0.000000000,0.000000000,true,0,0
2.210000,2.587670969,2.006603601,1.918473197,1.095375312,0.562003250,0.197076048,-0.462439583,-0.610070544,-0.148665114,-3.054504676,-2.706530324,-0.490520071,0.000000000,0.000000000,true,0,0
2.220000,2.598601088,2.012192676,1.920436443,1.090596846,0.555766024,0.195565100,-0.493386941,-0.637492934,-0.153501873,-3.134483174,-2.777429184,-0.476895976,0.000000000,0.000000000,true,0,0
2.230000,2.609481861,2.017717996,1.922384340,1.085504955,0.549251080,0.194006458,-0.525119570,-0.665608757,-0.158204319,-3.211558656,-2.845216824,-0.463657514,0.000000000,0.000000000,true,0,0
2.240000,2.620310116,2.023176749,1.924316417,1.080091933,0.542451641,0.192401448,-0.557608438,-0.694386900,-0.162776309,-3.285731123,-2.909893244,-0.450804687,0.000000000,0.000000000,true,0,0
2.250000,2.631082604,2.028566059,1.926232218,1.074350362,0.535361238,0.190751354,-0.590824515,-0.723796251,-0.167221698,-3.357000575,-2.971458445,-0.438337494,0.000000000,0.000000000,true,0,0
2.260000,2.641796005,2.033882984,1.928131298,1.068273116,0.527973716,0.189057423,-0.624738772,-0.753805698,-0.171544344,-3.425367011,-3.029912426,-0.426255935,0.000000000,0.000000000,true,0,0
2.270000,2.652446925,2.039124523,1.930013225,1.061853357,0.520283228,0.187320864,-0.659322179,-0.784384129,-0.175748103,-3.490830432,-3.085255187,-0.414560010,0.000000000,0.000000000,true,0,0
2.280000,2.663031908,2.044287620,1.931877577,1.055084538,0.512284240,0.185542845,-0.694545704,-0.815500431,-0.179836830,-3.553390838,-3.137486728,-0.403249719,0.000000000,0.000000000,true,0,0
2.290000,2.673547431,2.049369162,1.933723947,1.047960406,0.503971530,0.183724498,-0.730380319,-0.847123492,-0.183814382,-3.613048228,-3.186607049,-0.392325062,0.000000000,0.000000000,true,0,0
2.300000,2.683989912,2.054365988,1.935551937,1.040474992,0.495340185,0.181866915,-0.766796992,-0.879222201,-0.187684617,-3.669802603,-3.232616151,-0.381786040,0.000000000,0.000000000,true,0,0
2.310000,2.694355708,2.059274888,1.937361158,1.032622622,0.486385604,0.179971150,-0.803766694,-0.911765445,-0.191451389,-3.723653962,-3.275514033,-0.371632651,0.000000000,0.000000000,true,0,0
2.320000,2.704641123,2.064092608,1.939151236,1.024397911,0.477103498,0.178038219,-0.841260395,-0.944722111,-0.195118555,-3.774602306,-3.315300695,-0.361864897,0.000000000,0.000000000,true,0,0
2.330000,2.714842408,2.068815853,1.940921802,1.015795764,0.467489888,0.176069098,-0.879249064,-0.978061088,-0.198689972,-3.822647635,-3.351976137,-0.352482777,0.000000000,0.000000000,true,0,0
2.340000,2.724955764,2.073441289,1.942672500,1.006811377,0.457541105,0.174064726,-0.917703671,-1.011751263,-0.202169496,-3.867789949,-3.385540360,-0.343486291,0.000000000,0.000000000,true,0,0
2.350000,2.734977346,2.077965547,1.944402982,0.997440235,0.447253795,0.172026002,-0.956595186,-1.045761524,-0.205560983,-3.910029247,-3.415993363,-0.334875439,0.000000000,0.000000000,true,0,0
2.360000,2.744903266,2.082385226,1.946112909,0.987678114,0.436624912,0.169953787,-0.995894579,-1.080060760,-0.208868290,-3.949365530,-3.443335146,-0.326650221,0.000000000,0.000000000,true,0,0
2.370000,2.754729592,2.086696897,1.947801949,0.977521080,0.425651721,0.167848904,-1.035572820,-1.114617857,-0.212095273,-3.985798797,-3.467565709,-0.318810637,0.000000000,0.000000000,true,0,0
2.380000,2.764452359,2.090897105,1.949469780,0.966965491,0.414331799,0.165712136,-1.075600878,-1.149401703,-0.215245788,-4.019329049,-3.488685052,-0.311356687,0.000000000,0.000000000,true,0,0
2.390000,2.774067562,2.094982371,1.951116088,0.956007993,0.402663034,0.163544230,-1.115949724,-1.184381187,-0.218323692,-4.049956286,-3.506693176,-0.304288372,0.000000000,0.000000000,true,0,0
2.400000,2.783571169,2.098949197,1.952740564,0.944645524,0.390643627,0.161345892,-1.156590327,-1.219525196,-0.221332841,-4.077680508,-3.521590080,-0.297605690,0.000000000,0.000000000,true,0,0
2.410000,2.792959114,2.102794069,1.954342907,0.932875311,0.378272086,0.159117789,-1.197493657,-1.254802618,-0.224277092,-4.102501714,-3.533375764,-0.291308643,0.000000000,0.000000000,true,0,0
2.420000,2.802227307,2.106513461,1.955922822,0.920694872,0.365547233,0.156860553,-1.238630685,-1.290182340,-0.227160300,-4.124419905,-3.542050228,-0.285397229,0.000000000,0.000000000,true,0,0
2.430000,2.811371636,2.110103833,1.957480022,0.908102015,0.352468202,0.154574774,-1.279972379,-1.325633252,-0.229986322,-4.143435080,-3.547613472,-0.279871450,0.000000000,0.000000000,true,0,0
2.440000,2.820387967,2.113561642,1.959014224,0.895094839,0.339034435,0.152261005,-1.321489710,-1.361124239,-0.232759014,-4.159547240,-3.550065497,-0.274731305,0.000000000,0.000000000,true,0,0
2.450000,2.829272147,2.116883339,1.960525151,0.881671732,0.325245687,0.149919759,-1.363153647,-1.396624191,-0.235482233,-4.172756385,-3.549406302,-0.269976794,0.000000000,0.000000000,true,0,0
2.460000,2.838020010,2.120065373,1.962012530,0.867831374,0.311102025,0.147551512,-1.404935161,-1.432101994,-0.238159835,-4.183062514,-3.545635887,-0.265607918,0.000000000,0.000000000,true,0,0
2.470000,2.846627380,2.123104197,1.963476093,0.853572734,0.296603825,0.145156701,-1.446805220,-1.467526538,-0.240795677,-4.190465628,-3.538754252,-0.261624675,0.000000000,0.000000000,true,0,0
2.480000,2.855090068,2.125996270,1.964915576,0.838895071,0.281751775,0.142735725,-1.488734796,-1.502866709,-0.243393614,-4.194965727,-3.528761398,-0.258027066,0.000000000,0.000000000,true,0,0
2.490000,2.863403883,2.128738057,1.966330721,0.823797936,0.266546875,0.140288942,-1.530694858,-1.538091395,-0.245957504,-4.196562810,-3.515657324,-0.254815092,0.000000000,0.000000000,true,0,0
2.500000,2.871564628,2.131326036,1.967721270,0.808281169,0.250990436,0.137816675,-1.572656376,-1.573169484,-0.248491202,-4.195256878,-3.499442030,-0.251988752,0.000000000,0.000000000,true,0,0
2.510000,2.879568108,2.133756699,1.969086971,0.792344901,0.235084078,0.135319206,-1.614590319,-1.608069865,-0.250998564,-4.191047931,-3.480115516,-0.249548045,0.000000000,0.000000000,true,0,0
2.520000,2.887410129,2.136026557,1.970427571,0.775989552,0.218829735,0.132796779,-1.656467658,-1.642761424,-0.253483448,-4.183935968,-3.457677782,-0.247492973,0.000000000,0.000000000,true,0,0
2.530000,2.895086504,2.138132141,1.971742824,0.759215833,0.202229649,0.130249599,-1.698259362,-1.677213050,-0.255949709,-4.173920990,-3.432128829,-0.245823535,0.000000000,0.000000000,true,0,0
2.540000,2.902593055,2.140070006,1.973032481,0.742024747,0.185286377,0.127677834,-1.739936401,-1.711393630,-0.258401204,-4.161002997,-3.403468656,-0.244539731,0.000000000,0.000000000,true,0,0
2.550000,2.909925612,2.141836734,1.974296299,0.724417584,0.168002784,0.125081612,-1.781469745,-1.745272052,-0.260841789,-4.145181988,-3.371697263,-0.243641562,0.000000000,0.000000000,true,0,0
2.560000,2.917080025,2.143428938,1.975534032,0.706395927,0.150382047,0.122461022,-1.822830364,-1.778817204,-0.263275321,-4.126457964,-3.336814650,-0.243129026,0.000000000,0.000000000,true,0,0
2.570000,2.924052156,2.144843263,1.976745438,0.687961649,0.132427654,0.119816116,-1.863989228,-1.811997974,-0.265705655,-4.104830925,-3.298820818,-0.243002124,0.000000000,0.000000000,true,0,0
2.580000,2.930837889,2.146076391,1.977930274,0.669116912,0.114143406,0.117146906,-1.904917306,-1.844783250,-0.268136649,-4.080300870,-3.257715766,-0.243260857,0.000000000,0.000000000,true,0,0
2.590000,2.937433134,2.147125045,1.979088295,0.649864169,0.095533411,0.114453368,-1.945585568,-1.877141919,-0.270572158,-4.052867800,-3.213499493,-0.243905224,0.000000000,0.000000000,true,0,0
2.600000,2.943833822,2.147985989,1.980219260,0.630206164,0.076602093,0.111735435,-1.985964985,-1.909042869,-0.273016039,-4.022531715,-3.166172002,-0.244935224,0.000000000,0.000000000,true,0,0
2.610000,2.950035916,2.148656032,1.981322922,0.610145929,0.057354184,0.108993006,-2.026026526,-1.940454988,-0.275472148,-3.989292614,-3.115733290,-0.246350859,0.000000000,0.000000000,true,0,0
2.620000,2.956035411,2.149132034,1.982399038,0.589686790,0.037794727,0.106225939,-2.065741161,-1.971347164,-0.277944341,-3.953150498,-3.062183359,-0.248152128,0.000000000,0.000000000,true,0,0
2.630000,2.961828334,2.149410906,1.983447358,0.568832359,0.017929077,0.103434053,-2.105079859,-2.001688285,-0.280436476,-3.914105366,-3.005522207,-0.250339031,0.000000000,0.000000000,true,0,0
2.640000,2.967410753,2.149489613,1.984467635,0.547586542,-0.002237099,0.100617130,-2.144013591,-2.031447238,-0.282952407,-3.872157220,-2.945749836,-0.252911569,0.000000000,0.000000000,true,0,0
2.650000,2.972778775,2.149365182,1.985459617,0.525953534,-0.022697823,0.097774913,-2.182513327,-2.060592911,-0.285495993,-3.827306057,-2.882866246,-0.255869740,0.000000000,0.000000000,true,0,0
2.660000,2.977928548,2.149034696,1.986423048,0.503937819,-0.043446809,0.094907105,-2.220550036,-2.089094192,-0.288071088,-3.779551880,-2.816871435,-0.259213545,0.000000000,0.000000000,true,0,0
2.670000,2.982856271,2.148495307,1.987357672,0.481544173,-0.064477456,0.092013373,-2.258094688,-2.116919969,-0.290681549,-3.728894687,-2.747765405,-0.262942985,0.000000000,0.000000000,true,0,0
2.680000,2.987558189,2.147744231,1.988263228,0.458777662,-0.085782853,0.089093343,-2.295118253,-2.144039129,-0.293331233,-3.675334479,-2.675548155,-0.267058059,0.000000000,0.000000000,true,0,0
2.690000,2.992030599,2.146778758,1.989139450,0.435643642,-0.107355779,0.086146605,-2.331591700,-2.170420561,-0.296023995,-3.618871255,-2.600219685,-0.271558766,0.000000000,0.000000000,true,0,0
2.700000,2.996269855,2.145596249,1.989986070,0.412147759,-0.129188701,0.083172707,-2.367486001,-2.196033152,-0.298763694,-3.559505017,-2.521779995,-0.276445108,0.000000000,0.000000000,true,0,0
2.710000,3.000272368,2.144194143,1.990802812,0.388295949,-0.151273776,0.080171162,-2.402772124,-2.220845790,-0.301554183,-3.497235762,-2.440229086,-0.281717084,0.000000000,0.000000000,true,0,0
2.720000,3.004034609,2.142569960,1.991589399,0.364094440,-0.173602847,0.077141441,-2.437421040,-2.244827363,-0.304399321,-3.432063493,-2.355566956,-0.287374694,0.000000000,0.000000000,true,0,0
2.730000,3.007553113,2.140721301,1.992345545,0.339549749,-0.196167449,0.074082980,-2.471403717,-2.267946759,-0.307302962,-3.363988208,-2.267793607,-0.293417939,0.000000000,0.000000000,true,0,0
2.740000,3.010824482,2.138645855,1.993070961,0.314668684,-0.218958804,0.070995174,-2.504691127,-2.290172865,-0.310268965,-3.293009908,-2.176909039,-0.299846817,0.000000000,0.000000000,true,0,0
2.750000,3.013845389,2.136341399,1.993765349,0.289458341,-0.241967825,0.067877380,-2.537254239,-2.311474569,-0.313301184,-3.219128592,-2.082913250,-0.306661330,0.000000000,0.000000000,true,0,0
2.760000,3.016612576,2.133805804,1.994428406,0.263926110,-0.265185111,0.064728917,-2.569064022,-2.331820759,-0.316403477,-3.142344261,-1.985806242,-0.313861476,0.000000000,0.000000000,true,0,0
2.770000,3.019122864,2.131037035,1.995059822,0.238079668,-0.288600951,0.061549064,-2.600091447,-2.351180323,-0.319579699,-3.062656915,-1.885588013,-0.321447257,0.000000000,0.000000000,true,0,0
2.780000,3.021373149,2.128033157,1.995659280,0.211926986,-0.312205325,0.058337064,-2.630307484,-2.369522148,-0.322833707,-2.980066553,-1.782258566,-0.329418672,0.000000000,0.000000000,true,0,0
2.790000,3.023360410,2.124792335,1.996226454,0.185476320,-0.335987898,0.055092118,-2.659683102,-2.386815123,-0.326169358,-2.894573176,-1.675817898,-0.337775721,0.000000000,0.000000000,true,0,0
2.800000,3.025081710,2.121312840,1.996761010,0.158736222,-0.359938027,0.051813391,-2.688189270,-2.403028136,-0.329590507,-2.806176784,-1.566266010,-0.346518404,0.000000000,0.000000000,true,0,0
2.810000,3.026534199,2.117593052,1.997262606,0.131715530,-0.384044757,0.048500010,-2.715796960,-2.418130073,-0.333101012,-2.714877376,-1.453602903,-0.355646721,0.000000000,0.000000000,true,0,0
2.820000,3.027715116,2.113631461,1.997730892,0.104423374,-0.408296821,0.045151060,-2.742477141,-2.432089823,-0.336704727,-2.620674954,-1.337828576,-0.365160672,0.000000000,0.000000000,true,0,0
2.830000,3.028621793,2.109426670,1.998165506,0.076869175,-0.432682643,0.041765592,-2.768200783,-2.444876274,-0.340405510,-2.523569515,-1.218943029,-0.375060257,0.000000000,0.000000000,true,0,0
2.840000,3.029251658,2.104977402,1.998566078,0.049062644,-0.457190332,0.038342614,-2.792938855,-2.456458313,-0.344207218,-2.423561062,-1.096946262,-0.385345477,0.000000000,0.000000000,true,0,0
2.850000,3.029602238,2.100282498,1.998932230,0.021013780,-0.481807690,0.034881098,-2.816662327,-2.466804828,-0.348113705,-2.320649593,-0.971838276,-0.396016330,0.000000000,0.000000000,true,0,0
2.860000,3.029671161,2.095340924,1.999263568,-0.007267124,-0.506522207,0.031379978,-2.839342170,-2.475884708,-0.352128830,-2.214835108,-0.843619070,-0.407072818,0.000000000,0.000000000,true,0,0
2.870000,3.029456158,2.090151772,1.999559693,-0.035769488,-0.531321059,0.027838147,-2.860949353,-2.483666839,-0.356256447,-2.106117608,-0.712288644,-0.418514940,0.000000000,0.000000000,true,0,0
2.880000,3.028955069,2.084714265,1.999820192,-0.064482439,-0.556191114,0.024254461,-2.881454845,-2.490120110,-0.360500414,-1.994497093,-0.577846998,-0.430342696,0.000000000,0.000000000,true,0,0
2.890000,3.028165844,2.079027758,2.000044639,-0.093394815,-0.581118928,0.020627738,-2.900829618,-2.495213408,-0.364864587,-1.879973563,-0.440294132,-0.442556086,0.000000000,0.000000000,true,0,0
2.900000,3.027086546,2.073091740,2.000232599,-0.122495165,-0.606090745,0.016956756,-2.919044640,-2.498915622,-0.369352821,-1.762547017,-0.299630047,-0.455155110,0.000000000,0.000000000,true,0,0
2.910000,3.025715353,2.066905843,2.000383623,-0.151771746,-0.631092500,0.013240255,-2.936070882,-2.501195638,-0.373968974,-1.642217456,-0.155854742,-0.468139768,0.000000000,0.000000000,true,0,0
2.920000,3.024050564,2.060469838,2.000497248,-0.181212524,-0.656109814,0.009476937,-2.951879312,-2.502022346,-0.378716902,-1.518984880,-0.008968217,-0.481510061,0.000000000,0.000000000,true,0,0
2.930000,3.022090596,2.053783644,2.000573001,-0.210805176,-0.681127998,0.005665465,-2.966440902,-2.501364632,-0.383600461,-1.392849288,0.141029528,-0.495265987,0.000000000,0.000000000,true,0,0
2.940000,3.019833996,2.046847325,2.000610392,-0.240537089,-0.706132054,0.001804463,-2.979726621,-2.499191384,-0.388623507,-1.263810681,0.294138492,-0.509407548,0.000000000,0.000000000,true,0,0
2.950000,3.017279433,2.039661101,2.000608920,-0.270395359,-0.731106671,-0.002107483,-2.991707439,-2.495471491,-0.393789897,-1.131869058,0.450358676,-0.523934742,0.000000000,0.000000000,true,0,0
2.960000,3.014425711,2.032225342,2.000568068,-0.300366791,-0.756036225,-0.006071826,-3.002354326,-2.490173840,-0.399103488,-0.997024421,0.609690080,-0.538847571,0.000000000,0.000000000,true,0,0
2.970000,3.011271765,2.024540579,2.000487304,-0.330437902,-0.780904785,-0.010090057,-3.011638251,-2.483267319,-0.404568134,-0.859276768,0.772132704,-0.554146034,0.000000000,0.000000000,true,0,0
2.980000,3.007816667,2.016607504,2.000366082,-0.360594916,-0.805696105,-0.014163705,-3.019530185,-2.474720815,-0.410187694,-0.718626099,0.937686548,-0.569830131,0.000000000,0.000000000,true,0,0
2.990000,3.004059628,2.008426970,2.000203840,-0.390823769,-0.830393630,-0.018294340,-3.026001096,-2.464503217,-0.415966022,-0.575072415,1.106351611,-0.585899862,0.000000000,0.000000000,true,0,0
3.000000,3.000000000,2.000000000,2.000000000,-0.421110105,-0.854980495,-0.022483568,-3.031021956,-2.452583412,-0.421906976,-0.428615716,1.278127894,-0.602355228,0.000000000,0.000000000,true,0,0
3.010000,2.995637283,1.991327786,1.999753968,-0.451439298,-0.879439548,-0.026733028,-3.034571852,-2.438941128,-0.428011954,-0.281691472,1.449763614,-0.618458668,0.000000000,0.000000000,true,0,0
3.020000,2.990971120,1.982411692,1.999465133,-0.481796677,-0.903753653,-0.031044325,-3.036662345,-2.423599448,-0.434272518,-0.136735152,1.618006986,-0.633472622,0.000000000,0.000000000,true,0,0
3.030000,2.986001303,1.973253252,1.999132870,-0.512167746,-0.927905986,-0.035418961,-3.037313115,-2.406592296,-0.440677775,0.006253242,1.782858012,-0.647397092,0.000000000,0.000000000,true,0,0
3.040000,2.980727767,1.963854167,1.998756538,-0.542538206,-0.951880060,-0.039858327,-3.036543840,-2.387953596,-0.447216828,0.147273712,1.944316691,-0.660232077,0.000000000,0.000000000,true,0,0
3.050000,2.975150588,1.954216299,1.998335484,-0.572893955,-0.975659732,-0.044363707,-3.034374200,-2.367717270,-0.453878785,0.286326257,2.102383022,-0.671977576,0.000000000,0.000000000,true,0,0
3.060000,2.969269984,1.944341673,1.997869040,-0.603221087,-0.999229194,-0.048936276,-3.030823875,-2.345917243,-0.460652748,0.423410877,2.257057007,-0.682633591,0.000000000,0.000000000,true,0,0
3.070000,2.963086308,1.934232468,1.997356531,-0.633505895,-1.022572978,-0.053577099,-3.025912543,-2.322587438,-0.467527825,0.558527572,2.408338644,-0.692200121,0.000000000,0.000000000,true,0,0
3.080000,2.956600052,1.923891016,1.996797268,-0.663734867,-1.045675956,-0.058287133,-3.019659883,-2.297761778,-0.474493119,0.691676342,2.556227934,-0.700677165,0.000000000,0.000000000,true,0,0
3.090000,2.949811841,1.913319800,1.996190554,-0.693894688,-1.068523340,-0.063067226,-3.012085576,-2.271474187,-0.481537736,0.822857187,2.700724878,-0.708064725,0.000000000,0.000000000,true,0,0
3.100000,2.942722432,1.902521449,1.995535687,-0.723972239,-1.091100680,-0.067918116,-3.003209299,-2.243758588,-0.488650782,0.952070107,2.841829474,-0.714362799,0.000000000,0.000000000,true,0,0
3.110000,2.935332713,1.891498734,1.994831954,-0.753954599,-1.113393865,-0.072840433,-2.993050733,-2.214648905,-0.495821361,1.079315103,2.979541724,-0.719571388,0.000000000,0.000000000,true,0,0
3.120000,2.927643700,1.880254565,1.994078638,-0.783829045,-1.135389124,-0.077834699,-2.981629557,-2.184179062,-0.503038578,1.204592173,3.113861626,-0.723690493,0.000000000,0.000000000,true,0,0
3.130000,2.919656534,1.868791990,1.993275019,-0.813583047,-1.157073025,-0.082901324,-2.968965449,-2.152382981,-0.510291539,1.327901319,3.244789182,-0.726720112,0.000000000,0.000000000,true,0,0
3.140000,2.911372482,1.857114186,1.992420370,-0.843204276,-1.178432476,-0.088040612,-2.955078090,-2.119294586,-0.517569349,1.449242539,3.372324390,-0.728660246,0.000000000,0.000000000,true,0,0
3.150000,2.902792932,1.845224464,1.991513964,-0.872680597,-1.199454722,-0.093252757,-2.939987158,-2.084947801,-0.524861112,1.568615835,3.496467251,-0.729510896,0.000000000,0.000000000,true,0,0
3.160000,2.893919393,1.833126257,1.990555071,-0.902000073,-1.220127350,-0.098537845,-2.923712333,-2.049376548,-0.532155935,1.686021206,3.617217766,-0.729272060,0.000000000,0.000000000,true,0,0
3.170000,2.884753492,1.820823123,1.989542964,-0.931150963,-1.240438285,-0.103895850,-2.906273294,-2.012614753,-0.539442922,1.801458652,3.734575933,-0.727943739,0.000000000,0.000000000,true,0,0
3.180000,2.875296974,1.808318736,1.988476912,-0.960121724,-1.260375790,-0.109326641,-2.887689720,-1.974696338,-0.546711178,1.914928173,3.848541753,-0.725525933,0.000000000,0.000000000,true,0,0
3.190000,2.865551696,1.795616890,1.987356189,-0.988901008,-1.279928469,-0.114829975,-2.867981290,-1.935655226,-0.553949809,2.026429769,3.959115227,-0.722018642,0.000000000,0.000000000,true,0,0
3.200000,2.855519629,1.782721487,1.986180072,-1.017477666,-1.299085265,-0.120405502,-2.847167684,-1.895525341,-0.561147919,2.135963440,4.066296353,-0.717421866,0.000000000,0.000000000,true,0,0
3.210000,2.845202855,1.769636540,1.984947840,-1.045840743,-1.317835460,-0.126052762,-2.825268581,-1.854340607,-0.568294615,2.243529187,4.170085132,-0.711735605,0.000000000,0.000000000,true,0,0
3.220000,2.834603562,1.756366167,1.983658779,-1.073979485,-1.336168674,-0.131771186,-2.802303660,-1.812134946,-0.575379000,2.349127008,4.270481564,-0.704959859,0.000000000,0.000000000,true,0,0
3.230000,2.823724048,1.742914590,1.982312181,-1.101883330,-1.354074869,-0.137560098,-2.778292601,-1.768942283,-0.582390180,2.452756905,4.367485650,-0.697094628,0.000000000,0.000000000,true,0,0
3.240000,2.812566713,1.729286126,1.980907345,-1.129541915,-1.371544343,-0.143418710,-2.753255082,-1.724796541,-0.589317261,2.554418876,4.461097388,-0.688139912,0.000000000,0.000000000,true,0,0
3.250000,2.801134061,1.715485190,1.979443578,-1.156945075,-1.388567736,-0.149346126,-2.727210783,-1.679731643,-0.596149347,2.654112923,4.551316779,-0.678095711,0.000000000,0.000000000,true,0,0
3.260000,2.789428696,1.701516288,1.977920196,-1.184082840,-1.405136025,-0.155341344,-2.700179383,-1.633781513,-0.602875543,2.751839045,4.638143823,-0.666962024,0.000000000,0.000000000,true,0,0
3.270000,2.777453321,1.687384015,1.976336529,-1.210945438,-1.421240528,-0.161403248,-2.672180562,-1.586980075,-0.609484956,2.847597242,4.721578521,-0.654738853,0.000000000,0.000000000,true,0,0
3.280000,2.765210737,1.673093051,1.974691913,-1.237523293,-1.436872902,-0.167530617,-2.643233998,-1.539361251,-0.615966689,2.941387514,4.801620871,-0.641426197,0.000000000,0.000000000,true,0,0
3.290000,2.752703836,1.658648158,1.972985702,-1.263807025,-1.452025142,-0.173722120,-2.613359371,-1.490958965,-0.622309848,3.033209861,4.878270874,-0.627024055,0.000000000,0.000000000,true,0,0
3.300000,2.739935607,1.644054175,1.971217262,-1.289787452,-1.466689583,-0.179976316,-2.582576361,-1.441807141,-0.628503538,3.123064283,4.951528530,-0.611532429,0.000000000,0.000000000,true,0,0
3.310000,2.726909128,1.629316017,1.969385972,-1.315455589,-1.480858899,-0.186291656,-2.550904646,-1.391939702,-0.634536865,3.210950780,5.021393839,-0.594951318,0.000000000,0.000000000,true,0,0
3.320000,2.713627566,1.614438670,1.967491230,-1.340802648,-1.494526105,-0.192666482,-2.518363905,-1.341390572,-0.640398933,3.296869353,5.087866801,-0.577280721,0.000000000,0.000000000,true,0,0
3.330000,2.700094174,1.599427190,1.965532450,-1.365820036,-1.507684552,-0.199099027,-2.484973818,-1.290193674,-0.646078848,3.380820000,5.150947416,-0.558520640,0.000000000,0.000000000,true,0,0
3.340000,2.686312292,1.584286696,1.963509064,-1.390499359,-1.520327932,-0.205587416,-2.450754065,-1.238382931,-0.651565714,3.462802723,5.210635685,-0.538671073,0.000000000,0.000000000,true,0,0
3.350000,2.672285341,1.569022369,1.961420522,-1.414832418,-1.532450277,-0.212129662,-2.415724324,-1.185992268,-0.656848638,3.542817520,5.266931606,-0.517732021,0.000000000,0.000000000,true,0,0
3.360000,2.658016824,1.553639446,1.959266298,-1.438811211,-1.544045957,-0.218723672,-2.379904274,-1.133055607,-0.661916723,3.620864393,5.319835180,-0.495703485,0.000000000,0.000000000,true,0,0
3.370000,2.643510324,1.538143223,1.957045884,-1.462427934,-1.555109682,-0.225367244,-2.343313595,-1.079606872,-0.666759076,3.696943341,5.369346407,-0.472585463,0.000000000,0.000000000,true,0,0
3.380000,2.628769498,1.522539042,1.954758796,-1.485674980,-1.565636501,-0.232058065,-2.305971967,-1.025679987,-0.671364801,3.771054364,5.415465287,-0.448377956,0.000000000,0.000000000,true,0,0
3.390000,2.613798081,1.506832298,1.952404573,-1.508544936,-1.575621801,-0.238793715,-2.267899068,-0.971308874,-0.675723003,3.843197462,5.458191820,-0.423080965,0.000000000,0.000000000,true,0,0
3.400000,2.598599880,1.491028426,1.949982780,-1.531030589,-1.585061311,-0.245571664,-2.229114577,-0.916527458,-0.679822788,3.913372635,5.497526006,-0.396694488,0.000000000,0.000000000,true,0,0
3.410000,2.583178774,1.475132904,1.947493007,-1.553124921,-1.593951096,-0.252389273,-2.189638175,-0.861369662,-0.683653261,3.981579884,5.533467845,-0.369218526,0.000000000,0.000000000,true,0,0
3.420000,2.567538709,1.459151248,1.944934872,-1.574821112,-1.602287562,-0.259243795,-2.149489540,-0.805869409,-0.687203527,4.047819207,5.566017337,-0.340653079,0.000000000,0.000000000,true,0,0
3.430000,2.551683701,1.443089008,1.942308018,-1.596112537,-1.610067456,-0.266132373,-2.108688351,-0.750060623,-0.690462691,4.112090605,5.595174482,-0.310998147,0.000000000,0.000000000,true,0,0
3.440000,2.535617829,1.426951764,1.939612121,-1.616992769,-1.617287860,-0.273052042,-2.067254287,-0.693977227,-0.693419859,4.174394079,5.620939280,-0.280253730,0.000000000,0.000000000,true,0,0
3.450000,2.519345237,1.410745124,1.936846884,-1.637455579,-1.623946198,-0.279999727,-2.025207029,-0.637653145,-0.696064134,4.234729628,5.643311731,-0.248419828,0.000000000,0.000000000,true,0,0
3.460000,2.502870129,1.394474721,1.934012043,-1.657494932,-1.630040233,-0.286972246,-1.982566254,-0.581122301,-0.698384624,4.293097251,5.662291835,-0.215496441,0.000000000,0.000000000,true,0,0
3.470000,2.486196769,1.378146207,1.931107367,-1.677104991,-1.635568068,-0.293966304,-1.939351643,-0.524418617,-0.700370432,4.349496950,5.677879591,-0.181483569,0.000000000,0.000000000,true,0,0
3.480000,2.469329479,1.361765252,1.928132657,-1.696280117,-1.640528143,-0.300978502,-1.895582875,-0.467576017,-0.702010663,4.403928724,5.690075001,-0.146381212,0.000000000,0.000000000,true,0,0
3.490000,2.452272635,1.345337541,1.925087748,-1.715014867,-1.644919238,-0.308005329,-1.851279629,-0.410628424,-0.703294424,4.456392573,5.698878064,-0.110189370,0.000000000,0.000000000,true,0,0
3.500000,2.435030667,1.328868767,1.921972513,-1.733303994,-1.648740474,-0.315043166,-1.806461583,-0.353609763,-0.704210819,4.506888498,5.704288780,-0.072908042,0.000000000,0.000000000,true,0,0
3.510000,2.417608057,1.312364633,1.918786861,-1.751142448,-1.651991310,-0.322088285,-1.761148418,-0.296553957,-0.704748953,4.555416497,5.706307149,-0.034537230,0.000000000,0.000000000,true,0,0
3.520000,2.400009336,1.295830843,1.915530736,-1.768525377,-1.654671543,-0.329136848,-1.715359813,-0.239494928,-0.704897932,4.601976571,5.704933171,0.004923067,0.000000000,0.000000000,true,0,0
3.530000,2.382239083,1.279273104,1.912204125,-1.785448125,-1.656781310,-0.336184910,-1.669115447,-0.182466601,-0.704646860,4.646568721,5.700166846,0.045472850,0.000000000,0.000000000,true,0,0
3.540000,2.364301923,1.262697117,1.908807053,-1.801906233,-1.658321090,-0.343228415,-1.622434999,-0.125502899,-0.703984843,4.689192945,5.692008173,0.087112117,0.000000000,0.000000000,true,0,0
3.550000,2.346202522,1.246108579,1.905339586,-1.817895437,-1.659291697,-0.350263201,-1.575338148,-0.068637745,-0.702900986,4.729849245,5.680457154,0.129840869,0.000000000,0.000000000,true,0,0
3.560000,2.327945591,1.229513176,1.901801832,-1.833411673,-1.659694286,-0.357284993,-1.527844573,-0.011905064,-0.701384394,4.768537619,5.665513788,0.173659107,0.000000000,0.000000000,true,0,0
3.570000,2.309535878,1.212916582,1.898193944,-1.848451072,-1.659530353,-0.364289410,-1.479973955,0.044661223,-0.699424173,4.805258069,5.647178075,0.218566829,0.000000000,0.000000000,true,0,0
3.580000,2.290978171,1.196324452,1.894516117,-1.863009961,-1.658801730,-0.371271961,-1.431745972,0.101027190,-0.697009426,4.840010594,5.625450015,0.264564037,0.000000000,0.000000000,true,0,0
3.590000,2.272277292,1.179742422,1.890768593,-1.877084866,-1.657510590,-0.378228047,-1.383180303,0.157158915,-0.694129260,4.872795194,5.600329607,0.311650730,0.000000000,0.000000000,true,0,0
3.600000,2.253438098,1.163176106,1.886951660,-1.890672507,-1.655659445,-0.385152959,-1.334296628,0.213022474,-0.690772780,4.903611869,5.571816853,0.359826907,0.000000000,0.000000000,true,0,0
3.610000,2.234465476,1.146631091,1.883065654,-1.903769804,-1.653251147,-0.392041878,-1.285114625,0.268583944,-0.686929091,4.932460620,5.539911752,0.409092570,0.000000000,0.000000000,true,0,0
3.620000,2.215364346,1.130112930,1.879110959,-1.916373871,-1.650288886,-0.398889880,-1.235653975,0.323809402,-0.682587297,4.959341445,5.504614303,0.459447718,0.000000000,0.000000000,true,0,0
3.630000,2.196139652,1.113627148,1.875088009,-1.928482020,-1.646776192,-0.405691928,-1.185934356,0.378664923,-0.677736505,4.984254345,5.465924508,0.510892350,0.000000000,0.000000000,true,0,0
3.640000,2.176796367,1.097179228,1.870997291,-1.940091760,-1.642716934,-0.412442877,-1.135975448,0.433116584,-0.672365818,5.007199321,5.423842366,0.563426468,0.000000000,0.000000000,true,0,0
3.650000,2.157339486,1.080774617,1.866839340,-1.951200797,-1.638115320,-0.419137475,-1.085796929,0.487130462,-0.666464344,5.028176371,5.378367876,0.617050071,0.000000000,0.000000000,true,0,0
3.660000,2.137774027,1.064418715,1.862614747,-1.961807033,-1.632975897,-0.425770358,-1.035418480,0.540672634,-0.660021185,5.047185497,5.329501040,0.671763159,0.000000000,0.000000000,true,0,0
3.670000,2.118105028,1.048116875,1.858324157,-1.971908566,-1.627303553,-0.432336057,-0.984859779,0.593709175,-0.653025449,5.064226698,5.277241857,0.727565732,0.000000000,0.000000000,true,0,0
3.680000,2.098337544,1.031874402,1.853968268,-1.981503693,-1.621103512,-0.438828989,-0.934140506,0.646206163,-0.645466239,5.079299974,5.221590326,0.784457790,0.000000000,0.000000000,true,0,0
3.690000,2.078476647,1.015696546,1.849547838,-1.990590906,-1.614381341,-0.445243467,-0.883280340,0.698129674,-0.637332661,5.092405325,5.162546449,0.842439333,0.000000000,0.000000000,true,0,0
3.700000,2.058527423,0.999588496,1.845063680,-1.999168896,-1.607142944,-0.451573691,-0.832298959,0.749445784,-0.628613821,5.103542751,5.100110225,0.901510361,0.000000000,0.000000000,true,0,0
3.710000,2.038494970,0.983555387,1.840516665,-2.007236547,-1.599394563,-0.457813756,-0.781216044,0.800120570,-0.619298823,5.112712252,5.034281653,0.961670874,0.000000000,0.000000000,true,0,0
3.720000,2.018384396,0.967602283,1.835907725,-2.014792944,-1.591142783,-0.463957644,-0.730051274,0.850120109,-0.609376772,5.119913828,4.965060735,1.022920872,0.000000000,0.000000000,true,0,0
3.730000,1.998200818,0.951734186,1.831237853,-2.021837365,-1.582394525,-0.469999232,-0.678824327,0.899410477,-0.598836774,5.125147480,4.892447469,1.085260355,0.000000000,0.000000000,true,0,0
3.740000,1.977949357,0.935956024,1.826508102,-2.028369289,-1.573157050,-0.475932284,-0.627554884,0.947957751,-0.587667933,5.128413206,4.816441857,1.148689324,0.000000000,0.000000000,true,0,0
3.750000,1.957635141,0.920272650,1.821719590,-2.034388387,-1.563437960,-0.481750458,-0.576262623,0.995728007,-0.575859355,5.129711008,4.737043897,1.213207777,0.000000000,0.000000000,true,0,0
3.760000,1.937263299,0.904688843,1.816873498,-2.039894531,-1.553245193,-0.487447302,-0.524967224,1.042687321,-0.563400146,5.129040885,4.654253591,1.278815715,0.000000000,0.000000000,true,0,0
3.770000,1.916838960,0.889209298,1.811971071,-2.044887787,-1.542587030,-0.493016256,-0.473688365,1.088801771,-0.550279410,5.126402836,4.568070937,1.345513139,0.000000000,0.000000000,true,0,0
3.780000,1.896367252,0.873838625,1.807013621,-2.049368419,-1.531472087,-0.498450649,-0.422445727,1.134037432,-0.536486252,5.121796863,4.478495937,1.413300047,0.000000000,0.000000000,true,0,0
3.790000,1.875853299,0.858581349,1.802002529,-2.053336887,-1.519909323,-0.503743703,-0.371258988,1.178360381,-0.522009777,5.115222965,4.385528589,1.482176440,0.000000000,0.000000000,true,0,0
3.800000,1.855302220,0.843441901,1.796939241,-2.056793850,-1.507908035,-0.508888530,-0.320147827,1.221736696,-0.506839091,5.106681142,4.289168895,1.552142319,0.000000000,0.000000000,true,0,0
3.810000,1.834719124,0.828424618,1.791825275,-2.059740161,-1.495477858,-0.513878134,-0.269131924,1.264132452,-0.490963299,5.096171394,4.189416853,1.623197682,0.000000000,0.000000000,true,0,0
3.820000,1.814109115,0.813533740,1.786662219,-2.062176872,-1.482628768,-0.518705410,-0.218230959,1.305513725,-0.474371506,5.083693722,4.086272464,1.695342531,0.000000000,0.000000000,true,0,0
3.830000,1.793477282,0.798773405,1.781451732,-2.064105229,-1.469371078,-0.523363142,-0.167464610,1.345846593,-0.457052817,5.069248124,3.979735729,1.768576865,0.000000000,0.000000000,true,0,0
3.840000,1.772828700,0.784147645,1.776195546,-2.065526678,-1.455715444,-0.527844007,-0.116852556,1.385097132,-0.438996337,5.052834601,3.869806646,1.842900683,0.000000000,0.000000000,true,0,0
3.850000,1.752168432,0.769660386,1.770895467,-2.066442860,-1.441672856,-0.532140573,-0.066414478,1.423231418,-0.420191171,5.034453154,3.756485217,1.918313987,0.000000000,0.000000000,true,0,0
3.860000,1.731501521,0.755315440,1.765553374,-2.066855613,-1.427254649,-0.536245298,-0.016170053,1.460215528,-0.400626426,5.014103782,3.639771440,1.994816776,0.000000000,0.000000000,true,0,0
3.870000,1.710832991,0.741116506,1.760171226,-2.066766973,-1.412472493,-0.540150533,0.033861038,1.496015539,-0.380291204,4.991786484,3.519665316,2.072409049,0.000000000,0.000000000,true,0,0
3.880000,1.690167846,0.727067163,1.754751054,-2.066179169,-1.397338398,-0.543848518,0.083659117,1.530597527,-0.359174613,4.967501262,3.396166846,2.151090808,0.000000000,0.000000000,true,0,0
3.890000,1.669511064,0.713170870,1.749294972,-2.065094633,-1.381864716,-0.547331384,0.133204504,1.563927568,-0.337265757,4.941248115,3.269276028,2.230862052,0.000000000,0.000000000,true,0,0
3.900000,1.648867600,0.699430959,1.743805170,-2.063515987,-1.366064133,-0.550591156,0.182477520,1.595971740,-0.314553740,4.913027043,3.138992863,2.311722781,0.000000000,0.000000000,true,0,0
3.910000,1.628242382,0.685850633,1.738283920,-2.061446056,-1.349949680,-0.553619746,0.231458485,1.626696118,-0.291027669,4.882838046,3.005317352,2.393672995,0.000000000,0.000000000,true,0,0
3.920000,1.607640306,0.672432967,1.732733573,-2.058887857,-1.333534723,-0.556408959,0.280127721,1.656066779,-0.266676649,4.850681125,2.868249493,2.476712694,0.000000000,0.000000000,true,0,0
3.930000,1.587066241,0.659180895,1.727156566,-2.055844606,-1.316832970,-0.558950492,0.328465548,1.684049800,-0.241489784,4.816556278,2.727789287,2.560841878,0.000000000,0.000000000,true,0,0
3.940000,1.566525020,0.646097216,1.721555417,-2.052319716,-1.299858466,-0.561235932,0.376452287,1.710611257,-0.215456180,4.780463506,2.583936734,2.646060547,0.000000000,0.000000000,true,0,0
3.950000,1.546021440,0.633184587,1.715932730,-2.048316796,-1.282625596,-0.563256757,0.424068258,1.735717227,-0.188564941,4.742402810,2.436691835,2.732368701,0.000000000,0.000000000,true,0,0
3.960000,1.525560265,0.620445517,1.710291193,-2.043839652,-1.265149086,-0.565004336,0.471293783,1.759333786,-0.160805174,4.702374189,2.286054588,2.819766340,0.000000000,0.000000000,true,0,0
3.970000,1.505146215,0.607882367,1.704633583,-2.038892287,-1.247443998,-0.566469929,0.518109182,1.781427010,-0.132165983,4.660377642,2.132024994,2.908253464,0.000000000,0.000000000,true,0,0
3.980000,1.484783972,0.595497347,1.698962764,-2.033478901,-1.229525737,-0.567644688,0.564494776,1.801962978,-0.102636473,4.616413171,1.974603053,2.997830074,0.000000000,0.000000000,true,0,0
3.990000,1.464478176,0.583292511,1.693281688,-2.027603890,-1.211410043,-0.568519655,0.610430886,1.820907764,-0.072205750,4.570480775,1.813788765,3.088496168,0.000000000,0.000000000,true,0,0
4.000000,1.444233418,0.571269751,1.687593400,-2.021271848,-1.193112998,-0.569085763,0.655897832,1.838227445,-0.040862918,4.522580454,1.649582131,3.180251747,0.000000000,0.000000000,true,0,0
4.010000,1.424054246,0.559430800,1.681901033,-2.014487560,-1.174650999,-0.569333858,0.700877152,1.853898233,-0.008605609,4.473077301,1.485023616,3.270538930,0.000000000,0.000000000,true,0,0
4.020000,1.403945158,0.547777226,1.676207813,-2.007255975,-1.156040474,-0.569254932,0.745355252,1.867936879,0.024534440,4.422336410,1.323153689,3.356799833,0.000000000,0.000000000,true,0,0
4.030000,1.383910601,0.536310432,1.670517053,-1.999582167,-1.137297612,-0.568840361,0.789319754,1.880370269,0.058516966,4.370357780,1.163972350,3.439034458,0.000000000,0.000000000,true,0,0
4.040000,1.363954971,0.525031662,1.664832152,-1.991471333,-1.118438330,-0.568081919,0.832758282,1.891225288,0.093301708,4.317141412,1.007479598,3.517242804,0.000000000,0.000000000,true,0,0
4.050000,1.344082613,0.513942001,1.659156587,-1.982928796,-1.099478278,-0.566971787,0.875658457,1.900528823,0.128848401,4.262687305,0.853675434,3.591424871,0.000000000,0.000000000,true,0,0
4.060000,1.324297816,0.503042381,1.653493913,-1.973960000,-1.080432836,-0.565502545,0.918007902,1.908307759,0.165116784,4.206995460,0.702559858,3.661580659,0.000000000,0.000000000,true,0,0
4.070000,1.304604815,0.492333579,1.647847757,-1.964570515,-1.061317115,-0.563667180,0.959794240,1.914588982,0.202066594,4.150065876,0.554132869,3.727710169,0.000000000,0.000000000,true,0,0
4.080000,1.285007789,0.481816223,1.642221812,-1.954766033,-1.042145959,-0.561459076,1.001005094,1.919399378,0.239657567,4.091898554,0.408394468,3.789813400,0.000000000,0.000000000,true,0,0
4.090000,1.265510859,0.471490796,1.636619838,-1.944552373,-1.022933941,-0.558872025,1.041628086,1.922765833,0.277849441,4.032493493,0.265344654,3.847890351,0.000000000,0.000000000,true,0,0
4.100000,1.246118086,0.461357633,1.631045654,-1.933935473,-1.003695366,-0.555900219,1.081650838,1.924715233,0.316601953,3.971850694,0.124983429,3.901941024,0.000000000,0.000000000,true,0,0
4.110000,1.226833473,0.451416930,1.625503135,-1.922921398,-0.984444270,-0.552538252,1.121060974,1.925274464,0.355874840,3.909970156,-0.012689210,3.951965419,0.000000000,0.000000000,true,0,0
4.120000,1.207660961,0.441668743,1.619996207,-1.911516336,-0.965194421,-0.548781122,1.159846115,1.924470411,0.395627840,3.846851880,-0.147673260,3.997963534,0.000000000,0.000000000,true,0,0
4.130000,1.188604429,0.432112993,1.614528845,-1.899726600,-0.945959316,-0.544624229,1.197993886,1.922329961,0.435820690,3.782495865,-0.279968723,4.039935370,0.000000000,0.000000000,true,0,0
4.140000,1.169667690,0.422749464,1.609105069,-1.887558624,-0.926752186,-0.540063376,1.235491907,1.918879999,0.476413127,3.716902112,-0.409575598,4.077880928,0.000000000,0.000000000,true,0,0
4.150000,1.150854495,0.413577812,1.603728937,-1.875018969,-0.907585992,-0.535094768,1.272327802,1.914147411,0.517364888,3.650070620,-0.536493886,4.111800207,0.000000000,0.000000000,true,0,0
4.160000,1.132168527,0.404597565,1.598404544,-1.862114317,-0.888473424,-0.529715015,1.308489193,1.908159083,0.558635710,3.582001389,-0.660723586,4.141693207,0.000000000,0.000000000,true,0,0
4.170000,1.113613403,0.395808124,1.593136017,-1.848851475,-0.869426906,-0.523921125,1.343963704,1.900941901,0.600185331,3.512694420,-0.782264699,4.167559928,0.000000000,0.000000000,true,0,0
4.180000,1.095192669,0.387208766,1.587927510,-1.835237374,-0.850458593,-0.517710513,1.378738956,1.892522751,0.641973488,3.442149713,-0.901117223,4.189400371,0.000000000,0.000000000,true,0,0
4.190000,1.076909803,0.378798652,1.582783203,-1.821279068,-0.831580368,-0.511080994,1.412802572,1.882928518,0.683959917,3.370367267,-1.017281161,4.207214534,0.000000000,0.000000000,true,0,0
4.200000,1.058768211,0.370576820,1.577707293,-1.806983736,-0.812803850,-0.504030788,1.446142176,1.872186090,0.726104357,3.297347083,-1.130756510,4.221002419,0.000000000,0.000000000,true,0,0
4.210000,1.040771227,0.362542198,1.572703994,-1.792358679,-0.794140384,-0.496558515,1.478745388,1.860322350,0.768366545,3.223089160,-1.241543272,4.230764025,0.000000000,0.000000000,true,0,0
4.220000,1.022922112,0.354693599,1.567777533,-1.777411324,-0.775601051,-0.488663199,1.510599833,1.847364186,0.810706217,3.147593498,-1.349641446,4.236499352,0.000000000,0.000000000,true,0,0
4.230000,1.005224050,0.347029727,1.562932142,-1.762149219,-0.757196659,-0.480344266,1.541693132,1.833338483,0.853083111,3.070860098,-1.455051033,4.238208400,0.000000000,0.000000000,true,0,0
4.240000,0.987680151,0.339549180,1.558172060,-1.746580039,-0.738937750,-0.471601546,1.572012909,1.818272127,0.895456964,2.992888960,-1.557772032,4.235891170,0.000000000,0.000000000,true,0,0
4.250000,0.970293447,0.332250453,1.553501523,-1.730711581,-0.720834595,-0.462435271,1.601546786,1.802192005,0.937787513,2.913680083,-1.657804443,4.229547660,0.000000000,0.000000000,true,0,0
4.260000,0.953066890,0.325131936,1.548924764,-1.714551765,-0.702897199,-0.452846075,1.630282385,1.785125001,0.980034496,2.833233467,-1.755148267,4.219177872,0.000000000,0.000000000,true,0,0
4.270000,0.936003356,0.318191924,1.544446008,-1.698108635,-0.685135295,-0.442834994,1.658207329,1.767098001,1.022157650,2.751549113,-1.849803503,4.204781805,0.000000000,0.000000000,true,0,0
4.280000,0.919105635,0.311428613,1.540069466,-1.681390361,-0.667558350,-0.432403469,1.685309241,1.748137892,1.064116711,2.668627021,-1.941770152,4.186359459,0.000000000,0.000000000,true,0,0
4.290000,0.902376438,0.304840109,1.535799334,-1.664405235,-0.650175558,-0.421553341,1.711575744,1.728271560,1.105871418,2.584467189,-2.031048213,4.163910835,0.000000000,0.000000000,true,0,0
4.300000,0.885818392,0.298424425,1.531639787,-1.647161673,-0.632995850,-0.410286856,1.736994459,1.707525890,1.147381507,2.499069620,-2.117637686,4.137435931,0.000000000,0.000000000,true,0,0
4.310000,0.869434038,0.292179487,1.527594976,-1.629668213,-0.616027882,-0.398606660,1.761553011,1.685927768,1.188606716,2.412434312,-2.201538572,4.106934749,0.000000000,0.000000000,true,0,0
4.320000,0.853225831,0.286103134,1.523669023,-1.611933521,-0.599280046,-0.386515805,1.785239020,1.663504081,1.229506781,2.324561265,-2.282750870,4.072407288,0.000000000,0.000000000,true,0,0
4.330000,0.837196142,0.280193125,1.519866017,-1.593966383,-0.582760463,-0.374017743,1.808040110,1.640281713,1.270041441,2.235450480,-2.361274580,4.033853548,0.000000000,0.000000000,true,0,0
4.340000,0.821347249,0.274447138,1.516190013,-1.575775710,-0.566476984,-0.361116329,1.829943904,1.616287551,1.310170431,2.145101956,-2.437109703,3.991273529,0.000000000,0.000000000,true,0,0
4.350000,0.805681343,0.268862773,1.512645021,-1.557370537,-0.550437195,-0.347815821,1.850938023,1.591548481,1.349853490,2.053515694,-2.510256238,3.944667231,0.000000000,0.000000000,true,0,0
4.360000,0.790200523,0.263437557,1.509235011,-1.538760023,-0.534648408,-0.334120879,1.871010092,1.566091388,1.389050355,1.960691694,-2.580714185,3.894034655,0.000000000,0.000000000,true,0,0
4.370000,0.774906796,0.258168944,1.505963901,-1.519953450,-0.519117671,-0.320036568,1.890147732,1.539943159,1.427720762,1.866629954,-2.648483545,3.839375800,0.000000000,0.000000000,true,0,0
4.380000,0.759802076,0.253054321,1.502835559,-1.500960224,-0.503851759,-0.305568353,1.908338565,1.513130679,1.465824450,1.771330477,-2.713564317,3.780690665,0.000000000,0.000000000,true,0,0
4.390000,0.744888182,0.248091005,1.499853795,-1.481789876,-0.488857182,-0.290722103,1.925570215,1.485680835,1.503321155,1.674793261,-2.775956502,3.717979252,0.000000000,0.000000000,true,0,0
4.400000,0.730166837,0.243276252,1.497022356,-1.462452058,-0.474140177,-0.275504088,1.941830305,1.457620511,1.540170614,1.577018306,-2.835660099,3.651241561,0.000000000,0.000000000,true,0,0
4.410000,0.715639666,0.238607256,1.494344930,-1.442956549,-0.459706717,-0.259920982,1.957106456,1.428976595,1.576332565,1.478005613,-2.892675108,3.580477590,0.000000000,0.000000000,true,0,0
4.420000,0.701308198,0.234081153,1.491825130,-1.423313250,-0.445562501,-0.243979862,1.971386291,1.399775971,1.611766745,1.377755181,-2.947001530,3.505687341,0.000000000,0.000000000,true,0,0
4.430000,0.687173861,0.229695024,1.489466501,-1.403532186,-0.431712963,-0.227688207,1.984657433,1.370045526,1.646432891,1.276267011,-2.998639364,3.426870813,0.000000000,0.000000000,true,0,0
4.440000,0.673237980,0.225445895,1.487272508,-1.383623505,-0.418163267,-0.211053899,1.996907505,1.339812146,1.680290740,1.173541102,-3.047588610,3.344028005,0.000000000,0.000000000,true,0,0
4.450000,0.659501782,0.221330743,1.485246538,-1.363597481,-0.404918307,-0.194085221,2.008124130,1.309102716,1.713300030,1.069577455,-3.093849269,3.257158920,0.000000000,0.000000000,true,0,0
4.460000,0.645966387,0.217346497,1.483391890,-1.343464509,-0.391982710,-0.176790861,2.018294929,1.277944122,1.745420498,0.964376069,-3.137421340,3.166263555,0.000000000,0.000000000,true,0,0
4.470000,0.632632813,0.213490043,1.481711776,-1.323235109,-0.379360833,-0.159179908,2.027407525,1.246363251,1.776611880,0.857936945,-3.178304824,3.071341911,0.000000000,0.000000000,true,0,0
4.480000,0.619501971,0.209758221,1.480209315,-1.302919927,-0.367056763,-0.141261854,2.035449542,1.214386988,1.806833915,0.750260082,-3.216499719,2.972393989,0.000000000,0.000000000,true,0,0
4.490000,0.606574664,0.206147835,1.478887529,-1.282529728,-0.355074321,-0.123046595,2.042408601,1.182042219,1.836046339,0.641345480,-3.252006028,2.869419788,0.000000000,0.000000000,true,0,0
4.500000,0.593851590,0.202655651,1.477749340,-1.262075406,-0.343417057,-0.104544427,2.048272326,1.149355829,1.864208890,0.531193141,-3.284823748,2.762419308,0.000000000,0.000000000,true,0,0
4.510000,0.581333333,0.199278399,1.476797562,-1.241567974,-0.332088254,-0.085766051,2.053028338,1.116354706,1.891281304,0.419803062,-3.314952881,2.651392549,0.000000000,0.000000000,true,0,0
4.520000,0.569020370,0.196012781,1.476034902,-1.221018573,-0.321090923,-0.066722569,2.056664261,1.083065734,1.917223320,0.307175245,-3.342393427,2.536339511,0.000000000,0.000000000,true,0,0
4.530000,0.556913064,0.192855467,1.475463956,-1.200438464,-0.310427809,-0.047425487,2.059167717,1.049515799,1.941994674,0.193309690,-3.367145384,2.417260195,0.000000000,0.000000000,true,0,0
4.540000,0.545011665,0.189803102,1.475087198,-1.179839034,-0.300101387,-0.027886712,2.060526329,1.015731788,1.965555103,0.078206396,-3.389208754,2.294154600,0.000000000,0.000000000,true,0,0
4.550000,0.533316310,0.186852309,1.474906986,-1.159231795,-0.290113864,-0.008118555,2.060727719,0.981740586,1.987864345,-0.038134636,-3.408583537,2.167022726,0.000000000,0.000000000,true,0,0
4.560000,0.521827017,0.183999689,1.474925549,-1.138628379,-0.280467176,0.011866270,2.059759511,0.947569079,2.008882137,-0.155713407,-3.425269732,2.035864573,0.000000000,0.000000000,true,0,0
4.570000,0.510543690,0.181241824,1.475144990,-1.118040544,-0.271162994,0.032054648,2.057609325,0.913244153,2.028568215,-0.274529917,-3.439267339,1.900680141,0.000000000,0.000000000,true,0,0
4.580000,0.499466114,0.178575283,1.475567276,-1.097480173,-0.262202715,0.052433061,2.054264786,0.878792694,2.046882318,-0.394584165,-3.450576359,1.761469430,0.000000000,0.000000000,true,0,0
4.590000,0.488593955,0.175996620,1.476194238,-1.076959271,-0.253587472,0.072987587,2.049713516,0.844241588,2.063784183,-0.515876151,-3.459196790,1.618232441,0.000000000,0.000000000,true,0,0
4.600000,0.477926757,0.173502380,1.477027567,-1.056489967,-0.245318126,0.093703903,2.043943138,0.809617720,2.079233546,-0.638405876,-3.465128635,1.470969173,0.000000000,0.000000000,true,0,0
4.610000,0.467463943,0.171089102,1.478068807,-1.036084513,-0.237395270,0.114567282,2.036941273,0.774947977,2.093190146,-0.762173340,-3.468371891,1.319679625,0.000000000,0.000000000,true,0,0
4.620000,0.457204813,0.168753319,1.479319352,-1.015755288,-0.229819230,0.135562596,2.028695545,0.740259244,2.105613718,-0.887178542,-3.468926561,1.164363800,0.000000000,0.000000000,true,0,0
4.630000,0.447148541,0.166491561,1.480780447,-0.995514790,-0.222590059,0.156674312,2.019193576,0.705578408,2.116464001,-1.013421482,-3.466792642,1.005021695,0.000000000,0.000000000,true,0,0
4.640000,0.437294179,0.164300362,1.482453174,-0.975375645,-0.215707546,0.177886497,2.008422990,0.670932354,2.125700731,-1.140902161,-3.461970136,0.841653311,0.000000000,0.000000000,true,0,0
4.650000,0.427640648,0.162176256,1.484338457,-0.955350600,-0.209171206,0.199182814,1.996371407,0.636347967,2.133283646,-1.269620579,-3.454459042,0.674258649,0.000000000,0.000000000,true,0,0
4.660000,0.418186744,0.160115786,1.486437055,-0.935452528,-0.202980291,0.220546523,1.983026452,0.601852135,2.139172483,-1.399576735,-3.444259360,0.502837708,0.000000000,0.000000000,true,0,0
4.670000,0.408931131,0.158115502,1.488749555,-0.915694424,-0.197133779,0.241960483,1.968375747,0.567471742,2.143326979,-1.530770629,-3.431371091,0.327390488,0.000000000,0.000000000,true,0,0
4.680000,0.399872345,0.156171967,1.491276373,-0.896089407,-0.191630382,0.263407148,1.952406914,0.533233675,2.145706872,-1.663202262,-3.415794235,0.147916989,0.000000000,0.000000000,true,0,0
4.690000,0.391008789,0.154281756,1.494017747,-0.876650720,-0.186468541,0.284868571,1.935107576,0.499164819,2.146271898,-1.796871634,-3.397528790,-0.035582789,0.000000000,0.000000000,true,0,0
4.700000,0.382338732,0.152441464,1.496973733,-0.857391731,-0.181646432,0.306326402,1.916465355,0.465292061,2.144981795,-1.931778744,-3.376574758,-0.223108845,0.000000000,0.000000000,true,0,0
4.710000,0.373860310,0.150647702,1.500144201,-0.838325931,-0.177161957,0.327761888,1.896467875,0.431642286,2.141796300,-2.067923593,-3.352932139,-0.414661181,0.000000000,0.000000000,true,0,0
4.720000,0.365571524,0.148897107,1.503528832,-0.819466933,-0.173012753,0.349155876,1.875102758,0.398242380,2.136675151,-2.205306180,-3.326600931,-0.610239795,0.000000000,0.000000000,true,0,0
4.730000,0.357470236,0.147186338,1.507127115,-0.800828476,-0.169196187,0.370488805,1.852357626,0.365119229,2.129578083,-2.343926505,-3.297581137,-0.809844688,0.000000000,0.000000000,true,0,0
4.740000,0.349554173,0.145512084,1.510938338,-0.782424421,-0.165709356,0.391740717,1.828220102,0.332299719,2.120464836,-2.483784570,-3.265872754,-1.013475859,0.000000000,0.000000000,true,0,0
4.750000,0.341820920,0.143871063,1.514961591,-0.764268756,-0.162549091,0.412891247,1.802677809,0.299810736,2.109295145,-2.624880372,-3.231475784,-1.221133310,0.000000000,0.000000000,true,0,0
4.760000,0.334267923,0.142260025,1.519195756,-0.746375589,-0.159711950,0.433919631,1.775718369,0.267679166,2.096028749,-2.767213913,-3.194390226,-1.432817040,0.000000000,0.000000000,true,0,0
4.770000,0.326892486,0.140675759,1.523639506,-0.728759154,-0.157194226,0.454804699,1.747329404,0.235931894,2.080625383,-2.910785193,-3.154616081,-1.648527048,0.000000000,0.000000000,true,0,0
4.780000,0.319691769,0.139115089,1.528291301,-0.711433807,-0.154991942,0.475524881,1.717498539,0.204595806,2.063044787,-3.055594211,-3.112153348,-1.868263335,0.000000000,0.000000000,true,0,0
4.790000,0.312662791,0.137574883,1.533149381,-0.694414031,-0.153100850,0.496058203,1.686213394,0.173697789,2.043246696,-3.201640968,-3.067002027,-2.092025901,0.000000000,0.000000000,true,0,0
4.800000,0.305802422,0.136052050,1.538211767,-0.677714428,-0.151516436,0.516382289,1.653461594,0.143264727,2.021190848,-3.348925463,-3.019162119,-2.319814746,0.000000000,0.000000000,true,0,0
4.810000,0.299107386,0.134543548,1.543476253,-0.661349729,-0.150233916,0.536474360,1.619230759,0.113323508,1.996836980,-3.497447697,-2.968633623,-2.551629869,0.000000000,0.000000000,true,0,0
4.820000,0.292574261,0.133046382,1.548940404,-0.645334785,-0.149248237,0.556311234,1.583508514,0.083901017,1.970144830,-3.647207669,-2.915416539,-2.787471272,0.000000000,0.000000000,true,0,0
4.830000,0.286199475,0.131557611,1.554601549,-0.629684571,-0.148554077,0.575869328,1.546282480,0.055024139,1.941074134,-3.798205380,-2.859510868,-3.027338953,0.000000000,0.000000000,true,0,0
4.840000,0.279979304,0.130074347,1.560456781,-0.614414189,-0.148145846,0.595124654,1.507540281,0.026719762,1.909584630,-3.950440829,-2.800916609,-3.271232913,0.000000000,0.000000000,true,0,0
4.850000,0.273909874,0.128593761,1.566502952,-0.599538861,-0.148017684,0.614052824,1.467269538,-0.000985231,1.875636054,-4.103914017,-2.739633763,-3.519153152,0.000000000,0.000000000,true,0,0
4.860000,0.267987158,0.127113080,1.572736665,-0.585073934,-0.148163463,0.632629044,1.425457874,-0.028063952,1.839188146,-4.258624943,-2.675662329,-3.771099669,0.000000000,0.000000000,true,0,0
4.870000,0.262206976,0.125629599,1.579154275,-0.571034881,-0.148576786,0.650828121,1.382092913,-0.054489515,1.800200640,-4.414573608,-2.609002307,-4.027072466,0.000000000,0.000000000,true,0,0
4.880000,0.256564989,0.124140675,1.585751885,-0.557437295,-0.149250986,0.668624457,1.337162277,-0.080235036,1.758633275,-4.571760012,-2.539653698,-4.287071541,0.000000000,0.000000000,true,0,0
4.890000,0.251056706,0.122643733,1.592525335,-0.544296896,-0.150179130,0.685992053,1.290653587,-0.105273627,1.714445788,-4.730184154,-2.467616501,-4.551096895,0.000000000,0.000000000,true,0,0
4.900000,0.245677475,0.121136270,1.599470209,-0.531629525,-0.151354013,0.702904505,1.242554468,-0.129578404,1.667597917,-4.889846034,-2.392890716,-4.819148528,0.000000000,0.000000000,true,0,0
4.910000,0.240422485,0.119615855,1.606581819,-0.519451149,-0.152768162,0.719335009,1.192852541,-0.153122480,1.618049397,-5.050745653,-2.315476344,-5.091226440,0.000000000,0.000000000,true,0,0
4.920000,0.235286768,0.118080135,1.613855212,-0.507777858,-0.154413837,0.735256357,1.141535429,-0.175878969,1.565759967,-5.212883010,-2.235373384,-5.367330631,0.000000000,0.000000000,true,0,0
4.930000,0.230265191,0.116526834,1.621285157,-0.496625866,-0.156283027,0.750640938,1.088590755,-0.197820985,1.510689363,-5.376258106,-2.152581836,-5.647461100,0.000000000,0.000000000,true,0,0
4.940000,0.225352459,0.114953757,1.628866148,-0.486011509,-0.158367452,0.765460739,1.034006141,-0.218921644,1.452797324,-5.540870940,-2.067101701,-5.931617849,0.000000000,0.000000000,true,0,0
4.950000,0.220543113,0.113358796,1.636592394,-0.475951250,-0.160658566,0.779687345,0.977769210,-0.239154058,1.392043585,-5.706721513,-1.978932978,-6.219800876,0.000000000,0.000000000,true,0,0
4.960000,0.215831531,0.111739926,1.644457821,-0.466461674,-0.163147550,0.793291938,0.919867585,-0.258491341,1.328387885,-5.873809825,-1.888075668,-6.512010182,0.000000000,0.000000000,true,0,0
4.970000,0.211211922,0.110095215,1.652456062,-0.457559489,-0.165825319,0.806245296,0.860288888,-0.276906609,1.261789961,-6.042135875,-1.794529770,-6.808245766,0.000000000,0.000000000,true,0,0
4.980000,0.206678327,0.108422822,1.660580458,-0.449261528,-0.168682519,0.818517795,0.799020742,-0.294372975,1.192209549,-6.211699663,-1.698295284,-7.108507630,0.000000000,0.000000000,true,0,0
4.990000,0.202224621,0.106720999,1.668824049,-0.441584747,-0.171709526,0.830079411,0.736050769,-0.310863553,1.119606387,-6.382501190,-1.599372211,-7.412795772,0.000000000,0.000000000,true,0,0
5.000000,0.197844505,0.104988098,1.677179575,-0.434546226,-0.174896448,0.840899713,0.671366592,-0.326351457,1.043940213,-6.554540456,-1.497760550,-7.721110194,0.000000000,0.000000000,true,0,0
5.010000,0.193531512,0.103222571,1.685639470,-0.428163113,-0.178233153,0.850947977,0.604978593,-0.340821953,0.965213421,-6.720989631,-1.397105723,-8.020653318,0.000000000,0.000000000,true,0,0
5.020000,0.189279003,0.101422969,1.694195861,-0.422451996,-0.181709608,0.860194356,0.536988192,-0.354308912,0.883599043,-6.875020887,-1.301053153,-8.298627570,0.000000000,0.000000000,true,0,0
5.030000,0.185080180,0.099587945,1.702840591,-0.417428277,-0.185316207,0.868611052,0.467519569,-0.366858357,0.799312766,-7.016634225,-1.209602837,-8.555032949,0.000000000,0.000000000,true,0,0
5.040000,0.180928098,0.097716242,1.711565231,-0.413106118,-0.189043804,0.876172424,0.396696901,-0.378516310,0.712570280,-7.145829644,-1.122754778,-8.789869455,0.000000000,0.000000000,true,0,0
5.050000,0.176815676,0.095806694,1.720361110,-0.409498439,-0.192883715,0.882854989,0.324644369,-0.389328793,0.623587273,-7.262607143,-1.040508975,-9.003137089,0.000000000,0.000000000,true,0,0
5.060000,0.172735709,0.093858221,1.729219330,-0.406616916,-0.196827715,0.888637420,0.251486151,-0.399341830,0.532579434,-7.366966724,-0.962865428,-9.194835850,0.000000000,0.000000000,true,0,0
5.070000,0.168680882,0.091869819,1.738130794,-0.404471987,-0.200868040,0.893500547,0.177346427,-0.408601443,0.439762452,-7.458908386,-0.889824136,-9.364965739,0.000000000,0.000000000,true,0,0
5.080000,0.164643783,0.089840563,1.747086220,-0.403072845,-0.204997386,0.897427358,0.102349376,-0.417153654,0.345352016,-7.538432129,-0.821385101,-9.513526755,0.000000000,0.000000000,true,0,0
5.090000,0.160616913,0.087769597,1.756076170,-0.402427444,-0.209208908,0.900402995,0.026619178,-0.425044486,0.249563814,-7.605537953,-0.757548321,-9.640518898,0.000000000,0.000000000,true,0,0
5.100000,0.156592699,0.085656132,1.765091067,-0.402542492,-0.213496224,0.902414760,-0.049719990,-0.432319961,0.152613534,-7.660225858,-0.698313797,-9.745942169,0.000000000,0.000000000,true,0,0
5.110000,0.152563510,0.083499440,1.774121217,-0.403423459,-0.217853410,0.903452111,-0.126543946,-0.439026103,0.054716866,-7.702495844,-0.643681529,-9.829796567,0.000000000,0.000000000,true,0,0
5.120000,0.148521663,0.081298849,1.783156833,-0.405074573,-0.222275002,0.903506662,-0.203728513,-0.445208933,-0.043910501,-7.732347912,-0.593651517,-9.892082092,0.000000000,0.000000000,true,0,0
5.130000,0.144459441,0.079053742,1.792188053,-0.407498818,-0.226755997,0.902572184,-0.281149511,-0.450914474,-0.143052879,-7.749782060,-0.548223761,-9.932798745,0.000000000,0.000000000,true,0,0
5.140000,0.140369103,0.076763547,1.801204966,-0.410697937,-0.231291854,0.900644607,-0.358682761,-0.456188749,-0.242494580,-7.754798290,-0.507398260,-9.951946525,0.000000000,0.000000000,true,0,0
5.150000,0.136242898,0.074427736,1.810197628,-0.414672433,-0.235878488,0.897722014,-0.436204084,-0.461077780,-0.342019913,-7.747396600,-0.471175016,-9.949525433,0.000000000,0.000000000,true,0,0
5.160000,0.132073072,0.072045820,1.819156090,-0.419421565,-0.240512279,0.893804649,-0.513589300,-0.465627590,-0.441413192,-7.727576992,-0.439554027,-9.925535468,0.000000000,0.000000000,true,0,0
5.170000,0.127851891,0.069617344,1.828070413,-0.424943351,-0.245190063,0.888894909,-0.590714231,-0.469884201,-0.540458727,-7.695339465,-0.412535295,-9.879976630,0.000000000,0.000000000,true,0,0
5.180000,0.123571641,0.067141881,1.836930695,-0.431234568,-0.249909139,0.882997352,-0.667454697,-0.473893637,-0.638940828,-7.650684019,-0.390118818,-9.812848920,0.000000000,0.000000000,true,0,0
5.190000,0.119224649,0.064619031,1.845727089,-0.438290750,-0.254667265,0.876118690,-0.743686518,-0.477701918,-0.736643809,-7.593610654,-0.372304597,-9.724152337,0.000000000,0.000000000,true,0,0
5.200000,0.114803295,0.062048411,1.854449828,-0.446106189,-0.259462660,0.868267792,-0.819285517,-0.481355069,-0.833351979,-7.524119370,-0.359092632,-9.613886882,0.000000000,0.000000000,true,0,0
5.210000,0.110300018,0.059429658,1.863089241,-0.454673937,-0.264294003,0.859455685,-0.894127513,-0.484899112,-0.928849650,-7.442210167,-0.350482923,-9.482052553,0.000000000,0.000000000,true,0,0
5.220000,0.105707335,0.056762415,1.871635781,-0.463985802,-0.269160432,0.849695553,-0.968088327,-0.488380069,-1.022921134,-7.347883046,-0.346475469,-9.328649353,0.000000000,0.000000000,true,0,0
5.230000,0.101017852,0.054046333,1.880080043,-0.474032352,-0.274061547,0.839002736,-1.041043780,-0.491843962,-1.115350741,-7.241138005,-0.347070272,-9.153677279,0.000000000,0.000000000,true,0,0
5.240000,0.096224275,0.051281068,1.888412785,-0.484802913,-0.278997408,0.827394730,-1.112869694,-0.495336815,-1.205922783,-7.121975046,-0.352267330,-8.957136333,0.000000000,0.000000000,true,0,0
5.250000,0.091319420,0.048466268,1.896624952,-0.496285567,-0.283968533,0.814891191,-1.183441888,-0.498904650,-1.294421571,-6.990394167,-0.362066645,-8.739026514,0.000000000,0.000000000,true,0,0
5.260000,0.086296233,0.045601576,1.904707696,-0.508467157,-0.288975904,0.801513928,-1.252636184,-0.502593489,-1.380631417,-6.846395370,-0.376468215,-8.499347823,0.000000000,0.000000000,true,0,0
5.270000,0.081147795,0.042686624,1.912652398,-0.521333284,-0.294020960,0.787286911,-1.320328403,-0.506449355,-1.464336632,-6.689978654,-0.395472041,-8.238100259,0.000000000,0.000000000,true,0,0
5.280000,0.075867338,0.039721025,1.920450689,-0.534868305,-0.299105601,0.772236264,-1.386394364,-0.510518270,-1.545321526,-6.521144019,-0.419078123,-7.955283822,0.000000000,0.000000000,true,0,0
5.290000,0.070448256,0.036704372,1.928094472,-0.549055336,-0.304232189,0.756390267,-1.450709890,-0.514846258,-1.623370412,-6.339891465,-0.447286461,-7.650898513,0.000000000,0.000000000,true,0,0
5.300000,0.064884118,0.033636232,1.935575944,-0.563876254,-0.309403543,0.739779361,-1.513150801,-0.519479340,-1.698267600,-6.146220992,-0.480097055,-7.324944331,0.000000000,0.000000000,true,0,0
5.310000,0.059168682,0.030516141,1.942887618,-0.579311690,-0.314622946,0.722436140,-1.573592917,-0.524463540,-1.769797402,-5.940132600,-0.517509904,-6.977421277,0.000000000,0.000000000,true,0,0
5.320000,0.053295905,0.027343601,1.950022341,-0.595341035,-0.319894138,0.704395356,-1.631912059,-0.529844879,-1.837744129,-5.721626289,-0.559525010,-6.608329350,0.000000000,0.000000000,true,0,0
5.330000,0.047259954,0.024118072,1.956973322,-0.611942440,-0.325221321,0.685693920,-1.687984049,-0.535669381,-1.901892093,-5.490702060,-0.606142371,-6.217668550,0.000000000,0.000000000,true,0,0
5.340000,0.041055226,0.020838972,1.963734148,-0.629092812,-0.330609156,0.666370896,-1.741684708,-0.541983068,-1.962025604,-5.247359911,-0.657361989,-5.805438878,0.000000000,0.000000000,true,0,0
5.350000,0.034676349,0.017505670,1.970298806,-0.646767816,-0.336062766,0.646467508,-1.792889855,-0.548831962,-2.017928974,-4.991599844,-0.713183862,-5.371640333,0.000000000,0.000000000,true,0,0
5.360000,0.028118206,0.014117479,1.976661708,-0.664941877,-0.341587733,0.626027136,-1.841475311,-0.556262086,-2.069386515,-4.723421857,-0.773607991,-4.916272915,0.000000000,0.000000000,true,0,0
5.370000,0.021375937,0.010673657,1.982817710,-0.683588176,-0.347190099,0.605095316,-1.887316899,-0.564319462,-2.116182536,-4.442825952,-0.838634376,-4.439336625,0.000000000,0.000000000,true,0,0
5.380000,0.014444961,0.007173398,1.988762135,-0.702678655,-0.352876366,0.583719743,-1.930290437,-0.573050114,-2.158101351,-4.149812128,-0.908263017,-3.940831462,0.000000000,0.000000000,true,0,0
5.390000,0.007320981,0.003615827,1.994490792,-0.722184011,-0.358653499,0.561950266,-1.970271748,-0.582500064,-2.194927269,-3.844380385,-0.982493913,-3.420757427,0.000000000,0.000000000,true,0,0
5.400000,0.000000000,0.000000000,2.000000000,-0.742073702,-0.364528919,0.539838893,-2.007136652,-0.592715333,-2.226444603,-3.526530723,-1.061327066,-2.879114519,0.000000000,0.000000000,true,0,0
5.410000,-0.007521668,-0.003675105,2.005286610,-0.762316018,-0.370510474,0.517439638,-2.040791461,-0.603727698,-2.252497439,-3.205410461,-1.140488227,-2.333835325,0.000000000,0.000000000,true,0,0
5.420000,-0.015247389,-0.007410590,2.010348015,-0.782878925,-0.376606046,0.494806882,-2.071264450,-0.615511944,-2.273168964,-2.890166916,-1.215703150,-1.802852434,0.000000000,0.000000000,true,0,0
5.430000,-0.023180210,-0.011207631,2.015182146,-0.803730897,-0.382823155,0.471993720,-2.098614388,-0.628028607,-2.288602142,-2.580800089,-1.286971835,-1.286165843,0.000000000,0.000000000,true,0,0
5.440000,-0.031322867,-0.015067482,2.019787460,-0.824840998,-0.389168928,0.449051823,-2.122900041,-0.641238226,-2.298939935,-2.277309980,-1.354294282,-0.783775555,0.000000000,0.000000000,true,0,0
5.450000,-0.039677789,-0.018991461,2.024162921,-0.846178879,-0.395650097,0.426031430,-2.144180177,-0.655101339,-2.304325307,-1.979696588,-1.417670490,-0.295681569,0.000000000,0.000000000,true,0,0
5.460000,-0.048247105,-0.022980956,2.028307990,-0.867714779,-0.402273001,0.402981349,-2.162513562,-0.669578482,-2.304901221,-1.687959915,-1.477100460,0.178116116,0.000000000,0.000000000,true,0,0
5.470000,-0.057032648,-0.027037414,2.032222607,-0.889419524,-0.409043582,0.379948960,-2.177958964,-0.684630194,-2.300810639,-1.402099959,-1.532584191,0.637617499,0.000000000,0.000000000,true,0,0
5.480000,-0.066035963,-0.031162338,2.035907181,-0.911264528,-0.415967389,0.356980214,-2.190575150,-0.700217012,-2.292196525,-1.122116721,-1.584121685,1.082822581,0.000000000,0.000000000,true,0,0
5.490000,-0.075258312,-0.035357289,2.039362572,-0.933221792,-0.423049575,0.334119632,-2.200420888,-0.716299473,-2.279201842,-0.848010201,-1.631712940,1.513731360,0.000000000,0.000000000,true,0,0
5.500000,-0.084700681,-0.039623874,2.042590078,-0.955263907,-0.430294899,0.311410303,-2.207554943,-0.732838116,-2.261969552,-0.579780398,-1.675357956,1.930343838,0.000000000,0.000000000,true,0,0
5.510000,-0.094363784,-0.043963746,2.045591422,-0.977364048,-0.437707726,0.288893889,-2.212036085,-0.749793478,-2.240642620,-0.317427313,-1.715056735,2.332660014,0.000000000,0.000000000,true,0,0
5.520000,-0.104248068,-0.048378600,2.048368733,-0.999495981,-0.445292026,0.266610623,-2.213923079,-0.767126097,-2.215364006,-0.060950946,-1.750809275,2.720679888,0.000000000,0.000000000,true,0,0
5.530000,-0.114353724,-0.052870170,2.050924541,-1.021634058,-0.453051374,0.244599305,-2.213274693,-0.784796510,-2.186276676,0.189648703,-1.782615577,3.094403461,0.000000000,0.000000000,true,0,0
5.540000,-0.124680686,-0.057440222,2.053261751,-1.043753220,-0.460988951,0.222897308,-2.210149694,-0.802765254,-2.153523592,0.434371634,-1.810475641,3.453830732,0.000000000,0.000000000,true,0,0
5.550000,-0.135228644,-0.062090552,2.055383638,-1.065828993,-0.469107542,0.201540576,-2.204606849,-0.820992868,-2.117247716,0.673217848,-1.834389466,3.798961701,0.000000000,0.000000000,true,0,0
5.560000,-0.145997042,-0.066822984,2.057293828,-1.087837493,-0.477409539,0.180563620,-2.196704926,-0.839439889,-2.077592012,0.906187344,-1.854357053,4.129796368,0.000000000,0.000000000,true,0,0
5.570000,-0.156985091,-0.071639361,2.058996287,-1.109755424,-0.485896940,0.159999525,-2.186502691,-0.858066855,-2.034699443,1.133280122,-1.870378402,4.446334734,0.000000000,0.000000000,true,0,0
5.580000,-0.168191773,-0.076541546,2.060495301,-1.131560075,-0.494571345,0.139879944,-2.174058912,-0.876834303,-1.988712972,1.354496182,-1.882453512,4.748576798,0.000000000,0.000000000,true,0,0
5.590000,-0.179615842,-0.081531415,2.061795468,-1.153229326,-0.503433962,0.120235102,-2.159432357,-0.895702771,-1.939775561,1.569835524,-1.890582384,5.036522560,0.000000000,0.000000000,true,0,0
5.600000,-0.191255836,-0.086610855,2.062901681,-1.174741642,-0.512485605,0.101093793,-2.142681791,-0.914632797,-1.888030175,1.779298149,-1.894765018,5.310172020,0.000000000,0.000000000,true,0,0
5.610000,-0.203110081,-0.091781759,2.063819114,-1.196076078,-0.521726692,0.082483382,-2.123865983,-0.933584918,-1.833619775,1.982884056,-1.895001414,5.569525179,0.000000000,0.000000000,true,0,0
5.620000,-0.215176697,-0.097046021,2.064553205,-1.217212274,-0.531157246,0.064429804,-2.103043699,-0.952519671,-1.776687325,2.180593245,-1.891291571,5.814582036,0.000000000,0.000000000,true,0,0
5.630000,-0.227453600,-0.102405534,2.065109648,-1.238130459,-0.540776896,0.046957566,-2.080273707,-0.971397595,-1.717375789,2.372425717,-1.883635490,6.045342591,0.000000000,0.000000000,true,0,0
5.640000,-0.239938515,-0.107862187,2.065494371,-1.258811451,-0.550584877,0.030089742,-2.055614774,-0.990179227,-1.655828128,2.558381470,-1.872033171,6.261806844,0.000000000,0.000000000,true,0,0
5.650000,-0.252628976,-0.113417856,2.065713530,-1.279236654,-0.560580028,0.013847980,-2.029125666,-1.008825104,-1.592187306,2.738460506,-1.856484614,6.463974796,0.000000000,0.000000000,true,0,0
5.660000,-0.265522336,-0.119074406,2.065773485,-1.299388060,-0.570760795,-0.001747503,-2.000865153,-1.027295765,-1.526596286,2.912662824,-1.836989818,6.651846446,0.000000000,0.000000000,true,0,0
5.670000,-0.278615767,-0.124833684,2.065680797,-1.319248248,-0.581125228,-0.016677921,-1.970891999,-1.045551746,-1.459198032,3.080988424,-1.813548784,6.825421794,0.000000000,0.000000000,true,0,0
5.680000,-0.291906274,-0.130697515,2.065442202,-1.338800387,-0.591670983,-0.030925916,-1.939264973,-1.063553586,-1.390135505,3.243437307,-1.786161511,6.984700841,0.000000000,0.000000000,true,0,0
5.690000,-0.305390694,-0.136667699,2.065064606,-1.358028231,-0.602395321,-0.044475560,-1.906042842,-1.081261822,-1.319551669,3.400009471,-1.754828000,7.129683585,0.000000000,0.000000000,true,0,0
5.700000,-0.319065705,-0.142746006,2.064555067,-1.376916123,-0.613295109,-0.057312355,-1.871284373,-1.098636992,-1.247589487,3.550704918,-1.719548251,7.260370028,0.000000000,0.000000000,true,0,0
5.710000,-0.332927833,-0.148934174,2.063920779,-1.395448993,-0.624366819,-0.069423232,-1.835048333,-1.115639633,-1.174391923,3.695523647,-1.680322264,7.376760170,0.000000000,0.000000000,true,0,0
5.720000,-0.346973453,-0.155233903,2.063169061,-1.413612360,-0.635606528,-0.080796552,-1.797393489,-1.132230283,-1.100101938,3.834465659,-1.637150039,7.478854009,0.000000000,0.000000000,true,0,0
5.730000,-0.361198802,-0.161646850,2.062307341,-1.431392329,-0.647009920,-0.091422106,-1.758378609,-1.148369480,-1.024862497,3.967530952,-1.590031575,7.566651547,0.000000000,0.000000000,true,0,0
5.740000,-0.375599977,-0.168174631,2.061343141,-1.448775595,-0.658572281,-0.101291114,-1.718062459,-1.164017761,-0.948816562,4.094719528,-1.538966873,7.640152783,0.000000000,0.000000000,true,0,0
5.750000,-0.390172949,-0.174818809,2.060284065,-1.465749437,-0.670288507,-0.110396225,-1.676503807,-1.179135663,-0.872107096,4.216031386,-1.483955932,7.699357717,0.000000000,0.000000000,true,0,0
5.760000,-0.404913561,-0.181580896,2.059137783,-1.482301725,-0.682153095,-0.118731520,-1.633761420,-1.193683725,-0.794877062,4.331466527,-1.424998754,7.744266350,0.000000000,0.000000000,true,0,0
5.770000,-0.419817539,-0.188462346,2.057912016,-1.498420915,-0.694160150,-0.126292508,-1.589894066,-1.207622484,-0.717269423,4.441024949,-1.362095337,7.774878680,0.000000000,0.000000000,true,0,0
5.780000,-0.434880499,-0.195464553,2.056614524,-1.514096052,-0.706303382,-0.133076127,-1.544960510,-1.220912478,-0.639427143,4.544706654,-1.295245681,7.791194709,0.000000000,0.000000000,true,0,0
5.790000,-0.450097946,-0.202588845,2.055253090,-1.529316767,-0.718576106,-0.139080745,-1.499019522,-1.233514244,-0.561493183,4.642511641,-1.224449788,7.793214437,0.000000000,0.000000000,true,0,0
5.800000,-0.465465287,-0.209836483,2.053835507,-1.544073280,-0.730971241,-0.144306161,-1.452129867,-1.245388320,-0.483610508,4.734439910,-1.149707656,7.780937862,0.000000000,0.000000000,true,0,0
5.810000,-0.480977833,-0.217208653,2.052369560,-1.558356398,-0.743481315,-0.148753603,-1.404350312,-1.256495243,-0.405922080,4.820491461,-1.071019286,7.754364986,0.000000000,0.000000000,true,0,0
5.820000,-0.496630808,-0.224706466,2.050863019,-1.572157516,-0.756098458,-0.152425727,-1.355739626,-1.266795551,-0.328570863,4.900666295,-0.988384677,7.713495808,0.000000000,0.000000000,true,0,0
5.830000,-0.512419350,-0.232330952,2.049323617,-1.585468616,-0.768814406,-0.155326621,-1.306356576,-1.276249782,-0.251699819,4.974964411,-0.901803830,7.658330328,0.000000000,0.000000000,true,0,0
5.840000,-0.528338522,-0.240083055,2.047759039,-1.598282269,-0.781620501,-0.157461801,-1.256259927,-1.284818474,-0.175451911,5.043385809,-0.811276745,7.588868547,0.000000000,0.000000000,true,0,0
5.850000,-0.544383315,-0.247963632,2.046176910,-1.610591632,-0.794507692,-0.158838213,-1.205508448,-1.292462163,-0.099970102,5.105930489,-0.716803422,7.505110463,0.000000000,0.000000000,true,0,0
5.860000,-0.560548653,-0.255973447,2.044584776,-1.622390451,-0.807466530,-0.159464233,-1.154160906,-1.299141388,-0.025397356,5.162598451,-0.618383861,7.407056079,0.000000000,0.000000000,true,0,0
5.870000,-0.576829403,-0.264113169,2.042990094,-1.633673059,-0.820487173,-0.159349666,-1.102276068,-1.304816686,0.048123365,5.213389696,-0.516018061,7.294705392,0.000000000,0.000000000,true,0,0
5.880000,-0.593220376,-0.272383363,2.041400214,-1.644434377,-0.833559386,-0.158505749,-1.049912702,-1.309448595,0.120449098,5.258304223,-0.409706022,7.168058403,0.000000000,0.000000000,true,0,0
5.890000,-0.609716338,-0.280784493,2.039822368,-1.654669914,-0.846672536,-0.156945144,-0.997129573,-1.312997652,0.191436879,5.297342032,-0.299447746,7.027115113,0.000000000,0.000000000,true,0,0
5.900000,-0.626312009,-0.289316913,2.038263654,-1.664375766,-0.859815598,-0.154681948,-0.943985450,-1.315424396,0.260943746,5.330503123,-0.185243231,6.871875521,0.000000000,0.000000000,true,0,0
5.910000,-0.643002076,-0.297980866,2.036731020,-1.673548616,-0.872977151,-0.151731682,-0.890539100,-1.316689363,0.328826735,5.357787497,-0.067092478,6.702339628,0.000000000,0.000000000,true,0,0
5.920000,-0.659781195,-0.306776479,2.035231254,-1.682185736,-0.886145381,-0.148111302,-0.836849289,-1.316753091,0.394942884,5.379195153,0.055004513,6.518507432,0.000000000,0.000000000,true,0,0
5.930000,-0.676643998,-0.315703756,2.033770966,-1.690284986,-0.899308077,-0.143839191,-0.782974786,-1.315576118,0.459149229,5.394726091,0.181047743,6.320378935,0.000000000,0.000000000,true,0,0
5.940000,-0.693585097,-0.324762580,2.032356577,-1.697844812,-0.912452636,-0.138935160,-0.728974356,-1.313118982,0.521302808,5.404380311,0.311037211,6.107954136,0.000000000,0.000000000,true,0,0
5.950000,-0.710599093,-0.333952705,2.030994299,-1.704864249,-0.925566058,-0.133420454,-0.674906769,-1.309342220,0.581260658,5.408157813,0.444972917,5.881233036,0.000000000,0.000000000,true,0,0
5.960000,-0.727680579,-0.343273752,2.029690128,-1.711342919,-0.938634950,-0.127317743,-0.620830789,-1.304206370,0.638879815,5.406058598,0.582854861,5.640215633,0.000000000,0.000000000,true,0,0
5.970000,-0.744824149,-0.352725209,2.028449824,-1.717281033,-0.951645524,-0.120651130,-0.566805186,-1.297671969,0.694017316,5.398082665,0.724683044,5.384901929,0.000000000,0.000000000,true,0,0
5.980000,-0.762024401,-0.362306421,2.027278900,-1.722679387,-0.964583596,-0.113446145,-0.512888725,-1.289699555,0.746530199,5.384230014,0.870457465,5.115291923,0.000000000,0.000000000,true,0,0
5.990000,-0.779275942,-0.372016591,2.026182606,-1.727539367,-0.977434590,-0.105729751,-0.459140174,-1.280249665,0.796275500,5.364500646,1.020178124,4.831385616,0.000000000,0.000000000,true,0,0
6.000000,-0.796573400,-0.381854773,2.025165915,-1.731862946,-0.990183533,-0.097530337,-0.405618301,-1.269282838,0.843110257,5.338894559,1.173845022,4.533183006,0.000000000,0.000000000,true,0,0
6.010000,-0.813911422,-0.391819870,2.024233510,-1.735652666,-1.002815090,-0.088877643,-0.352374298,-1.256772293,0.886923817,5.309684057,1.327653555,4.230377261,0.000000000,0.000000000,true,0,0
6.020000,-0.831284683,-0.401910632,2.023389772,-1.738911428,-1.015313913,-0.079801869,-0.299429060,-1.242741977,0.927734769,5.279141441,1.477799119,3.932661548,0.000000000,0.000000000,true,0,0
6.030000,-0.848687891,-0.412125656,2.022638784,-1.741642287,-1.027664986,-0.070332787,-0.246795909,-1.227228520,0.965594014,5.247266711,1.624281714,3.640035864,0.000000000,0.000000000,true,0,0
6.040000,-0.866115780,-0.422463391,2.021984330,-1.743848431,-1.039853662,-0.060499658,-0.194488167,-1.210268553,1.000552453,5.214059867,1.767101341,3.352500212,0.000000000,0.000000000,true,0,0
6.050000,-0.883563121,-0.432922140,2.021429908,-1.745533179,-1.051865657,-0.050331238,-0.142519153,-1.191898703,1.032660985,5.179520909,1.906258000,3.070054591,0.000000000,0.000000000,true,0,0
6.060000,-0.901024717,-0.443500068,2.020978729,-1.746699987,-1.063687058,-0.039855769,-0.090902189,-1.172155602,1.061970512,5.143649837,2.041751690,2.792699000,0.000000000,0.000000000,true,0,0
6.070000,-0.918495406,-0.454195201,2.020633724,-1.747352441,-1.075304314,-0.029100988,-0.039650596,-1.151075880,1.088531932,5.106446652,2.173582411,2.520433441,0.000000000,0.000000000,true,0,0
6.080000,-0.935970064,-0.465005430,2.020397549,-1.747494261,-1.086704242,-0.018094121,0.011222304,-1.128696164,1.112396147,5.067911352,2.301750164,2.253257912,0.000000000,0.000000000,true,0,0
6.090000,-0.953443602,-0.475928519,2.020272592,-1.747129302,-1.097874026,-0.006861886,0.061703190,-1.105053086,1.133614057,5.028043939,2.426254949,1.991172414,0.000000000,0.000000000,true,0,0
6.100000,-0.970910974,-0.486962102,2.020260975,-1.746261549,-1.108801215,0.004569509,0.111778742,-1.080183275,1.152236562,4.986844412,2.547096765,1.734176947,0.000000000,0.000000000,true,0,0
6.110000,-0.988367171,-0.498103694,2.020364561,-1.744895122,-1.119473725,0.016174364,0.161435638,-1.054123361,1.168314563,4.944312770,2.664275612,1.482271511,0.000000000,0.000000000,true,0,0
6.120000,-1.005807228,-0.509350689,2.020584957,-1.743034276,-1.129879837,0.027927488,0.210660557,-1.026909973,1.181898959,4.900449015,2.777791491,1.235456106,0.000000000,0.000000000,true,0,0
6.130000,-1.023226223,-0.520700365,2.020923522,-1.740683396,-1.140008201,0.039804201,0.259440178,-0.998579741,1.193040652,4.855253147,2.887644402,0.993730731,0.000000000,0.000000000,true,0,0
6.140000,-1.040619278,-0.532149890,2.021381372,-1.737847001,-1.149847831,0.051780329,0.307761180,-0.969169295,1.201790541,4.808725164,2.993834344,0.757095388,0.000000000,0.000000000,true,0,0
6.150000,-1.057981560,-0.543696324,2.021959381,-1.734529745,-1.159388109,0.063832208,0.355610241,-0.938715264,1.208199526,4.760865067,3.096361317,0.525550075,0.000000000,0.000000000,true,0,0
6.160000,-1.075308286,-0.555336620,2.022658192,-1.730736414,-1.168618780,0.075936686,0.402974041,-0.907254278,1.212318509,4.711672857,3.195225322,0.299094793,0.000000000,0.000000000,true,0,0
6.170000,-1.092594718,-0.567067634,2.023478215,-1.726471926,-1.177529960,0.088071115,0.449839258,-0.874822967,1.214198389,4.661148532,3.290426359,0.077729542,0.000000000,0.000000000,true,0,0
6.180000,-1.109836171,-0.578886123,2.024419640,-1.721741335,-1.186112127,0.100213360,0.496192571,-0.841457961,1.213890067,4.609292094,3.381964427,-0.138545678,0.000000000,0.000000000,true,0,0
6.190000,-1.127028008,-0.590788749,2.025482436,-1.716549826,-1.194356129,0.112341792,0.542020659,-0.807195889,1.211444442,4.556103542,3.469839527,-0.349730867,0.000000000,0.000000000,true,0,0
6.200000,-1.144165648,-0.602772089,2.026666359,-1.710902717,-1.202253177,0.124435294,0.587310202,-0.772073380,1.206912416,4.501582876,3.554051658,-0.555826025,0.000000000,0.000000000,true,0,0
6.210000,-1.161244562,-0.614832628,2.027970957,-1.704805461,-1.209794850,0.136473255,0.632047877,-0.736127065,1.200344888,4.445730096,3.634600820,-0.756831153,0.000000000,0.000000000,true,0,0
6.220000,-1.178260276,-0.626966774,2.029395572,-1.698263643,-1.216973094,0.148435576,0.676220363,-0.699393574,1.191792760,4.388545202,3.711487014,-0.952746249,0.000000000,0.000000000,true,0,0
6.230000,-1.195208372,-0.639170853,2.030939351,-1.691282982,-1.223780220,0.160302665,0.719814340,-0.661909535,1.181306930,4.330028194,3.784710240,-1.143571315,0.000000000,0.000000000,true,0,0
6.240000,-1.212084492,-0.651441117,2.032601244,-1.683869329,-1.230208905,0.172055439,0.762816487,-0.623711579,1.168938300,4.270179072,3.854270497,-1.329306350,0.000000000,0.000000000,true,0,0
6.250000,-1.228884335,-0.663773747,2.034380016,-1.676028670,-1.236252194,0.183675324,0.805213481,-0.584836335,1.154737770,4.208997837,3.920167785,-1.509951354,0.000000000,0.000000000,true,0,0
6.260000,-1.245603663,-0.676164854,2.036274248,-1.667767121,-1.241903496,0.195144258,0.846992003,-0.545320433,1.138756240,4.146484487,3.982402105,-1.685506327,0.000000000,0.000000000,true,0,0
6.270000,-1.262238296,-0.688610489,2.038282340,-1.659090936,-1.247156589,0.206444682,0.888138731,-0.505200503,1.121044610,4.082639024,4.040973457,-1.855971270,0.000000000,0.000000000,true,0,0
6.280000,-1.278784120,-0.701106639,2.040402523,-1.650006497,-1.252005615,0.217559552,0.928640343,-0.464513174,1.101653781,4.017461447,4.095881840,-2.021346181,0.000000000,0.000000000,true,0,0
6.290000,-1.295237087,-0.713649236,2.042632857,-1.640520324,-1.256445083,0.228472330,0.968483519,-0.423295076,1.080634653,3.950951756,4.147127254,-2.181631062,0.000000000,0.000000000,true,0,0
6.300000,-1.311593210,-0.726234159,2.044971242,-1.630639066,-1.260469869,0.239166987,1.007654938,-0.381582839,1.058038127,3.883109951,4.194709700,-2.336825911,0.000000000,0.000000000,true,0,0
6.310000,-1.327848574,-0.738857235,2.047415418,-1.620369508,-1.264075215,0.249628004,1.046141278,-0.339413092,1.033915102,3.813936032,4.238629178,-2.486930730,0.000000000,0.000000000,true,0,0
6.320000,-1.343999329,-0.751514250,2.049962973,-1.609718568,-1.267256728,0.259840371,1.083929218,-0.296822465,1.008316479,3.743429999,4.278885687,-2.631945518,0.000000000,0.000000000,true,0,0
6.330000,-1.360041697,-0.764200944,2.052611348,-1.598693296,-1.270010384,0.269789585,1.121005437,-0.253847588,0.981293158,3.671591853,4.315479228,-2.771870275,0.000000000,0.000000000,true,0,0
6.340000,-1.375971971,-0.776913019,2.055357841,-1.587300876,-1.272332521,0.279461655,1.157356615,-0.210525090,0.952896040,3.598421592,4.348409800,-2.906705002,0.000000000,0.000000000,true,0,0
6.350000,-1.391786515,-0.789646145,2.058199613,-1.575548625,-1.274219849,0.288843096,1.192969429,-0.166891602,0.923176025,3.523919218,4.377677403,-3.036449697,0.000000000,0.000000000,true,0,0
6.360000,-1.407481769,-0.802395957,2.061133691,-1.563443993,-1.275669439,0.297920935,1.227830559,-0.122983752,0.892184013,3.448084730,4.403282038,-3.161104361,0.000000000,0.000000000,true,0,0
6.370000,-1.423054246,-0.815158066,2.064156978,-1.550994564,-1.276678731,0.306682706,1.261926683,-0.078838171,0.859970905,3.370918127,4.425223705,-3.280668995,0.000000000,0.000000000,true,0,0
6.380000,-1.438500536,-0.827928057,2.067266252,-1.538208054,-1.277245532,0.315116453,1.295244481,-0.034491488,0.826587600,3.292419411,4.443502403,-3.395143598,0.000000000,0.000000000,true,0,0
6.390000,-1.453817309,-0.840701495,2.070458175,-1.525092313,-1.277368013,0.323210727,1.327770631,0.010019667,0.792084999,3.212588582,4.458118132,-3.504528170,0.000000000,0.000000000,true,0,0
6.400000,-1.469001312,-0.853473931,2.073729298,-1.511655325,-1.277044712,0.330954591,1.359491812,0.054658665,0.756514003,3.131425638,4.469070893,-3.608822711,0.000000000,0.000000000,true,0,0
6.410000,-1.484049372,-0.866240900,2.077076064,-1.497905205,-1.276274536,0.338337616,1.390394703,0.099388875,0.719925512,3.048930580,4.476360686,-3.708027221,0.000000000,0.000000000,true,0,0
6.420000,-1.498958400,-0.878997930,2.080494814,-1.483850203,-1.275056753,0.345349880,1.420465983,0.144173669,0.682370426,2.965103408,4.479987510,-3.802141700,0.000000000,0.000000000,true,0,0
6.430000,-1.513725388,-0.891740542,2.083981794,-1.469498702,-1.273391002,0.351981972,1.449692331,0.188976416,0.643899645,2.879944123,4.479951366,-3.891166149,0.000000000,0.000000000,true,0,0
6.440000,-1.528347414,-0.904464256,2.087533157,-1.454859217,-1.271277287,0.358224990,1.478060425,0.233760486,0.604564069,2.793452724,4.476252253,-3.975100567,0.000000000,0.000000000,true,0,0
6.450000,-1.542821641,-0.917164595,2.091144969,-1.439940398,-1.268715977,0.364070540,1.505556945,0.278489251,0.564414600,2.705629210,4.468890171,-4.053944953,0.000000000,0.000000000,true,0,0
6.460000,-1.557145320,-0.929837086,2.094813216,-1.424751028,-1.265707808,0.369510738,1.532168569,0.323126080,0.523502137,2.616473583,4.457865121,-4.127699309,0.000000000,0.000000000,true,0,0
6.470000,-1.571315789,-0.942477266,2.098533808,-1.409300021,-1.262253884,0.374538209,1.557881977,0.367634343,0.481877581,2.525985842,4.443177103,-4.196363634,0.000000000,0.000000000,true,0,0
6.480000,-1.585330478,-0.955080683,2.102302582,-1.393596427,-1.258355672,0.379146086,1.582683846,0.411977412,0.439591831,2.434165987,4.424826116,-4.259937928,0.000000000,0.000000000,true,0,0
6.490000,-1.599186907,-0.967642904,2.106115310,-1.377649427,-1.254015008,0.383328012,1.606560856,0.456118656,0.396695789,2.341014019,4.402812161,-4.318422192,0.000000000,0.000000000,true,0,0
6.500000,-1.612882687,-0.980159516,2.109967703,-1.361468337,-1.249234094,0.387078137,1.629499686,0.500021445,0.353240354,2.246529936,4.377135237,-4.371816424,0.000000000,0.000000000,true,0,0
6.510000,-1.626415524,-0.992626127,2.113855416,-1.345062605,-1.244015496,0.390391124,1.651487014,0.543649150,0.309276427,2.150713739,4.347795344,-4.420120626,0.000000000,0.000000000,true,0,0
6.520000,-1.639783222,-1.005038376,2.117774052,-1.328441813,-1.238362150,0.393262140,1.672509520,0.586965142,0.264854908,2.053565429,4.314792483,-4.463334796,0.000000000,0.000000000,true,0,0
6.530000,-1.652983676,-1.017391932,2.121719171,-1.311615675,-1.232277355,0.395686866,1.692553882,0.629932790,0.220026698,1.955085005,4.278126654,-4.501458936,0.000000000,0.000000000,true,0,0
6.540000,-1.666014884,-1.029682498,2.125686289,-1.294594040,-1.225764777,0.397661488,1.711606780,0.672515465,0.174842696,1.855272466,4.237797856,-4.534493045,0.000000000,0.000000000,true,0,0
6.550000,-1.678874939,-1.041905815,2.129670889,-1.277386889,-1.218828451,0.399182704,1.729654891,0.714676537,0.129353804,1.754127814,4.193806089,-4.562437123,0.000000000,0.000000000,true,0,0
6.560000,-1.691562037,-1.054057669,2.133668422,-1.260004336,-1.211472774,0.400247718,1.746684896,0.756379377,0.083610921,1.651651048,4.146151355,-4.585291170,0.000000000,0.000000000,true,0,0
6.570000,-1.704074475,-1.066133888,2.137674315,-1.242456629,-1.203702513,0.400854245,1.762683472,0.797587355,0.037664947,1.547842168,4.094833651,-4.603055187,0.000000000,0.000000000,true,0,0
6.580000,-1.716410653,-1.078130354,2.141683973,-1.224754149,-1.195522799,0.401000510,1.777637299,0.838263840,-0.008433216,1.442701175,4.039852979,-4.615729172,0.000000000,0.000000000,true,0,0
6.590000,-1.728569077,-1.090042998,2.145692787,-1.206907410,-1.186939130,0.400685243,1.791533055,0.878372204,-0.054632669,1.336228067,3.981209339,-4.623313127,0.000000000,0.000000000,true,0,0
6.600000,-1.740548356,-1.101867810,2.149696137,-1.188927059,-1.177957370,0.399907688,1.804357420,0.917875817,-0.100882512,1.228422846,3.918902730,-4.625807051,0.000000000,0.000000000,true,0,0
6.610000,-1.752347209,-1.113600839,2.153689399,-1.170823877,-1.168583751,0.398667595,1.816097072,0.956738049,-0.147131844,1.119285510,3.852933152,-4.623210943,0.000000000,0.000000000,true,0,0
6.620000,-1.763964461,-1.125238200,2.157667948,-1.152608778,-1.158824869,0.396965223,1.826738690,0.994922270,-0.193329764,1.008816061,3.783300606,-4.615524806,0.000000000,0.000000000,true,0,0
6.630000,-1.775399048,-1.136776075,2.161627165,-1.134292808,-1.148687688,0.394801341,1.836268952,1.032391851,-0.239425373,0.897014498,3.710005092,-4.602748637,0.000000000,0.000000000,true,0,0
6.640000,-1.786650018,-1.148210718,2.165562440,-1.115887148,-1.138179537,0.392177226,1.844674539,1.069110162,-0.285367770,0.783880821,3.633046609,-4.584882437,0.000000000,0.000000000,true,0,0
6.650000,-1.797716530,-1.159538455,2.169469181,-1.097403110,-1.127308111,0.389094666,1.851942128,1.105040574,-0.331106055,0.669415030,3.552425158,-4.561926206,0.000000000,0.000000000,true,0,0
6.660000,-1.808597857,-1.170755696,2.173342813,-1.078852143,-1.116081474,0.385555955,1.858058399,1.140146456,-0.376589327,0.553617125,3.468140738,-4.533879945,0.000000000,0.000000000,true,0,0
6.670000,-1.819293388,-1.181858929,2.177178789,-1.060245824,-1.104508053,0.381563899,1.863010031,1.174391178,-0.421766687,0.436487106,3.380193349,-4.500743653,0.000000000,0.000000000,true,0,0
6.680000,-1.829802628,-1.192844730,2.180972591,-1.041595869,-1.092596643,0.377121811,1.866783701,1.207738113,-0.466587234,0.318024974,3.288582992,-4.462517330,0.000000000,0.000000000,true,0,0
6.690000,-1.840125199,-1.203709765,2.184719738,-1.022914121,-1.080356405,0.372233513,1.869366090,1.240150628,-0.511000067,0.198230727,3.193309667,-4.419200976,0.000000000,0.000000000,true,0,0
6.700000,-1.850260844,-1.214450794,2.188415788,-1.004212562,-1.067796867,0.366903338,1.870743875,1.271592096,-0.554954286,0.077104367,3.094373373,-4.370794591,0.000000000,0.000000000,true,0,0
6.710000,-1.860209425,-1.225064671,2.192056348,-0.985503304,-1.054927922,0.361136126,1.870903737,1.302025886,-0.598398992,-0.045354108,2.991774111,-4.317298175,0.000000000,0.000000000,true,0,0
6.720000,-1.869970925,-1.235548355,2.195637072,-0.966798592,-1.041759830,0.354937226,1.869832353,1.331415368,-0.641283283,-0.169144696,2.885511880,-4.258711728,0.000000000,0.000000000,true,0,0
6.730000,-1.879545453,-1.245898906,2.199153673,-0.948110805,-1.028303218,0.348312498,1.867516402,1.359723914,-0.683556260,-0.294267398,2.775586680,-4.195035251,0.000000000,0.000000000,true,0,0
6.740000,-1.888933240,-1.256113494,2.202601923,-0.929452457,-1.014569077,0.341268308,1.863942564,1.386914892,-0.725167021,-0.420722214,2.661998513,-4.126268743,0.000000000,0.000000000,true,0,0
6.750000,-1.898134643,-1.266189400,2.205977663,-0.910836191,-1.000568767,0.333811534,1.859097518,1.412951674,-0.766064668,-0.548509144,2.544747376,-4.052412203,0.000000000,0.000000000,true,0,0
6.760000,-1.907150146,-1.276124021,2.209276803,-0.892274788,-0.986314013,0.325949562,1.852967941,1.437797630,-0.806198299,-0.677628187,2.423833271,-3.973465633,0.000000000,0.000000000,true,0,0
6.770000,-1.915980364,-1.285914873,2.212495330,-0.873781159,-0.971816906,0.317690285,1.845540514,1.461416130,-0.845517014,-0.808079345,2.299256198,-3.889429032,0.000000000,0.000000000,true,0,0
6.780000,-1.924626039,-1.295559593,2.215629313,-0.855368348,-0.957089904,0.309042107,1.836801914,1.483770544,-0.883969913,-0.939862616,2.171016156,-3.800302401,0.000000000,0.000000000,true,0,0
6.790000,-1.933088044,-1.305055947,2.218674906,-0.837049535,-0.942145831,0.300013942,1.826738821,1.504824243,-0.921506095,-1.072978002,2.039113145,-3.706085738,0.000000000,0.000000000,true,0,0
6.800000,-1.941367387,-1.314401830,2.221628356,-0.818838031,-0.926997877,0.290615211,1.815337913,1.524540597,-0.958074661,-1.207425501,1.903547167,-3.606779044,0.000000000,0.000000000,true,0,0
6.810000,-1.949465208,-1.323595270,2.224486008,-0.800747281,-0.911659599,0.280855844,1.802585870,1.542882976,-0.993624709,-1.343205114,1.764318219,-3.502382320,0.000000000,0.000000000,true,0,0
6.820000,-1.957382781,-1.332634434,2.227244306,-0.782790862,-0.896144920,0.270746281,1.788469371,1.559814751,-1.028105340,-1.480316841,1.621426303,-3.392895565,0.000000000,0.000000000,true,0,0
6.830000,-1.965121518,-1.341517628,2.229899802,-0.764982486,-0.880468128,0.260297472,1.772975093,1.575299292,-1.061465654,-1.618760682,1.474871419,-3.278318779,0.000000000,0.000000000,true,0,0
6.840000,-1.972682970,-1.350243305,2.232449162,-0.747335997,-0.864643880,0.249520872,1.756089717,1.589299970,-1.093654749,-1.758536637,1.324653566,-3.158651962,0.000000000,0.000000000,true,0,0
6.850000,-1.980068824,-1.358810064,2.234889167,-0.729865373,-0.848687197,0.238428450,1.737799920,1.601780154,-1.124621726,-1.899644705,1.170772745,-3.033895114,0.000000000,0.000000000,true,0,0
6.860000,-1.987280911,-1.367216659,2.237216720,-0.712584724,-0.832613467,0.227032681,1.718092382,1.612703215,-1.154315685,-2.042084888,1.013228955,-2.904048235,0.000000000,0.000000000,true,0,0
6.870000,-1.994321200,-1.375461996,2.239428853,-0.695508296,-0.816438445,0.215346550,1.696953782,1.622032523,-1.182685724,-2.185857184,0.852022196,-2.769111325,0.000000000,0.000000000,true,0,0
6.880000,-2.001191805,-1.383545144,2.241522728,-0.678650463,-0.800178251,0.203383550,1.674370798,1.629731449,-1.209680944,-2.330961595,0.687152469,-2.629084385,0.000000000,0.000000000,true,0,0
6.890000,-2.007894986,-1.391465332,2.243495648,-0.662025739,-0.783849373,0.191157683,1.650330110,1.635763363,-1.235250445,-2.477398119,0.518619774,-2.483967414,0.000000000,0.000000000,true,0,0
6.900000,-2.014433146,-1.399221958,2.245345054,-0.645648765,-0.767468663,0.178683463,1.624818395,1.640091634,-1.259343326,-2.625166757,0.346424110,-2.333760411,0.000000000,0.000000000,true,0,0
6.910000,-2.020808836,-1.406814590,2.247068539,-0.629534319,-0.751053341,0.165975909,1.597822334,1.642679635,-1.281908686,-2.774267509,0.170565478,-2.178463378,0.000000000,0.000000000,true,0,0
6.920000,-2.027024757,-1.414242968,2.248663846,-0.613697310,-0.734620993,0.153050550,1.569328605,1.643490734,-1.302895627,-2.924700375,-0.008956123,-2.018076315,0.000000000,0.000000000,true,0,0
6.930000,-2.033083757,-1.421507013,2.250128877,-0.598152783,-0.718189572,0.139923427,1.539323886,1.642488302,-1.322253246,-3.076465355,-0.192140693,-1.852599220,0.000000000,0.000000000,true,0,0
6.940000,-2.038988838,-1.428606824,2.251461697,-0.582915914,-0.701777394,0.126611086,1.507794857,1.639635710,-1.339930644,-3.229562448,-0.378988230,-1.682032094,0.000000000,0.000000000,true,0,0
6.950000,-2.044743152,-1.435542687,2.252660538,-0.568002011,-0.685403147,0.113130585,1.474728197,1.634896328,-1.355876921,-3.383991656,-0.569498737,-1.506374938,0.000000000,0.000000000,true,0,0
6.960000,-2.050350006,-1.442315077,2.253723807,-0.553426519,-0.669085879,0.099499488,1.440110584,1.628233526,-1.370041176,-3.539752977,-0.763672212,-1.325627750,0.000000000,0.000000000,true,0,0
6.970000,-2.055812863,-1.448924659,2.254650086,-0.539205014,-0.652845010,0.085735871,1.403928697,1.619610674,-1.382372509,-3.696846412,-0.961508655,-1.139790532,0.000000000,0.000000000,true,0,0
6.980000,-2.061135339,-1.455372298,2.255438144,-0.525353204,-0.636700321,0.071858317,1.366169215,1.608991143,-1.392820020,-3.855271962,-1.163008067,-0.948863283,0.000000000,0.000000000,true,0,0
6.990000,-2.066321212,-1.461659054,2.256086937,-0.511886933,-0.620671965,0.057885919,1.326818817,1.596338303,-1.401332808,-4.015029625,-1.368170447,-0.752846003,0.000000000,0.000000000,true,0,0
7.000000,-2.071374416,-1.467786193,2.256595612,-0.498822175,-0.604780455,0.043838280,1.285864182,1.581615524,-1.407859973,-4.176119402,-1.576995796,-0.551738692,0.000000000,0.000000000,true,0,0
7.010000,-2.076299047,-1.473755188,2.256963518,-0.486175007,-0.589046634,0.029735469,1.243305533,1.564803030,-1.412366385,-4.334478225,-1.784428031,-0.350272292,0.000000000,0.000000000,true,0,0
7.020000,-2.081099361,-1.479567720,2.257190205,-0.473961230,-0.573491201,0.015597595,1.199197265,1.545948461,-1.414879992,-4.486043028,-1.985411068,-0.153177745,0.000000000,0.000000000,true,0,0
7.030000,-2.085779767,-1.485225674,2.257275419,-0.462196001,-0.558134257,0.001444366,1.153607319,1.525116306,-1.415444513,-4.630813810,-2.179944907,0.039544949,0.000000000,0.000000000,true,0,0
7.040000,-2.090344824,-1.490731132,2.257219105,-0.450893796,-0.542995252,-0.012704944,1.106603635,1.502371060,-1.414103666,-4.768790572,-2.368029549,0.227895791,0.000000000,0.000000000,true,0,0
7.050000,-2.094799232,-1.496086368,2.257021396,-0.440068414,-0.528092997,-0.026831502,1.058254154,1.477777213,-1.410901170,-4.899973313,-2.549664994,0.411874780,0.000000000,0.000000000,true,0,0
7.060000,-2.099147826,-1.501293842,2.256682612,-0.429732973,-0.513445655,-0.040916908,1.008626816,1.451399257,-1.405880743,-5.024362033,-2.724851241,0.591481917,0.000000000,0.000000000,true,0,0
7.070000,-2.103395567,-1.506356190,2.256203255,-0.419899911,-0.499070744,-0.054943203,0.957789560,1.423301685,-1.399086104,-5.141956732,-2.893588291,0.766717200,0.000000000,0.000000000,true,0,0
7.080000,-2.107547538,-1.511276221,2.255584004,-0.410580988,-0.484985138,-0.068892862,0.905810328,1.393548989,-1.390560972,-5.252757411,-3.055876144,0.937580631,0.000000000,0.000000000,true,0,0
7.090000,-2.111608937,-1.516056911,2.254825710,-0.401787284,-0.471205067,-0.082748799,0.852757059,1.362205660,-1.380349065,-5.356764069,-3.211714799,1.104072210,0.000000000,0.000000000,true,0,0
7.100000,-2.115585069,-1.520701393,2.253929396,-0.393529200,-0.457746112,-0.096494366,0.798697693,1.329336190,-1.368494101,-5.453976707,-3.361104256,1.266191935,0.000000000,0.000000000,true,0,0
7.110000,-2.119481339,-1.525212953,2.252896245,-0.385816458,-0.444623215,-0.110113350,0.743700171,1.295005072,-1.355039799,-5.544395324,-3.504044517,1.423939808,0.000000000,0.000000000,true,0,0
7.120000,-2.123303246,-1.529595025,2.251727603,-0.378658098,-0.431850668,-0.123589977,0.687832433,1.259276797,-1.340029877,-5.628019920,-3.640535579,1.577315828,0.000000000,0.000000000,true,0,0
7.130000,-2.127056377,-1.533851180,2.250424971,-0.372062483,-0.419442121,-0.136908908,0.631162420,1.222215858,-1.323508055,-5.704850495,-3.770577445,1.726319996,0.000000000,0.000000000,true,0,0
7.140000,-2.130746397,-1.537985124,2.248990000,-0.366037297,-0.407410578,-0.150055244,0.573758070,1.183886745,-1.305518050,-5.774887050,-3.894170113,1.870952310,0.000000000,0.000000000,true,0,0
7.150000,-2.134379048,-1.542000690,2.247424490,-0.360589543,-0.395768399,-0.163014521,0.515687325,1.144353953,-1.286103582,-5.838129584,-4.011313583,2.011212772,0.000000000,0.000000000,true,0,0
7.160000,-2.137960134,-1.545901829,2.245730380,-0.355725545,-0.384527297,-0.175772713,0.457018125,1.103681971,-1.265308368,-5.894578098,-4.122007856,2.147101382,0.000000000,0.000000000,true,0,0
7.170000,-2.141495523,-1.549692610,2.243909751,-0.351450949,-0.373698341,-0.188316232,0.397818410,1.061935293,-1.243176127,-5.944232590,-4.226252932,2.278618138,0.000000000,0.000000000,true,0,0
7.180000,-2.144991135,-1.553377205,2.241964815,-0.347770719,-0.363291958,-0.200631925,0.338156120,1.019178410,-1.219750578,-5.987093062,-4.324048810,2.405763042,0.000000000,0.000000000,true,0,0
7.190000,-2.148452933,-1.556959890,2.239897914,-0.344689142,-0.353317926,-0.212707078,0.278099196,0.975475814,-1.195075439,-6.023159514,-4.415395491,2.528536094,0.000000000,0.000000000,true,0,0
7.200000,-2.151886925,-1.560445035,2.237711516,-0.342209824,-0.343785379,-0.224529414,0.217715577,0.930891997,-1.169194429,-6.052431945,-4.500292974,2.646937292,0.000000000,0.000000000,true,0,0
7.210000,-2.155299147,-1.563837097,2.235408208,-0.340335693,-0.334702808,-0.236087092,0.157073203,0.885491452,-1.142151266,-6.074910355,-4.578741260,2.760966638,0.000000000,0.000000000,true,0,0
7.220000,-2.158695664,-1.567140617,2.232990695,-0.339068996,-0.326078058,-0.247368711,0.096240016,0.839338669,-1.113989669,-6.090594744,-4.650740349,2.870624131,0.000000000,0.000000000,true,0,0
7.230000,-2.162082557,-1.570360209,2.230461791,-0.338411302,-0.317918327,-0.258363303,0.035283955,0.792498142,-1.084753356,-6.099485113,-4.716290240,2.975909771,0.000000000,0.000000000,true,0,0
7.240000,-2.165465923,-1.573500556,2.227824421,-0.338363500,-0.310230172,-0.269060341,-0.025727039,0.745034362,-1.054486046,-6.101581461,-4.775390933,3.076823559,0.000000000,0.000000000,true,0,0
7.250000,-2.168851861,-1.576566404,2.225081610,-0.338925800,-0.303019503,-0.279449733,-0.086725027,0.697011821,-1.023231458,-6.096883788,-4.828042430,3.173365494,0.000000000,0.000000000,true,0,0
7.260000,-2.172246471,-1.579562555,2.222236484,-0.340097731,-0.296291583,-0.289521825,-0.147642068,0.648495011,-0.991033309,-6.085392095,-4.874244728,3.265535576,0.000000000,0.000000000,true,0,0
7.270000,-2.175655844,-1.582493860,2.219292262,-0.341878145,-0.290051035,-0.299267400,-0.208410222,0.599548424,-0.957935319,-6.067106381,-4.913997830,3.353333806,0.000000000,0.000000000,true,0,0
7.280000,-2.179086056,-1.585365214,2.216252253,-0.344265213,-0.284301833,-0.308677678,-0.268961549,0.550236551,-0.923981206,-6.042026646,-4.947301734,3.436760183,0.000000000,0.000000000,true,0,0
7.290000,-2.182543162,-1.588181546,2.213119854,-0.347256427,-0.279047307,-0.317744316,-0.329228109,0.500623886,-0.889214688,-6.010152891,-4.974156440,3.515814707,0.000000000,0.000000000,true,0,0
7.300000,-2.186033188,-1.590947818,2.209898539,-0.350848599,-0.274290142,-0.326459410,-0.389141960,0.450774920,-0.853679485,-5.971485115,-4.994561949,3.590497378,0.000000000,0.000000000,true,0,0
7.310000,-2.189562124,-1.593669013,2.206591862,-0.355037864,-0.270032381,-0.334815489,-0.448635164,0.400754145,-0.817419313,-5.926023318,-5.008518261,3.660808197,0.000000000,0.000000000,true,0,0
7.320000,-2.193135920,-1.596350135,2.203203449,-0.359819674,-0.266275417,-0.342805525,-0.507639780,0.350626052,-0.780477893,-5.873767501,-5.016025375,3.726747163,0.000000000,0.000000000,true,0,0
7.330000,-2.196760476,-1.598996194,2.199736994,-0.365188804,-0.263020003,-0.350422922,-0.566087867,0.300455134,-0.742898943,-5.814717663,-5.017083292,3.788314276,0.000000000,0.000000000,true,0,0
7.340000,-2.200441635,-1.601612207,2.196196253,-0.371139350,-0.260266242,-0.357661524,-0.623911486,0.250305884,-0.704726181,-5.748873804,-5.011692012,3.845509537,0.000000000,0.000000000,true,0,0
7.350000,-2.204185179,-1.604203189,2.192585045,-0.377664726,-0.258013598,-0.364515612,-0.681042697,0.200242791,-0.666003325,-5.676235925,-4.999851534,3.898332945,0.000000000,0.000000000,true,0,0
7.360000,-2.207996821,-1.606774145,2.188907241,-0.384757669,-0.256260884,-0.370979903,-0.737413558,0.150330350,-0.626774095,-5.596804025,-4.981561858,3.946784500,0.000000000,0.000000000,true,0,0
7.370000,-2.211882198,-1.609330067,2.185166763,-0.392410236,-0.255006274,-0.377049552,-0.792956130,0.100633052,-0.587082208,-5.510578104,-4.956822985,3.990864203,0.000000000,0.000000000,true,0,0
7.380000,-2.215846863,-1.611875923,2.181367580,-0.400613804,-0.254247291,-0.382720151,-0.847602473,0.051215388,-0.546971383,-5.417558163,-4.925634915,4.030572053,0.000000000,0.000000000,true,0,0
7.390000,-2.219896280,-1.614416655,2.177513703,-0.409359072,-0.253980819,-0.387987729,-0.901284647,0.002141851,-0.506485340,-5.317744200,-4.887997647,4.065908050,0.000000000,0.000000000,true,0,0
7.400000,-2.224035816,-1.616957169,2.173609180,-0.418636057,-0.254203092,-0.392848753,-0.953934711,-0.046523068,-0.465667795,-5.211136218,-4.843911182,4.096872194,0.000000000,0.000000000,true,0,0
7.410000,-2.228270738,-1.619502331,2.169658094,-0.428434099,-0.254909703,-0.397300125,-1.005484725,-0.094714876,-0.424562469,-5.097734214,-4.793375520,4.123464486,0.000000000,0.000000000,true,0,0
7.420000,-2.232606198,-1.622056960,2.165664552,-0.438741858,-0.256095598,-0.401339188,-1.055866748,-0.142369081,-0.383213078,-4.977538190,-4.736390660,4.145684925,0.000000000,0.000000000,true,0,0
7.430000,-2.237047234,-1.624625822,2.161632692,-0.449547314,-0.257755078,-0.404963719,-1.105012842,-0.189421192,-0.341663343,-4.850548145,-4.672956602,4.163533511,0.000000000,0.000000000,true,0,0
7.440000,-2.241598761,-1.627213620,2.157566666,-0.460837769,-0.259881800,-0.408171933,-1.152855064,-0.235806716,-0.299956981,-4.716764080,-4.603073348,4.177010245,0.000000000,0.000000000,true,0,0
7.450000,-2.246265561,-1.629824992,2.153470645,-0.472599843,-0.262468775,-0.410962482,-1.199325477,-0.281461161,-0.258137711,-4.576185994,-4.526740895,4.186115126,0.000000000,0.000000000,true,0,0
7.460000,-2.251052283,-1.632464504,2.149348811,-0.484819479,-0.265508371,-0.413334457,-1.244356138,-0.326320036,-0.216249251,-4.428813887,-4.443959246,4.190848154,0.000000000,0.000000000,true,0,0
7.470000,-2.255963427,-1.635136641,2.145205353,-0.497481940,-0.268992309,-0.415287383,-1.287879108,-0.370318849,-0.174335321,-4.274647760,-4.354728399,4.191209329,0.000000000,0.000000000,true,0,0
7.480000,-2.261003346,-1.637845802,2.141044461,-0.510571809,-0.272911666,-0.416821224,-1.329826446,-0.413393107,-0.132439638,-4.113687611,-4.259048354,4.187198652,0.000000000,0.000000000,true,0,0
7.490000,-2.266176234,-1.640596293,2.136870324,-0.524072990,-0.277256874,-0.417936382,-1.370130213,-0.455478319,-0.090605921,-3.945933443,-4.156919112,4.178816122,0.000000000,0.000000000,true,0,0
7.500000,-2.271486121,-1.643392325,2.132687126,-0.537968708,-0.282017721,-0.418633695,-1.408722468,-0.496509992,-0.048877888,-3.771385253,-4.048340673,4.166061739,0.000000000,0.000000000,true,0,0
7.510000,-2.276936866,-1.646237997,2.128499039,-0.552241508,-0.287183347,-0.418914438,-1.445535271,-0.536423635,-0.007299259,-3.590043043,-3.933313036,4.148935504,0.000000000,0.000000000,true,0,0
7.520000,-2.282532148,-1.649137302,2.124310220,-0.566873256,-0.292742252,-0.418780324,-1.480500682,-0.575154755,0.034086249,-3.401906812,-3.811836202,4.127437416,0.000000000,0.000000000,true,0,0
7.530000,-2.288275465,-1.652094113,2.120124808,-0.581845137,-0.298682286,-0.418233502,-1.513550761,-0.612638861,0.075234917,-3.206976561,-3.683910170,4.101567475,0.000000000,0.000000000,true,0,0
7.540000,-2.294170120,-1.655112176,2.115946917,-0.597137660,-0.304990657,-0.417276560,-1.544617567,-0.648811461,0.116103026,-3.005252288,-3.549534941,4.071325682,0.000000000,0.000000000,true,0,0
7.550000,-2.300219219,-1.658195109,2.111780634,-0.612730651,-0.311653928,-0.415912523,-1.573633160,-0.683608063,0.156646858,-2.796733995,-3.408710515,4.036712036,0.000000000,0.000000000,true,0,0
7.560000,-2.306425665,-1.661346391,2.107630012,-0.628603259,-0.318658017,-0.414144850,-1.600529600,-0.716964174,0.196822694,-2.581421682,-3.261436891,3.997726537,0.000000000,0.000000000,true,0,0
7.570000,-2.312792145,-1.664569356,2.103499069,-0.644733953,-0.325988195,-0.411977441,-1.625238947,-0.748815303,0.236586816,-2.359315348,-3.107714069,3.954369185,0.000000000,0.000000000,true,0,0
7.580000,-2.319321130,-1.667867190,2.099391781,-0.661100521,-0.333629091,-0.409414632,-1.647693260,-0.779096958,0.275895505,-2.130414993,-2.947542051,3.906639981,0.000000000,0.000000000,true,0,0
7.590000,-2.326014865,-1.671242921,2.095312079,-0.677680075,-0.341564688,-0.406461195,-1.667824600,-0.807744647,0.314705042,-1.894720617,-2.780920834,3.854538924,0.000000000,0.000000000,true,0,0
7.600000,-2.332875363,-1.674699411,2.091263842,-0.694449044,-0.349778323,-0.403122340,-1.685565026,-0.834693878,0.352971710,-1.652232221,-2.607850421,3.798066014,0.000000000,0.000000000,true,0,0
7.610000,-2.339904397,-1.678239356,2.087250898,-0.711383179,-0.358252689,-0.399403716,-1.700846598,-0.859880158,0.390651790,-1.402949804,-2.428330810,3.737221252,0.000000000,0.000000000,true,0,0
7.620000,-2.347103494,-1.681865274,2.083277014,-0.728457553,-0.366969834,-0.395311406,-1.713601375,-0.883238996,0.427701562,-1.146873366,-2.242362001,3.672004637,0.000000000,0.000000000,true,0,0
7.630000,-2.354473930,-1.685579500,2.079345894,-0.745646558,-0.375911162,-0.390851931,-1.723761418,-0.904705901,0.464077310,-0.884002908,-2.049943995,3.602416169,0.000000000,0.000000000,true,0,0
7.640000,-2.362016720,-1.689384181,2.075461176,-0.762923906,-0.385057431,-0.386032252,-1.731258787,-0.924216379,0.499735313,-0.614338429,-1.851076792,3.528455848,0.000000000,0.000000000,true,0,0
7.650000,-2.369732613,-1.693281266,2.071626425,-0.780262631,-0.394388753,-0.380859763,-1.736025540,-0.941705939,0.534631854,-0.337879930,-1.645760391,3.450123675,0.000000000,0.000000000,true,0,0
7.660000,-2.377622085,-1.697272504,2.067845131,-0.797635088,-0.403884598,-0.375342299,-1.737993738,-0.957110090,0.568723214,-0.054627409,-1.433994793,3.367419649,0.000000000,0.000000000,true,0,0
7.670000,-2.385685333,-1.701359436,2.064120701,-0.815012951,-0.413523789,-0.369488129,-1.737095442,-0.970364338,0.601965674,0.235419132,-1.215779998,3.280343770,0.000000000,0.000000000,true,0,0
7.680000,-2.393922266,-1.705543385,2.060456461,-0.832367215,-0.423284504,-0.363305961,-1.733262709,-0.981404192,0.634315516,0.532259693,-0.991116005,3.188896039,0.000000000,0.000000000,true,0,0
7.690000,-2.402332500,-1.709825456,2.056855645,-0.849668197,-0.433144276,-0.356804940,-1.726427601,-0.990165161,0.665729022,0.835894276,-0.760002814,3.093076455,0.000000000,0.000000000,true,0,0
7.700000,-2.410915351,-1.714206524,2.053321393,-0.866885533,-0.443079996,-0.349994647,-1.716522177,-0.996582751,0.696162472,1.146322879,-0.522440426,2.992885018,0.000000000,0.000000000,true,0,0
7.710000,-2.419669828,-1.718687230,2.049856750,-0.883988180,-0.453067905,-0.342885103,-1.703478497,-1.000592472,0.725572149,1.463545502,-0.278428841,2.888321729,0.000000000,0.000000000,true,0,0
7.720000,-2.428594626,-1.723267975,2.046464654,-0.900944416,-0.463083604,-0.335486762,-1.687228620,-1.002129831,0.753914334,1.787562147,-0.027968058,2.779386587,0.000000000,0.000000000,true,0,0
7.730000,-2.437688120,-1.727948911,2.043147941,-0.917721839,-0.473102046,-0.327810520,-1.667704607,-1.001130336,0.781145308,2.118372812,0.228941922,2.666079592,0.000000000,0.000000000,true,0,0
7.740000,-2.446948357,-1.732729939,2.039909332,-0.934287368,-0.483097539,-0.319867706,-1.644838517,-0.997529495,0.807221353,2.455977497,0.492301099,2.548400744,0.000000000,0.000000000,true,0,0
7.750000,-2.456373049,-1.737610698,2.036751436,-0.950607242,-0.493043749,-0.311670088,-1.618562410,-0.991262816,0.832098750,2.800376204,0.762109474,2.426350044,0.000000000,0.000000000,true,0,0
7.760000,-2.465959568,-1.742590560,2.033676739,-0.966647023,-0.502913695,-0.303229872,-1.588808346,-0.982265808,0.855733781,3.151568931,1.038367047,2.299927491,0.000000000,0.000000000,true,0,0
7.770000,-2.475704939,-1.747668625,2.030687605,-0.982371589,-0.512679750,-0.294559700,-1.555508385,-0.970473978,0.878082727,3.509555679,1.321073816,2.169133085,0.000000000,0.000000000,true,0,0
7.780000,-2.485605830,-1.752843715,2.027786268,-0.997745144,-0.522313643,-0.285672650,-1.518594586,-0.955822834,0.899101870,3.874336447,1.610229784,2.033966827,0.000000000,0.000000000,true,0,0
7.790000,-2.495658550,-1.758114361,2.024974830,-1.012731209,-0.531786460,-0.276582241,-1.477999009,-0.938247885,0.918747491,4.245911236,1.905834948,1.894428716,0.000000000,0.000000000,true,0,0
7.800000,-2.505859039,-1.763478808,2.022255255,-1.027292625,-0.541068640,-0.267302425,-1.433653714,-0.917684638,0.936975872,4.624280046,2.207889310,1.750518752,0.000000000,0.000000000,true,0,0
7.810000,-2.516202861,-1.768934998,2.019629365,-1.041391557,-0.550129977,-0.257847593,-1.385490762,-0.894068602,0.953743293,5.009442876,2.516392870,1.602236936,0.000000000,0.000000000,true,0,0
7.820000,-2.526685200,-1.774480569,2.017098837,-1.054989489,-0.558939621,-0.248232574,-1.333442210,-0.867335283,0.969006037,5.401399727,2.831345627,1.449583266,0.000000000,0.000000000,true,0,0
7.830000,-2.537300850,-1.780112847,2.014665197,-1.068047223,-0.567466077,-0.238472634,-1.277440120,-0.837420192,0.982720386,5.800150599,3.152747581,1.292557744,0.000000000,0.000000000,true,0,0
7.840000,-2.548044211,-1.785828839,2.012329815,-1.080524886,-0.575677204,-0.228583474,-1.217416552,-0.804258834,0.994842619,6.205695491,3.480598733,1.131160370,0.000000000,0.000000000,true,0,0
7.850000,-2.558909279,-1.791625231,2.010093904,-1.092381923,-0.583540218,-0.218581234,-1.153303564,-0.767786720,1.005329020,6.618034405,3.814899082,0.965391142,0.000000000,0.000000000,true,0,0
7.860000,-2.569889643,-1.797498372,2.007958512,-1.103577099,-0.591021688,-0.208482492,-1.085033217,-0.727939356,1.014135869,7.037167338,4.155648629,0.795250062,0.000000000,0.000000000,true,0,0
7.870000,-2.580978475,-1.803444279,2.005924519,-1.114068503,-0.598087539,-0.198304261,-1.012537570,-0.684652250,1.021219449,7.463094293,4.502847373,0.620737130,0.000000000,0.000000000,true,0,0
7.880000,-2.592168525,-1.809458622,2.003992634,-1.123813540,-0.604703052,-0.188063993,-0.935748684,-0.637860911,1.026536039,7.895815268,4.856495314,0.441852344,0.000000000,0.000000000,true,0,0
7.890000,-2.603452114,-1.815536721,2.002163387,-1.132768939,-0.610832861,-0.177779576,-0.854598618,-0.587500846,1.030041923,8.335330264,5.216592453,0.258595706,0.000000000,0.000000000,true,0,0
7.900000,-2.614821126,-1.821673540,2.000437128,-1.140890749,-0.616440958,-0.167469336,-0.769019432,-0.533507564,1.031693380,8.781639280,5.583138790,0.070967215,0.000000000,0.000000000,true,0,0
7.910000,-2.626267002,-1.827863679,1.998814024,-1.148134338,-0.621490687,-0.157152035,-0.678943186,-0.475816573,1.031446694,9.234742317,5.956134323,-0.121033128,0.000000000,0.000000000,true,0,0
7.920000,-2.637780734,-1.834101368,1.997294047,-1.154454396,-0.625944749,-0.146846875,-0.584301939,-0.414363381,1.029258145,9.694639375,6.335579055,-0.317405325,0.000000000,0.000000000,true,0,0
7.930000,-2.649352858,-1.840380462,1.995876980,-1.159804933,-0.629765199,-0.136573491,-0.485027752,-0.349083495,1.025084015,10.161330454,6.721472983,-0.518149373,0.000000000,0.000000000,true,0,0
7.940000,-2.660973446,-1.846694432,1.994562405,-1.164139281,-0.632913448,-0.126351959,-0.381052683,-0.279912424,1.018880585,10.634815553,7.113816109,-0.723265275,0.000000000,0.000000000,true,0,0
7.950000,-2.672632099,-1.853036360,1.993349700,-1.167410091,-0.635350262,-0.116202790,-0.272308794,-0.206785675,1.010604136,11.115094673,7.512608433,-0.932753030,0.000000000,0.000000000,true,0,0
7.960000,-2.684317942,-1.859398933,1.992238038,-1.169569334,-0.637035761,-0.106146932,-0.158728143,-0.129638758,1.000210951,11.602167813,7.917849954,-1.146612637,0.000000000,0.000000000,true,0,0
7.970000,-2.696019618,-1.865774435,1.991226379,-1.170568305,-0.637929421,-0.096205772,-0.040242791,-0.048407179,0.987657311,12.096034975,8.329540672,-1.364844096,0.000000000,0.000000000,true,0,0
7.980000,-2.707725276,-1.872154744,1.990313467,-1.170357615,-0.637990074,-0.086401133,0.083215203,0.036973553,0.972899497,12.596696156,8.747680588,-1.587447409,0.000000000,0.000000000,true,0,0
7.990000,-2.719422571,-1.878531321,1.989497827,-1.168887199,-0.637175905,-0.076755275,0.211713779,0.126567930,0.955893790,13.104151359,9.172269701,-1.814422574,0.000000000,0.000000000,true,0,0
8.000000,-2.731098652,-1.884895205,1.988777757,-1.166106311,-0.635444455,-0.067290896,0.345320877,0.220440445,0.936596472,13.618400582,9.603308011,-2.045769592,0.000000000,0.000000000,true,0,0
8.010000,-2.742740158,-1.891237009,1.988151327,-1.161963704,-0.632752781,-0.058031063,0.484033421,0.318591482,0.914990531,14.118138790,10.021563746,-2.273476790,0.000000000,0.000000000,true,0,0
8.020000,-2.754333221,-1.897546921,1.987616378,-1.156409581,-0.629059217,-0.048998481,0.627564266,0.420765005,0.891165775,14.582060944,10.407805132,-2.489532496,0.000000000,0.000000000,true,0,0
8.030000,-2.765863490,-1.903814725,1.987170528,-1.149397551,-0.624325140,-0.040214755,0.775555253,0.526640870,0.865238719,15.010167046,10.762032169,-2.693936710,0.000000000,0.000000000,true,0,0
8.040000,-2.777316169,-1.910029837,1.986811185,-1.140884803,-0.618515126,-0.031700326,0.927648220,0.635898934,0.837325879,15.402457095,11.084244858,-2.886689432,0.000000000,0.000000000,true,0,0
8.050000,-2.788676052,-1.916181333,1.986535559,-1.130832108,-0.611596954,-0.023474469,1.083485008,0.748219053,0.807543769,15.758931091,11.374443197,-3.067790662,0.000000000,0.000000000,true,0,0
8.060000,-2.799927559,-1.922257985,1.986340673,-1.119203817,-0.603541605,-0.015555293,1.242707455,0.863281083,0.776008904,16.079589035,11.632627188,-3.237240400,0.000000000,0.000000000,true,0,0
8.070000,-2.811054769,-1.928248288,1.986223375,-1.105967867,-0.594323260,-0.007959745,1.404957402,0.980764882,0.742837799,16.364430926,11.858796829,-3.395038645,0.000000000,0.000000000,true,0,0
8.080000,-2.822041462,-1.934140498,1.986180347,-1.091095772,-0.583919302,-0.000703603,1.569876687,1.100350305,0.708146969,16.613456764,12.052952122,-3.541185399,0.000000000,0.000000000,true,0,0
8.090000,-2.832871147,-1.939922657,1.986208122,-1.074562629,-0.572310315,0.006198517,1.737107150,1.221717210,0.672052929,16.826666550,12.215093066,-3.675680660,0.000000000,0.000000000,true,0,0
8.100000,-2.843527106,-1.945582633,1.986303092,-1.056347118,-0.559480086,0.012733167,1.906290631,1.344545452,0.634672194,17.004060283,12.345219661,-3.798524429,0.000000000,0.000000000,true,0,0
8.110000,-2.853992422,-1.951108144,1.986461520,-1.036431500,-0.545415602,0.018888060,2.077068969,1.468514889,0.596121279,17.145637963,12.443331907,-3.909716706,0.000000000,0.000000000,true,0,0
8.120000,-2.864250021,-1.956486797,1.986679551,-1.014801617,-0.530107052,0.024652080,2.249084003,1.593305376,0.556516699,17.251399590,12.509429805,-4.009257492,0.000000000,0.000000000,true,0,0
8.130000,-2.874282705,-1.961706116,1.986953225,-0.991446892,-0.513547825,0.030015271,2.421977574,1.718596770,0.515974968,17.321345165,12.543513353,-4.097146784,0.000000000,0.000000000,true,0,0
8.140000,-2.884073186,-1.966753573,1.987278490,-0.966360331,-0.495734514,0.034968844,2.595391520,1.844068928,0.474612601,17.355474687,12.545582553,-4.173384585,0.000000000,0.000000000,true,0,0
8.150000,-2.893604127,-1.971616625,1.987651211,-0.939538521,-0.476666911,0.039505176,2.768967681,1.969401707,0.432546114,17.353788157,12.515637404,-4.237970894,0.000000000,0.000000000,true,0,0
8.160000,-2.902858172,-1.976282740,1.988067181,-0.910981630,-0.456348012,0.043617807,2.942347896,2.094274962,0.389892022,17.316285573,12.453677905,-4.290905711,0.000000000,0.000000000,true,0,0
8.170000,-2.911817988,-1.980739434,1.988522137,-0.880693410,-0.434784011,0.047301446,3.115174005,2.218368550,0.346766838,17.242966937,12.359704059,-4.332189035,0.000000000,0.000000000,true,0,0
8.180000,-2.920466294,-1.984974301,1.989011767,-0.848681191,-0.411984307,0.050551962,3.287087848,2.341362329,0.303287079,17.133832248,12.233715863,-4.361820868,0.000000000,0.000000000,true,0,0
8.190000,-2.928785901,-1.988975043,1.989531723,-0.814955888,-0.387961497,0.053366394,3.457731264,2.462936153,0.259569259,16.988881507,12.075713318,-4.379801208,0.000000000,0.000000000,true,0,0
8.200000,-2.936759749,-1.992729506,1.990077635,-0.779531994,-0.362731384,0.055742942,3.626746091,2.582769881,0.215729893,16.808114713,11.885696424,-4.386130056,0.000000000,0.000000000,true,0,0
8.210000,-2.944370939,-1.996225710,1.990645120,-0.742427588,-0.336312967,0.057680975,3.793774171,2.700543367,0.171885496,16.591531866,11.663665182,-4.380807412,0.000000000,0.000000000,true,0,0
8.220000,-2.951602771,-1.999451878,1.991229794,-0.703664327,-0.308728451,0.059181024,3.958457342,2.815936470,0.128152583,16.339132966,11.409619591,-4.363833276,0.000000000,0.000000000,true,0,0
8.230000,-2.958438780,-2.002396476,1.991827286,-0.663267452,-0.280003240,0.060244787,4.120437443,2.928629045,0.084647669,16.050918014,11.123559651,-4.335207648,0.000000000,0.000000000,true,0,0
8.240000,-2.964862770,-2.005048236,1.992433245,-0.621265783,-0.250165939,0.060875126,4.279356315,3.038300948,0.041487269,15.726887009,10.805485362,-4.294930528,0.000000000,0.000000000,true,0,0
8.250000,-2.970858854,-2.007396193,1.993043357,-0.577691723,-0.219248357,0.061076069,4.434855797,3.144632037,-0.001212103,15.367039951,10.455396724,-4.243001915,0.000000000,0.000000000,true,0,0
8.260000,-2.976411483,-2.009429718,1.993653352,-0.532581258,-0.187285502,0.060852809,4.586577727,3.247302168,-0.043333931,14.971376841,10.073293737,-4.179421811,0.000000000,0.000000000,true,0,0
8.270000,-2.981505489,-2.011138546,1.994259020,-0.485973954,-0.154315584,0.060211704,4.734163947,3.345991197,-0.084761701,14.539897678,9.659176402,-4.104190214,0.000000000,0.000000000,true,0,0
8.280000,-2.986126116,-2.012512811,1.994856218,-0.437912959,-0.120380015,0.059160277,4.877256294,3.440378982,-0.125378897,14.072602462,9.213044717,-4.017307126,0.000000000,0.000000000,true,0,0
8.290000,-2.990259058,-2.013543076,1.995440887,-0.388445002,-0.085523409,0.057707216,5.015496609,3.530145377,-0.165069005,13.569491193,8.734898684,-3.918772545,0.000000000,0.000000000,true,0,0
8.300000,-2.993890493,-2.014220368,1.996009057,-0.337620394,-0.049793579,0.055862375,5.148526731,3.614970241,-0.203715510,13.030563872,8.224738302,-3.808586472,0.000000000,0.000000000,true,0,0
8.310000,-2.997007123,-2.014536207,1.996556865,-0.285493029,-0.013241543,0.053636773,5.275988500,3.694533429,-0.241201896,12.455820498,7.682563571,-3.686748907,0.000000000,0.000000000,true,0,0
8.320000,-2.999596203,-2.014482638,1.997080563,-0.232120379,0.024078483,0.051042593,5.397523754,3.768514798,-0.277411650,11.845261072,7.108374491,-3.553259850,0.000000000,0.000000000,true,0,0
8.330000,-3.001645583,-2.014052268,1.997576532,-0.177563502,0.062109080,0.048093184,5.512774334,3.836594204,-0.312228255,11.198885592,6.502171062,-3.408119301,0.000000000,0.000000000,true,0,0
8.340000,-3.003143740,-2.013238290,1.998041291,-0.121887035,0.100789627,0.044803060,5.621382079,3.898451505,-0.345535197,10.516694060,5.863953284,-3.251327260,0.000000000,0.000000000,true,0,0
8.350000,-3.004079818,-2.012034521,1.998471510,-0.065159197,0.140056303,0.041187900,5.722988829,3.953766555,-0.377215962,9.798686476,5.193721158,-3.082883726,0.000000000,0.000000000,true,0,0
8.360000,-3.004443659,-2.010435433,1.998864022,-0.007451789,0.179842083,0.037264549,5.817236422,4.002219213,-0.407154034,9.044862838,4.491474682,-2.902788701,0.000000000,0.000000000,true,0,0
8.370000,-3.004225840,-2.008436183,1.999215834,0.051159807,0.220076745,0.033051017,5.903766699,4.043489335,-0.435232898,8.255223148,3.757213858,-2.711042183,0.000000000,0.000000000,true,0,0
8.380000,-3.003417711,-2.006032646,1.999524139,0.110596626,0.260686861,0.028566477,5.982221498,4.077256776,-0.461336039,7.429767405,2.990938685,-2.507644174,0.000000000,0.000000000,true,0,0
8.390000,-3.002011431,-2.003221449,1.999786327,0.170776124,0.301595804,0.023831270,6.052242660,4.103201394,-0.485346943,6.568495609,2.192649163,-2.292594672,0.000000000,0.000000000,true,0,0
8.400000,-3.000000000,-2.000000000,2.000000000,0.231612174,0.342723746,0.018866901,6.113472023,4.121003045,-0.507149094,5.671407761,1.362345292,-2.065893678,0.000000000,0.000000000,true,0,0
8.410000,-2.997377297,-1.996366520,2.000162977,0.293015297,0.383987888,0.013695967,6.165644236,4.130434752,-0.526654845,4.766346057,0.527977250,-1.836201402,0.000000000,0.000000000,true,0,0
8.420000,-2.994138105,-1.992320066,2.000273307,0.354895221,0.425305027,0.008341366,6.208865172,4.131642210,-0.543892018,3.881152693,-0.282504785,-1.612178053,0.000000000,0.000000000,true,0,0
8.430000,-2.990278099,-1.987860514,2.000329267,0.417163425,0.466594114,0.002825500,6.243333517,4.124864277,-0.558917303,3.015827670,-1.069100815,-1.393823633,0.000000000,0.000000000,true,0,0
8.440000,-2.985793831,-1.982988540,2.000329352,0.479733378,0.507776490,-0.002829796,6.269247954,4.110339813,-0.571787388,2.170370988,-1.831810837,-1.181138140,0.000000000,0.000000000,true,0,0
8.450000,-2.980682708,-1.977705594,2.000272277,0.542520534,0.548775885,-0.008603253,6.286807165,4.088307680,-0.582558962,1.344782646,-2.570634854,-0.974121575,0.000000000,0.000000000,true,0,0
8.460000,-2.974942972,-1.972013878,2.000156963,0.605442333,0.589518415,-0.014474169,6.296209834,4.059006736,-0.591288716,0.539062645,-3.285572864,-0.772773938,0.000000000,0.000000000,true,0,0
8.470000,-2.968573681,-1.965916321,1.999982536,0.668418204,0.629932586,-0.020422410,6.297654646,4.022675843,-0.598033337,-0.246789015,-3.976624868,-0.577095228,0.000000000,0.000000000,true,0,0
8.480000,-2.961574689,-1.959416552,1.999748322,0.731369562,0.669949295,-0.026428408,6.291340282,3.979553859,-0.602849516,-1.012772335,-4.643790865,-0.387085446,0.000000000,0.000000000,true,0,0
8.490000,-2.953946627,-1.952518882,1.999453839,0.794219808,0.709501823,-0.032473161,6.277465427,3.929879645,-0.605793943,-1.758887313,-5.287070856,-0.202744592,0.000000000,0.000000000,true,0,0
8.500000,-2.945690879,-1.945228277,1.999098791,0.856894331,0.748525843,-0.038538237,6.256228763,3.873892062,-0.606923305,-2.485133952,-5.906464841,-0.024072666,0.000000000,0.000000000,true,0,0
8.510000,-2.936809568,-1.937550334,1.998683066,0.919320506,0.786959416,-0.044605766,6.227828975,3.811829969,-0.606294292,-3.191512249,-6.501972819,0.148930333,0.000000000,0.000000000,true,0,0
8.520000,-2.927305533,-1.929491256,1.998206725,0.981427696,0.824742990,-0.050658450,6.192464746,3.743932226,-0.603963595,-3.878022206,-7.073594791,0.316264404,0.000000000,0.000000000,true,0,0
8.530000,-2.917182307,-1.921057831,1.997670002,1.043147249,0.861819404,-0.056679555,6.150334759,3.670437693,-0.599987901,-4.544663823,-7.621330756,0.477929547,0.000000000,0.000000000,true,0,0
8.540000,-2.906444102,-1.912257408,1.997073293,1.104412501,0.898133884,-0.062652914,6.101637698,3.591585230,-0.594423900,-5.191437098,-8.145180715,0.633925762,0.000000000,0.000000000,true,0,0
8.550000,-2.895095787,-1.903097868,1.996417155,1.165158775,0.933634045,-0.068562927,6.046572245,3.507613699,-0.587328282,-5.818342033,-8.645144668,0.784253050,0.000000000,0.000000000,true,0,0
8.560000,-2.883142866,-1.893587608,1.995702296,1.225323380,0.968269891,-0.074394563,5.985337085,3.418761957,-0.578757735,-6.425378628,-9.121222614,0.928911410,0.000000000,0.000000000,true,0,0
8.570000,-2.870591461,-1.883735511,1.994929573,1.284845613,1.001993813,-0.080133355,5.918130900,3.325268866,-0.568768950,-7.012546881,-9.573414554,1.067900842,0.000000000,0.000000000,true,0,0
8.580000,-2.857448291,-1.873550923,1.994099985,1.343666757,1.034760593,-0.085765403,5.845152375,3.227373286,-0.557418615,-7.579846794,-10.001720487,1.201221346,0.000000000,0.000000000,true,0,0
8.590000,-2.843720652,-1.863043632,1.993214666,1.401730082,1.066527400,-0.091277377,5.766600192,3.125314077,-0.544763420,-8.127278366,-10.406140414,1.328872923,0.000000000,0.000000000,true,0,0
8.600000,-2.829416398,-1.852223843,1.992274880,1.458980844,1.097253792,-0.096656511,5.682673035,3.019330098,-0.530860053,-8.654841598,-10.786674335,1.450855572,0.000000000,0.000000000,true,0,0
8.610000,-2.814543920,-1.841102152,1.991282019,1.515366288,1.126901716,-0.101890607,5.593569588,2.909660210,-0.515765205,-9.162536489,-11.143322250,1.567169293,0.000000000,0.000000000,true,0,0
8.620000,-2.799112126,-1.829689523,1.990237590,1.570835644,1.155435506,-0.106968033,5.499488533,2.796543273,-0.499535564,-9.650363039,-11.476084157,1.677814086,0.000000000,0.000000000,true,0,0
8.630000,-2.783130423,-1.817997266,1.989143217,1.625340129,1.182821887,-0.111877724,5.400628555,2.680218147,-0.482227819,-10.118321249,-11.784960059,1.782789952,0.000000000,0.000000000,true,0,0
8.640000,-2.766608696,-1.806037013,1.988000630,1.678832947,1.209029971,-0.116609184,5.297188336,2.560923692,-0.463898661,-10.566411118,-12.069949954,1.882096890,0.000000000,0.000000000,true,0,0
8.650000,-2.749557286,-1.793820690,1.986811661,1.731269290,1.234031260,-0.121152482,5.189366560,2.438898768,-0.444604778,-10.994632646,-12.331053843,1.975734900,0.000000000,0.000000000,true,0,0
8.660000,-2.731986975,-1.781360498,1.985578239,1.782606336,1.257799641,-0.125498253,5.077361911,2.314382235,-0.424402859,-11.402985834,-12.568271725,2.063703982,0.000000000,0.000000000,true,0,0
8.670000,-2.713908960,-1.768668886,1.984302384,1.832803248,1.280311395,-0.129637701,4.961373072,2.187612953,-0.403349595,-11.791470681,-12.781603601,2.146004137,0.000000000,0.000000000,true,0,0
8.680000,-2.695334840,-1.755758530,1.982986200,1.881821179,1.301545187,-0.133562596,4.841598725,2.058829783,-0.381501673,-12.160087187,-12.971049471,2.222635364,0.000000000,0.000000000,true,0,0
8.690000,-2.676276590,-1.742642306,1.981631873,1.929623266,1.321482074,-0.137265275,4.718237556,1.928271584,-0.358915784,-12.508835353,-13.136609334,2.293597663,0.000000000,0.000000000,true,0,0
8.700000,-2.656746544,-1.729333267,1.980241659,1.976174636,1.340105499,-0.140738641,4.591488246,1.796177216,-0.335648616,-12.837715178,-13.278283191,2.358891034,0.000000000,0.000000000,true,0,0
8.710000,-2.636757376,-1.715844621,1.978817886,2.021442400,1.357401294,-0.143976165,4.461549480,1.662785540,-0.311756860,-13.146726662,-13.396071042,2.418515478,0.000000000,0.000000000,true,0,0
8.720000,-2.616322078,-1.702189706,1.977362942,2.065395656,1.373357681,-0.146971885,4.328619941,1.528335415,-0.287297203,-13.435869805,-13.489972886,2.472470994,0.000000000,0.000000000,true,0,0
8.730000,-2.595453941,-1.688381964,1.975879272,2.108005492,1.387965270,-0.149720405,4.192898312,1.393065702,-0.262326336,-13.705144608,-13.559988723,2.520757582,0.000000000,0.000000000,true,0,0
8.740000,-2.574166536,-1.674434920,1.974369374,2.149244978,1.401217059,-0.152216897,4.054583276,1.257215261,-0.236900948,-13.954551071,-13.606118555,2.563375242,0.000000000,0.000000000,true,0,0
8.750000,-2.552473692,-1.660362158,1.972835789,2.189089175,1.413108436,-0.154457098,3.913873518,1.121022951,-0.211077728,-14.184089192,-13.628362380,2.600323975,0.000000000,0.000000000,true,0,0
8.760000,-2.530389480,-1.646177294,1.971281099,2.227515128,1.423637175,-0.156437314,3.770967720,0.984727633,-0.184913365,-14.393758973,-13.626720198,2.631603780,0.000000000,0.000000000,true,0,0
8.770000,-2.507928188,-1.631893956,1.969707920,2.264501871,1.432803441,-0.158154417,3.626064566,0.848568167,-0.158464549,-14.583560414,-13.601192010,2.657214657,0.000000000,0.000000000,true,0,0
8.780000,-2.485104303,-1.617525758,1.968118896,2.300030424,1.440609788,-0.159605846,3.479362740,0.712783413,-0.131787968,-14.753493513,-13.551777816,2.677156606,0.000000000,0.000000000,true,0,0
8.790000,-2.461932497,-1.603086277,1.966516695,2.334083793,1.447061155,-0.160789606,3.331060924,0.577612231,-0.104940313,-14.903558272,-13.478477616,2.691429628,0.000000000,0.000000000,true,0,0
8.800000,-2.438427595,-1.588589028,1.964904001,2.366646971,1.452164874,-0.161704271,3.181357802,0.443293481,-0.077978272,-15.033754690,-13.381291409,2.700033722,0.000000000,0.000000000,true,0,0
8.810000,-2.414604568,-1.574047440,1.963283509,2.397706940,1.455930662,-0.162348979,3.030452058,0.310066023,-0.050958535,-15.144082768,-13.260219195,2.702968888,0.000000000,0.000000000,true,0,0
8.820000,-2.390478504,-1.559474834,1.961657922,2.427252666,1.458370628,-0.162723438,2.878542374,0.178168717,-0.023937791,-15.234542505,-13.115260976,2.700235126,0.000000000,0.000000000,true,0,0
8.830000,-2.366064593,-1.544884399,1.960029941,2.455275103,1.459499267,-0.162827921,2.725827435,0.047840423,0.003027271,-15.305133901,-12.946416749,2.691832437,0.000000000,0.000000000,true,0,0
8.840000,-2.341378103,-1.530289164,1.958402261,2.481767193,1.459333463,-0.162663267,2.572505924,-0.080679998,0.029879962,-15.355856957,-12.753686517,2.677760820,0.000000000,0.000000000,true,0,0
8.850000,-2.316434367,-1.515701980,1.956777568,2.506723862,1.457892489,-0.162230885,2.418776524,-0.207153687,0.056563591,-15.386711672,-12.537070278,2.658020275,0.000000000,0.000000000,true,0,0
8.860000,-2.291248755,-1.501135493,1.955158529,2.530142026,1.455198007,-0.161532748,2.264837919,-0.331341784,0.083021471,-15.397698046,-12.296568033,2.632610802,0.000000000,0.000000000,true,0,0
8.870000,-2.265836659,-1.486602118,1.953547790,2.552020586,1.451274068,-0.160571397,2.110888791,-0.453005428,0.109196911,-15.388816080,-12.032179781,2.601532402,0.000000000,0.000000000,true,0,0
8.880000,-2.240213472,-1.472114022,1.951947968,2.572360429,1.446147110,-0.159349940,1.957127825,-0.571905759,0.135033222,-15.360065773,-11.743905523,2.564785074,0.000000000,0.000000000,true,0,0
8.890000,-2.214394570,-1.457683090,1.950361646,2.591164432,1.439845960,-0.157872052,1.803753703,-0.687803918,0.160473716,-15.311447125,-11.431745258,2.522368818,0.000000000,0.000000000,true,0,0
8.900000,-2.188395287,-1.443320913,1.948791368,2.608437455,1.432401835,-0.156141974,1.650965110,-0.800461044,0.185461702,-15.242960137,-11.095698988,2.474283634,0.000000000,0.000000000,true,0,0
8.910000,-2.162230901,-1.429038752,1.947239631,2.624186348,1.423848339,-0.154164515,1.498960728,-0.909638278,0.209940492,-15.154604807,-10.735766710,2.420529523,0.000000000,0.000000000,true,0,0
8.920000,-2.135916611,-1.414847524,1.945708884,2.638419946,1.414221465,-0.151945051,1.347939242,-1.015096758,0.233853396,-15.046381138,-10.351948427,2.361106484,0.000000000,0.000000000,true,0,0
8.930000,-2.109467518,-1.400757773,1.944201517,2.651149071,1.403559596,-0.149489523,1.198099334,-1.116597626,0.257143725,-14.918289127,-9.944244137,2.296014517,0.000000000,0.000000000,true,0,0
8.940000,-2.082898602,-1.386779646,1.942719859,2.662386533,1.391903501,-0.146804440,1.049639687,-1.213902021,0.279754790,-14.770328776,-9.512653840,2.225253623,0.000000000,0.000000000,true,0,0
8.950000,-2.056224710,-1.372922873,1.941266170,2.672147128,1.379296340,-0.143896880,0.902758986,-1.306771083,0.301629901,-14.602500085,-9.057177538,2.148823800,0.000000000,0.000000000,true,0,0
8.960000,-2.029460527,-1.359196738,1.939842638,2.680447638,1.365783660,-0.140774485,0.757655913,-1.394965952,0.322712370,-14.414803052,-8.577815228,2.066725050,0.000000000,0.000000000,true,0,0
8.970000,-2.002620562,-1.345610059,1.938451369,2.687306834,1.351413398,-0.137445464,0.614529153,-1.478247768,0.342945506,-14.207237679,-8.074566913,1.978957372,0.000000000,0.000000000,true,0,0
8.980000,-1.975719126,-1.332171162,1.937094388,2.692745471,1.336235878,-0.133918595,0.473577387,-1.556377670,0.362272621,-13.979803965,-7.547432591,1.885520767,0.000000000,0.000000000,true,0,0
8.990000,-1.948770312,-1.318887857,1.935773626,2.696786294,1.320303814,-0.130203220,0.334999301,-1.629116799,0.380637025,-13.732501911,-6.996412263,1.786415233,0.000000000,0.000000000,true,0,0
9.000000,-1.921787977,-1.305767417,1.934490919,2.699454032,1.303672307,-0.126309252,0.198993577,-1.696226295,0.397982029,-13.465331516,-6.421505928,1.681640772,0.000000000,0.000000000,true,0,0
9.010000,-1.894785720,-1.292816551,1.933248001,2.700775314,1.286398700,-0.122247136,0.065723537,-1.757526819,0.414263389,-13.188901321,-5.840569994,1.574930968,0.000000000,0.000000000,true,0,0
9.020000,-1.867776867,-1.280041390,1.932046501,2.700777695,1.268540938,-0.118027511,-0.064788945,-1.813077118,0.429486643,-12.913819866,-5.271460866,1.470019404,0.000000000,0.000000000,true,0,0
9.030000,-1.840774470,-1.267447490,1.930887941,2.699488682,1.250155931,-0.113660870,-0.192557356,-1.862995459,0.443669771,-12.640087151,-4.714178545,1.366906082,0.000000000,0.000000000,true,0,0
9.040000,-1.813791307,-1.255039843,1.929773740,2.696935649,1.231299408,-0.109157523,-0.317595184,-1.907400112,0.456830758,-12.367703177,-4.168723032,1.265591000,0.000000000,0.000000000,true,0,0
9.050000,-1.786839880,-1.242822891,1.928705213,2.693145835,1.212025914,-0.104527602,-0.439915916,-1.946409343,0.468987586,-12.096667944,-3.635094325,1.166074159,0.000000000,0.000000000,true,0,0
9.060000,-1.759932422,-1.230800537,1.927683576,2.688146343,1.192388812,-0.099781059,-0.559533039,-1.980141421,0.480158236,-11.826981450,-3.113292425,1.068355559,0.000000000,0.000000000,true,0,0
9.070000,-1.733080896,-1.218976153,1.926709948,2.681964142,1.172440282,-0.094927665,-0.676460041,-2.008714614,0.490360691,-11.558643697,-2.603317332,0.972435200,0.000000000,0.000000000,true,0,0
9.080000,-1.706296992,-1.207352599,1.925785347,2.674626064,1.152231321,-0.089977012,-0.790710409,-2.032247190,0.499612934,-11.291654685,-2.105169046,0.878313082,0.000000000,0.000000000,true,0,0
9.090000,-1.679592138,-1.195932229,1.924910700,2.666158811,1.131811746,-0.084938513,-0.902297630,-2.050857417,0.507932947,-11.026014412,-1.618847567,0.785989205,0.000000000,0.000000000,true,0,0
9.100000,-1.652977492,-1.184716904,1.924086839,2.656588944,1.111230187,-0.079821401,-1.011235193,-2.064663564,0.515338712,-10.761722881,-1.144352894,0.695463569,0.000000000,0.000000000,true,0,0
9.110000,-1.626463947,-1.173708006,1.923314504,2.645942894,1.090534094,-0.074634727,-1.117536583,-2.073783898,0.521848212,-10.498780089,-0.681685029,0.606736174,0.000000000,0.000000000,true,0,0
9.120000,-1.600062133,-1.162906449,1.922594347,2.634246955,1.069769734,-0.069387364,-1.221215290,-2.078336687,0.527479430,-10.237186038,-0.230843970,0.519807019,0.000000000,0.000000000,true,0,0
9.130000,-1.573782420,-1.152312689,1.921926930,2.621527285,1.048982191,-0.064088006,-1.322284800,-2.078440200,0.532250347,-9.976940727,0.208170281,0.434676106,0.000000000,0.000000000,true,0,0
9.140000,-1.547634913,-1.141926736,1.921312731,2.607809911,1.028215367,-0.058745165,-1.420758600,-2.074212704,0.536178946,-9.718044157,0.635357726,0.351343433,0.000000000,0.000000000,true,0,0
9.150000,-1.521629461,-1.131748170,1.920752144,2.593120721,1.007511979,-0.053367175,-1.516650179,-2.065772468,0.539283210,-9.460496327,1.050718364,0.269809002,0.000000000,0.000000000,true,0,0
9.160000,-1.495775652,-1.121776147,1.920245478,2.577485470,0.986913565,-0.047962188,-1.609973023,-2.053237760,0.541581120,-9.204297237,1.454252194,0.190072811,0.000000000,0.000000000,true,0,0
9.170000,-1.470082820,-1.112009414,1.919792963,2.560929778,0.966460478,-0.042538180,-1.700740620,-2.036726847,0.543090660,-8.949446888,1.845959218,0.112134861,0.000000000,0.000000000,true,0,0
9.180000,-1.444560040,-1.102446322,1.919394752,2.543479130,0.946191888,-0.037102943,-1.788966456,-2.016357998,0.543829811,-8.695945279,2.225839435,0.035995152,0.000000000,0.000000000,true,0,0
9.190000,-1.419216136,-1.093084835,1.919050917,2.525158876,0.926145784,-0.031664092,-1.874664021,-1.992249481,0.543816557,-8.443792411,2.593892846,-0.038346315,0.000000000,0.000000000,true,0,0
9.200000,-1.394059677,-1.083922542,1.918761457,2.505994232,0.906358970,-0.026229060,-1.957846800,-1.964519564,0.543068879,-8.192988282,2.950119449,-0.110889542,0.000000000,0.000000000,true,0,0
9.210000,-1.369098982,-1.074956672,1.918526299,2.486010278,0.886867070,-0.020805102,-2.038528282,-1.933286515,0.541604760,-7.943532895,3.294519245,-0.181634529,0.000000000,0.000000000,true,0,0
9.220000,-1.344342119,-1.066184103,1.918345295,2.465231959,0.867704523,-0.015399293,-2.116721954,-1.898668602,0.539442183,-7.695426247,3.627092235,-0.250581274,0.000000000,0.000000000,true,0,0
9.230000,-1.319796908,-1.057601373,1.918218229,2.443684087,0.848904586,-0.010018527,-2.192441303,-1.860784093,0.536599129,-7.448668340,3.947838417,-0.317729778,0.000000000,0.000000000,true,0,0
9.240000,-1.295470921,-1.049204695,1.918144818,2.421391336,0.830499335,-0.004669519,-2.265699817,-1.819751256,0.533093581,-7.203259174,4.256757793,-0.383080041,0.000000000,0.000000000,true,0,0
9.250000,-1.271371483,-1.040989967,1.918124711,2.398378248,0.812519661,0.000641196,-2.336510982,-1.775688360,0.528943522,-6.959198747,4.553850362,-0.446632064,0.000000000,0.000000000,true,0,0
9.260000,-1.247505675,-1.032952784,1.918157493,2.374669229,0.794995274,0.005907263,-2.404888287,-1.728713672,0.524166934,-6.716487061,4.839116123,-0.508385845,0.000000000,0.000000000,true,0,0
9.270000,-1.223880337,-1.025088449,1.918242687,2.350288550,0.777954700,0.011122506,-2.470845219,-1.678945460,0.518781800,-6.475124116,5.112555078,-0.568341386,0.000000000,0.000000000,true,0,0
9.280000,-1.200502063,-1.017391986,1.918379754,2.325260348,0.761425282,0.016280931,-2.534395266,-1.626501993,0.512806101,-6.235109911,5.374167226,-0.626498685,0.000000000,0.000000000,true,0,0
9.290000,-1.177377208,-1.009858152,1.918568097,2.299608623,0.745433183,0.021376720,-2.595551913,-1.571501538,0.506257820,-5.996444446,5.623952567,-0.682857744,0.000000000,0.000000000,true,0,0
9.300000,-1.154511889,-1.002481448,1.918807061,2.273357243,0.730003381,0.026404238,-2.654328650,-1.514062364,0.499154940,-5.759127721,5.861911102,-0.737418562,0.000000000,0.000000000,true,0,0
9.310000,-1.131911983,-0.995256131,1.919095936,2.246529938,0.715159671,0.031358030,-2.710738964,-1.454302739,0.491515443,-5.523159737,6.088042829,-0.790181139,0.000000000,0.000000000,true,0,0
9.320000,-1.109583131,-0.988176225,1.919433958,2.219150306,0.700924666,0.036232818,-2.764796341,-1.392340930,0.483357311,-5.288540494,6.302347749,-0.841145474,0.000000000,0.000000000,true,0,0
9.330000,-1.087530740,-0.981235537,1.919820312,2.191241809,0.687319798,0.041023507,-2.816514269,-1.328295206,0.474698528,-5.055269990,6.504825863,-0.890311569,0.000000000,0.000000000,true,0,0
9.340000,-1.065759980,-0.974427661,1.920254131,2.162827774,0.674365314,0.045725180,-2.865906236,-1.262283836,0.465557074,-4.823348227,6.695477169,-0.937679424,0.000000000,0.000000000,true,0,0
9.350000,-1.044275792,-0.967745999,1.920734503,2.133931393,0.662080280,0.050333100,-2.912985730,-1.194425086,0.455950933,-4.592775205,6.874301669,-0.983249037,0.000000000,0.000000000,true,0,0
9.360000,-1.023082883,-0.961183765,1.921260466,2.104575723,0.650482576,0.054842710,-2.957766236,-1.124837225,0.445898087,-4.363550923,7.041299362,-1.027020409,0.000000000,0.000000000,true,0,0
9.370000,-1.002185732,-0.954734001,1.921831015,2.074783687,0.639588905,0.059249632,-3.000261244,-1.053638521,0.435416519,-4.135675381,7.196470248,-1.068993540,0.000000000,0.000000000,true,0,0
9.380000,-0.981588588,-0.948389588,1.922445102,2.044578071,0.629414781,0.063549671,-3.040484240,-0.980947243,0.424524211,-3.909148579,7.339814327,-1.109168431,0.000000000,0.000000000,true,0,0
9.390000,-0.961295474,-0.942143259,1.923101638,2.013981530,0.619974541,0.067738808,-3.078448711,-0.906881657,0.413239145,-3.683970518,7.471331599,-1.147545080,0.000000000,0.000000000,true,0,0
9.400000,-0.941310186,-0.935987607,1.923799496,1.983016581,0.611281335,0.071813205,-3.114168146,-0.831560033,0.401579303,-3.460141198,7.591022064,-1.184123489,0.000000000,0.000000000,true,0,0
9.410000,-0.921636296,-0.929915102,1.924537508,1.951705606,0.603347133,0.075769204,-3.147656031,-0.755100639,0.389562669,-3.237660617,7.698885722,-1.218903656,0.000000000,0.000000000,true,0,0
9.420000,-0.902277153,-0.923918098,1.925314473,1.920070854,0.596182720,0.079603329,-3.178925854,-0.677621742,0.377207224,-3.016528777,7.794922573,-1.251885583,0.000000000,0.000000000,true,0,0
9.430000,-0.883235884,-0.917988849,1.926129157,1.888134437,0.589797702,0.083312279,-3.207991102,-0.599241610,0.364530952,-2.796745678,7.879132618,-1.283069269,0.000000000,0.000000000,true,0,0
9.440000,-0.864515396,-0.912119518,1.926980291,1.855918335,0.584200498,0.086892938,-3.234865263,-0.520078512,0.351551833,-2.578311319,7.951515855,-1.312454714,0.000000000,0.000000000,true,0,0
9.450000,-0.846118377,-0.906302189,1.927866578,1.823444391,0.579398347,0.090342366,-3.259561825,-0.440250715,0.338287851,-2.361225700,8.012072286,-1.340041918,0.000000000,0.000000000,true,0,0
9.460000,-0.828047296,-0.900528880,1.928786692,1.790734312,0.575397305,0.093657806,-3.282094273,-0.359876489,0.324756989,-2.145488821,8.060801910,-1.365830881,0.000000000,0.000000000,true,0,0
9.470000,-0.810304406,-0.894791556,1.929739279,1.757809674,0.572202245,0.096836677,-3.302476097,-0.279074100,0.310977228,-1.931100683,8.097704727,-1.389821603,0.000000000,0.000000000,true,0,0
9.480000,-0.792891746,-0.889082136,1.930722962,1.724691914,0.569816856,0.099876580,-3.320720783,-0.197961817,0.296966551,-1.718061285,8.122780737,-1.412014084,0.000000000,0.000000000,true,0,0
9.490000,-0.775811140,-0.883392512,1.931736340,1.691402337,0.568243647,0.102775298,-3.336841818,-0.116657908,0.282742940,-1.506370628,8.136029940,-1.432408324,0.000000000,0.000000000,true,0,0
9.500000,-0.759064201,-0.877714552,1.932777991,1.657962112,0.567483943,0.105530789,-3.350852691,-0.035280641,0.268324379,-1.296028711,8.137452336,-1.451004324,0.000000000,0.000000000,true,0,0
9.510000,-0.742652330,-0.872040120,1.933846472,1.624392272,0.567537885,0.108141195,-3.362766888,0.046051716,0.253728848,-1.087035534,8.127047925,-1.467802082,0.000000000,0.000000000,true,0,0
9.520000,-0.726576718,-0.866361085,1.934940326,1.590713718,0.568404433,0.110604836,-3.372597898,0.127220895,0.238974331,-0.879391098,8.104816707,-1.482801600,0.000000000,0.000000000,true,0,0
9.530000,-0.710838349,-0.860669330,1.936058075,1.556947213,0.570081364,0.112920212,-3.380359206,0.208108628,0.224078810,-0.673095402,8.070758683,-1.496002876,0.000000000,0.000000000,true,0,0
9.540000,-0.695437998,-0.854956768,1.937198231,1.523113388,0.572565273,0.115086002,-3.386064301,0.288596646,0.209060268,-0.468148447,8.024873851,-1.507405912,0.000000000,0.000000000,true,0,0
9.550000,-0.680376237,-0.849215350,1.938359293,1.489232736,0.575851571,0.117101067,-3.389726671,0.368566682,0.193936686,-0.264550232,7.967162213,-1.517010707,0.000000000,0.000000000,true,0,0
9.560000,-0.665653432,-0.843437081,1.939539747,1.455325619,0.579934486,0.118964446,-3.391359802,0.447900467,0.178726048,-0.062300757,7.897623767,-1.524817260,0.000000000,0.000000000,true,0,0
9.570000,-0.651269746,-0.837614028,1.940738073,1.421412259,0.584807065,0.120675358,-3.390977182,0.526479735,0.163446335,0.138599978,7.816258515,-1.530825573,0.000000000,0.000000000,true,0,0
9.580000,-0.637225140,-0.831738334,1.941952744,1.387512749,0.590461171,0.122233202,-3.388592298,0.604186215,0.148115530,0.338151972,7.723066456,-1.535035645,0.000000000,0.000000000,true,0,0
9.590000,-0.623519378,-0.825802230,1.943182226,1.353647043,0.596887486,0.123637558,-3.384218638,0.680901641,0.132751616,0.536355225,7.618047590,-1.537447476,0.000000000,0.000000000,true,0,0
9.600000,-0.610152021,-0.819798046,1.944424982,1.319834961,0.604075506,0.124888184,-3.377869689,0.756507744,0.117372575,0.733209738,7.501201917,-1.538061067,0.000000000,0.000000000,true,0,0
9.610000,-0.597122434,-0.813718220,1.945679477,1.286096188,0.612013549,0.125985019,-3.369558939,0.830886257,0.101996389,0.928715511,7.372529437,-1.536876416,0.000000000,0.000000000,true,0,0
9.620000,-0.584429787,-0.807555317,1.946944171,1.252450276,0.620688745,0.126928182,-3.359299875,0.903918910,0.086641041,1.122872544,7.232030150,-1.533893524,0.000000000,0.000000000,true,0,0
9.630000,-0.572073055,-0.801302035,1.948217529,1.218916640,0.630087047,0.127717969,-3.347105984,0.975487437,0.071324513,1.315680836,7.079704057,-1.529112391,0.000000000,0.000000000,true,0,0
9.640000,-0.560051016,-0.794951217,1.949498020,1.185514561,0.640193220,0.128354861,-3.332990754,1.045473569,0.056064787,1.507140388,6.915551156,-1.522533018,0.000000000,0.000000000,true,0,0
9.650000,-0.548362261,-0.788495865,1.950784119,1.152263185,0.650990849,0.128839515,-3.316967672,1.113759037,0.040879846,1.697251199,6.739571449,-1.514155403,0.000000000,0.000000000,true,0,0
9.660000,-0.537005187,-0.781929153,1.952074306,1.119181522,0.662462337,0.129172767,-3.299050226,1.180225575,0.025787673,1.886013270,6.551764934,-1.503979548,0.000000000,0.000000000,true,0,0
9.670000,-0.525978002,-0.775244435,1.953367073,1.086288450,0.674588903,0.129355637,-3.279251903,1.244754913,0.010806250,2.073426601,6.352131613,-1.492005452,0.000000000,0.000000000,true,0,0
9.680000,-0.515278727,-0.768435258,1.954660921,1.053602709,0.687350584,0.129389321,-3.257586190,1.307228785,-0.004046442,2.259491191,6.140671485,-1.478233115,0.000000000,0.000000000,true,0,0
9.690000,-0.504905195,-0.761495376,1.955954367,1.021142906,0.700726233,0.129275197,-3.234066575,1.367528920,-0.018752419,2.444207041,5.917384550,-1.462662536,0.000000000,0.000000000,true,0,0
9.700000,-0.494855054,-0.754418761,1.957245938,0.988927512,0.714693522,0.129014822,-3.208706545,1.425537053,-0.033293698,2.627574151,5.682270808,-1.445293717,0.000000000,0.000000000,true,0,0
9.710000,-0.485125768,-0.747199612,1.958534181,0.956974864,0.729228940,0.128609932,-3.181519587,1.481134914,-0.047652299,2.809592520,5.435330259,-1.426126657,0.000000000,0.000000000,true,0,0
9.720000,-0.475714620,-0.739832371,1.959817661,0.925303165,0.744307792,0.128062445,-3.152519190,1.534204235,-0.061810237,2.990262149,5.176562903,-1.405161356,0.000000000,0.000000000,true,0,0
9.730000,-0.466618708,-0.732311731,1.961094962,0.893930481,0.759904202,0.127374456,-3.121718840,1.584626749,-0.075749532,3.169583037,4.905968740,-1.382397815,0.000000000,0.000000000,true,0,0
9.740000,-0.457834954,-0.724632652,1.962364689,0.862874743,0.775991110,0.126548243,-3.089132025,1.632284187,-0.089452199,3.347555185,4.623547771,-1.357836032,0.000000000,0.000000000,true,0,0
9.750000,-0.449360098,-0.716790368,1.963625474,0.832153750,0.792540275,0.125586261,-3.054772232,1.677058282,-0.102900258,3.524178593,4.329299994,-1.331476008,0.000000000,0.000000000,true,0,0
9.760000,-0.441190704,-0.708780403,1.964875971,0.801785163,0.809522270,0.124491147,-3.018652949,1.718830765,-0.116075725,3.699453260,4.023225411,-1.303317743,0.000000000,0.000000000,true,0,0
9.770000,-0.433323161,-0.700598582,1.966114863,0.771786511,0.826906490,0.123265715,-2.980787663,1.757483367,-0.128960619,3.873379187,3.705324021,-1.273361238,0.000000000,0.000000000,true,0,0
9.780000,-0.425753683,-0.692241038,1.967340861,0.742175185,0.844661144,0.121912963,-2.941189861,1.792897822,-0.141536956,4.045956374,3.375595823,-1.241606492,0.000000000,0.000000000,true,0,0
9.790000,-0.418478309,-0.683704234,1.968552708,0.712968444,0.862753259,0.120436065,-2.899873031,1.824955861,-0.153786755,4.217184820,3.034040819,-1.208053504,0.000000000,0.000000000,true,0,0
9.800000,-0.411492908,-0.674984962,1.969749179,0.684183410,0.881148679,0.118838376,-2.856850660,1.853539216,-0.165692032,4.387064526,2.680659008,-1.172702276,0.000000000,0.000000000,true,0,0
9.810000,-0.404793178,-0.666080367,1.970929085,0.655837071,0.899812066,0.117123432,-2.812136236,1.878529619,-0.177234806,4.555595491,2.315450390,-1.135552807,0.000000000,0.000000000,true,0,0
9.820000,-0.398374648,-0.656987949,1.972091270,0.627946280,0.918706901,0.115294948,-2.765743246,1.899808801,-0.188397094,4.722777716,1.938414965,-1.096605097,0.000000000,0.000000000,true,0,0
9.830000,-0.392232679,-0.647705583,1.973234618,0.600527756,0.937795478,0.113356819,-2.717685178,1.917258495,-0.199160914,4.888611201,1.549552734,-1.055859145,0.000000000,0.000000000,true,0,0
9.840000,-0.386362464,-0.638231523,1.974358054,0.573598082,0.957038911,0.111313118,-2.667975518,1.930760433,-0.209508283,5.053095945,1.148863695,-1.013314954,0.000000000,0.000000000,true,0,0
9.850000,-0.380759033,-0.628564422,1.975460543,0.547173706,0.976397133,0.109168101,-2.616627755,1.940196347,-0.219421219,5.216231949,0.736347850,-0.968972521,0.000000000,0.000000000,true,0,0
9.860000,-0.375417251,-0.618703335,1.976541093,0.521270942,0.995828891,0.106926202,-2.563655375,1.945447967,-0.228881739,5.378019213,0.312005197,-0.922831847,0.000000000,0.000000000,true,0,0
9.870000,-0.370331821,-0.608647740,1.977598759,0.495905969,1.015291750,0.104592034,-2.509071866,1.946397028,-0.237871862,5.538457736,-0.124164262,-0.874892932,0.000000000,0.000000000,true,0,0
9.880000,-0.365497285,-0.598397542,1.978632642,0.471094830,1.034742095,0.102170392,-2.452890716,1.942925260,-0.246373604,5.697547519,-0.572160529,-0.825155776,0.000000000,0.000000000,true,0,0
9.890000,-0.360908025,-0.587953089,1.979641892,0.446853435,1.054135125,0.099666250,-2.395125412,1.934914395,-0.254368983,5.855288562,-1.031983602,-0.773620380,0.000000000,0.000000000,true,0,0
9.900000,-0.356558265,-0.577315184,1.980625709,0.423197558,1.073424858,0.097084761,-2.335789441,1.922246165,-0.261840017,6.011680864,-1.503633482,-0.720286742,0.000000000,0.000000000,true,0,0
9.910000,-0.352442070,-0.566485093,1.981583347,0.400142837,1.092564130,0.094431257,-2.274896290,1.904802302,-0.268768724,6.166724425,-1.987110169,-0.665154864,0.000000000,0.000000000,true,0,0
9.920000,-0.348553353,-0.555464564,1.982514113,0.377704778,1.111504591,0.091711254,-2.212459448,1.882464539,-0.275137120,6.320419247,-2.482413663,-0.608224745,0.000000000,0.000000000,true,0,0
9.930000,-0.344885868,-0.544255829,1.983417369,0.355898749,1.130196713,0.088930443,-2.148492401,1.855114606,-0.280927224,6.472765328,-2.989543963,-0.549496384,0.000000000,0.000000000,true,0,0
9.940000,-0.341433220,-0.532861626,1.984292538,0.334739985,1.148589782,0.086094697,-2.083008637,1.822634237,-0.286121054,6.623762669,-3.508501071,-0.488969783,0.000000000,0.000000000,true,0,0
9.950000,-0.338188860,-0.521285203,1.985139100,0.314243587,1.166631902,0.083210069,-2.016021644,1.784905162,-0.290700626,6.773411269,-4.039284986,-0.426644941,0.000000000,0.000000000,true,0,0
9.960000,-0.335146091,-0.509530335,1.985956598,0.294424518,1.184269995,0.080282792,-1.947544908,1.741809114,-0.294647958,6.921711129,-4.581895707,-0.362521858,0.000000000,0.000000000,true,0,0
9.970000,-0.332298063,-0.497601331,1.986744636,0.275297609,1.201449800,0.077319277,-1.877591917,1.693227825,-0.297945069,7.068662248,-5.136333236,-0.296600534,0.000000000,0.000000000,true,0,0
9.980000,-0.329637782,-0.485503051,1.987502884,0.256877556,1.218115874,0.074326118,-1.806176158,1.639043027,-0.300573975,7.214264627,-5.702597571,-0.228880969,0.000000000,0.000000000,true,0,0
9.990000,-0.327158107,-0.473240914,1.988231082,0.239178917,1.234211588,0.071310085,-1.733311120,1.579136451,-0.302516694,7.358518266,-6.280688713,-0.159363163,0.000000000,0.000000000,true,0,0
10.000000,-0.324851751,-0.460820913,1.988929033,0.222216119,1.249679136,0.068278131,-1.659010289,1.513389830,-0.303755244,7.501423164,-6.870606662,-0.088047117,0.000000000,0.000000000,true,0,0
10.010000,-0.322711284,-0.448249622,1.989596615,0.206003427,1.264459662,0.065237370,-1.583297411,1.441740005,-0.304278429,7.639901873,-7.455818445,-0.016968736,0.000000000,0.000000000,true,0,0
10.020000,-0.320729136,-0.435534205,1.990233775,0.190554662,1.278494783,0.062194894,-1.506237264,1.364344258,-0.304102197,7.770876941,-8.019791086,0.051836070,0.000000000,0.000000000,true,0,0
10.030000,-0.318897601,-0.422682399,1.990840530,0.175882922,1.291728102,0.059157582,-1.427904884,1.281414981,-0.303249286,7.894348369,-8.562524587,0.118367302,0.000000000,0.000000000,true,0,0
10.040000,-0.317208846,-0.409702496,1.991416966,0.162000555,1.304105345,0.056132088,-1.348375308,1.193164564,-0.301742430,8.010316157,-9.084018947,0.182624961,0.000000000,0.000000000,true,0,0
10.050000,-0.315654920,-0.396603320,1.991963233,0.148919157,1.315574364,0.053124838,-1.267723573,1.099805399,-0.299604365,8.118780305,-9.584274166,0.244609046,0.000000000,0.000000000,true,0,0
10.060000,-0.314227757,-0.383394204,1.992479544,0.136649574,1.326085132,0.050142029,-1.186024714,1.001549877,-0.296857828,8.219740813,-10.063290245,0.304319556,0.000000000,0.000000000,true,0,0
10.070000,-0.312919188,-0.370084971,1.992966175,0.125201903,1.335589748,0.047189633,-1.103353769,0.898610391,-0.293525553,8.313197681,-10.521067183,0.361756493,0.000000000,0.000000000,true,0,0
10.080000,-0.311720948,-0.356685915,1.993423457,0.114585489,1.344042435,0.044273395,-1.019785773,0.791199331,-0.289630276,8.399150910,-10.957604980,0.416919856,0.000000000,0.000000000,true,0,0
10.090000,-0.310624679,-0.343207775,1.993851781,0.104808927,1.351399538,0.041398829,-0.935395763,0.679529089,-0.285194734,8.477600498,-11.372903637,0.469809645,0.000000000,0.000000000,true,0,0
10.100000,-0.309621944,-0.329661715,1.994251590,0.095880063,1.357619527,0.038571225,-0.850258775,0.563812055,-0.280241662,8.548546446,-11.766963152,0.520425860,0.000000000,0.000000000,true,0,0
10.110000,-0.308704228,-0.316059306,1.994623379,0.087805992,1.362662997,0.035795645,-0.764449846,0.444260623,-0.274793796,8.611988754,-12.139783528,0.568768502,0.000000000,0.000000000,true,0,0
10.120000,-0.307862953,-0.302412501,1.994967693,0.080593056,1.366492666,0.033076923,-0.678044012,0.321087182,-0.268873871,8.667927422,-12.491364762,0.614837569,0.000000000,0.000000000,true,0,0
10.130000,-0.307089478,-0.288733616,1.995285123,0.074246851,1.369073376,0.030419665,-0.591116310,0.194504125,-0.262504623,8.716362449,-12.821706856,0.658633062,0.000000000,0.000000000,true,0,0
10.140000,-0.306375111,-0.275035308,1.995576306,0.068772219,1.370372091,0.027828252,-0.503741775,0.064723842,-0.255708788,8.757293837,-13.130809809,0.700154982,0.000000000,0.000000000,true,0,0
10.150000,-0.305711115,-0.261330551,1.995841921,0.064173255,1.370357903,0.025306836,-0.415995445,-0.068041274,-0.248509102,8.790721585,-13.418673621,0.739403328,0.000000000,0.000000000,true,0,0
10.160000,-0.305088716,-0.247632622,1.996082689,0.060453300,1.369002024,0.022859341,-0.327952356,-0.203578833,-0.240928300,8.816645693,-13.685298292,0.776378100,0.000000000,0.000000000,true,0,0
10.170000,-0.304499110,-0.233955072,1.996299367,0.057614947,1.366277793,0.020489464,-0.239687543,-0.341676443,-0.232989118,8.835066161,-13.930683823,0.811079297,0.000000000,0.000000000,true,0,0
10.180000,-0.303933472,-0.220311709,1.996492748,0.055660038,1.362160670,0.018200677,-0.151276045,-0.482121713,-0.224714293,8.845982989,-14.154830213,0.843506921,0.000000000,0.000000000,true,0,0
10.190000,-0.303382961,-0.206716577,1.996663661,0.054589665,1.356628241,0.015996221,-0.062792896,-0.624702250,-0.216126558,8.849396177,-14.357737463,0.873660972,0.000000000,0.000000000,true,0,0
10.200000,-0.302838729,-0.193183930,1.996812964,0.054404169,1.349660215,0.013879113,0.025686867,-0.769205665,-0.207248652,8.845305725,-14.539405571,0.901541448,0.000000000,0.000000000,true,0,0
10.210000,-0.302291929,-0.179728218,1.996941544,0.055103141,1.341238426,0.011852140,0.114088207,-0.915419565,-0.198103308,8.833711632,-14.699834539,0.927148350,0.000000000,0.000000000,true,0,0
10.220000,-0.301733722,-0.166364061,1.997050316,0.056685421,1.331346830,0.009917863,0.202336087,-1.063131558,-0.188713263,8.814613900,-14.839024366,0.950481679,0.000000000,0.000000000,true,0,0
10.230000,-0.301155283,-0.153106228,1.997140218,0.059149101,1.319971509,0.008078614,0.290355472,-1.212129255,-0.179101253,8.788012528,-14.956975053,0.971541433,0.000000000,0.000000000,true,0,0
10.240000,-0.300547810,-0.139969616,1.997212212,0.062491519,1.307100668,0.006336502,0.378071326,-1.362200262,-0.169290013,8.753907515,-15.053686599,0.990327614,0.000000000,0.000000000,true,0,0
10.250000,-0.299902534,-0.126969232,1.997267278,0.066709265,1.292724634,0.004693403,0.465408611,-1.513132190,-0.159302279,8.712298863,-15.129159004,1.006840220,0.000000000,0.000000000,true,0,0
10.260000,-0.299210721,-0.114120166,1.997306416,0.071798179,1.276835862,0.003150969,0.552292291,-1.664712645,-0.149160787,8.663186571,-15.183392268,1.021079253,0.000000000,0.000000000,true,0,0
10.270000,-0.298463683,-0.101437575,1.997330638,0.077753349,1.259428928,0.001710624,0.638647330,-1.816729238,-0.138888273,8.606570638,-15.216386392,1.033044712,0.000000000,0.000000000,true,0,0
10.280000,-0.297652785,-0.088936660,1.997340972,0.084569113,1.240500531,0.000373564,0.724398691,-1.968969576,-0.128507472,8.542451066,-15.228141375,1.042736597,0.000000000,0.000000000,true,0,0
10.290000,-0.296769454,-0.076632641,1.997338457,0.092239060,1.220049498,-0.000859241,0.809471339,-2.121221268,-0.118041120,8.470827854,-15.218657217,1.050154908,0.000000000,0.000000000,true,0,0
10.300000,-0.295805181,-0.064540742,1.997324138,0.100756028,1.198076776,-0.001987049,0.893790236,-2.273271923,-0.107511952,8.391701001,-15.187933919,1.055299646,0.000000000,0.000000000,true,0,0
10.310000,-0.294751536,-0.052676167,1.997299067,0.110112103,1.174585438,-0.003009346,0.977280347,-2.424909149,-0.096942705,8.305070509,-15.135971480,1.058170809,0.000000000,0.000000000,true,0,0
10.320000,-0.293600170,-0.041054078,1.997264303,0.120298622,1.149580679,-0.003925845,1.059866634,-2.575920556,-0.086356115,8.210936376,-15.062769900,1.058768399,0.000000000,0.000000000,true,0,0
10.330000,-0.292342827,-0.029689574,1.997220903,0.131306172,1.123069821,-0.004736486,1.141474062,-2.726093750,-0.075774916,8.109298604,-14.968329179,1.057092414,0.000000000,0.000000000,true,0,0
10.340000,-0.290971344,-0.018597671,1.997169926,0.143124590,1.095062306,-0.005441437,1.222027594,-2.875216342,-0.065221845,8.000157191,-14.852649318,1.053142856,0.000000000,0.000000000,true,0,0
10.350000,-0.289477668,-0.007793279,1.997112426,0.155742961,1.065569704,-0.006041093,1.301452194,-3.023075940,-0.054719637,7.883512139,-14.715730316,1.046919724,0.000000000,0.000000000,true,0,0
10.360000,-0.287853857,0.002708818,1.997049453,0.169149621,1.034605705,-0.006536075,1.379672825,-3.169460151,-0.044291029,7.759363446,-14.557572173,1.038423018,0.000000000,0.000000000,true,0,0
10.370000,-0.286092089,0.012893983,1.996982050,0.183332154,1.002186127,-0.006927235,1.456614451,-3.314156586,-0.033958756,7.627711114,-14.378174890,1.027652738,0.000000000,0.000000000,true,0,0
10.380000,-0.284184672,0.022747748,1.996911251,0.198277396,0.968328908,-0.007215647,1.532202035,-3.456952852,-0.023745553,7.488555141,-14.177538465,1.014608884,0.000000000,0.000000000,true,0,0
10.390000,-0.282124045,0.032255836,1.996838076,0.213971431,0.933054112,-0.007402618,1.606360542,-3.597636558,-0.013674156,7.341895529,-13.955662901,0.999291456,0.000000000,0.000000000,true,0,0
10.400000,-0.279902796,0.041404179,1.996763531,0.230399593,0.896383926,-0.007489679,1.679014934,-3.735995313,-0.003767302,7.187732276,-13.712548195,0.981700454,0.000000000,0.000000000,true,0,0
10.410000,-0.277513658,0.050178944,1.996688609,0.247546466,0.858342663,-0.007478589,1.750090175,-3.871816725,0.005952274,7.026065383,-13.448194349,0.961835879,0.000000000,0.000000000,true,0,0
10.420000,-0.274949525,0.058566550,1.996614280,0.265395883,0.818956758,-0.007371334,1.819511229,-4.004888403,0.015461837,6.856894851,-13.162601362,0.939697729,0.000000000,0.000000000,true,0,0
10.430000,-0.272203455,0.066553692,1.996541496,0.283930927,0.778254769,-0.007170128,1.887203060,-4.134997955,0.024738650,6.680220678,-12.855769234,0.915286006,0.000000000,0.000000000,true,0,0
10.440000,-0.269268679,0.074127360,1.996471183,0.303133930,0.736267380,-0.006877412,1.953090631,-4.261932990,0.033759978,6.496042865,-12.527697966,0.888600708,0.000000000,0.000000000,true,0,0
10.450000,-0.266138611,0.081274864,1.996404244,0.322986475,0.693027399,-0.006495856,2.017098905,-4.385481117,0.042503086,6.304361412,-12.178387556,0.859641837,0.000000000,0.000000000,true,0,0
10.460000,-0.262806849,0.087983849,1.996341552,0.343469394,0.648569755,-0.006028354,2.079152847,-4.505429944,0.050945236,6.105176320,-11.807838007,0.828409392,0.000000000,0.000000000,true,0,0
10.470000,-0.259267188,0.094242323,1.996283953,0.364562767,0.602931505,-0.005478030,2.139177419,-4.621567080,0.059063695,5.898487587,-11.416049316,0.794903373,0.000000000,0.000000000,true,0,0
10.480000,-0.255513627,0.100038674,1.996232256,0.386245927,0.556151828,-0.004848235,2.197097586,-4.733680133,0.066835725,5.684295214,-11.003021485,0.759123780,0.000000000,0.000000000,true,0,0
10.490000,-0.251540375,0.105361693,1.996187241,0.408497454,0.508272024,-0.004142546,2.252838311,-4.841556713,0.074238592,5.462599201,-10.568754513,0.721070614,0.000000000,0.000000000,true,0,0
10.500000,-0.247341857,0.110200592,1.996149646,0.431295179,0.459335523,-0.003364769,2.306324558,-4.944984426,0.081249559,5.233399548,-10.113248400,0.680743873,0.000000000,0.000000000,true,0,0
10.510000,-0.242912727,0.114545032,1.996120172,0.454616180,0.409387873,-0.002518937,2.357481290,-5.043750884,0.087845891,4.996696256,-9.636503147,0.638143559,0.000000000,0.000000000,true,0,0
10.520000,-0.238247868,0.118385138,1.996099480,0.478436789,0.358476751,-0.001609309,2.406233471,-5.137643692,0.094004852,4.752489323,-9.138518752,0.593269670,0.000000000,0.000000000,true,0,0
10.530000,-0.233342407,0.121711522,1.996088184,0.502732585,0.306651953,-0.000640373,2.452506065,-5.226450461,0.099703706,4.500778750,-8.619295218,0.546122208,0.000000000,0.000000000,true,0,0
10.540000,-0.228191716,0.124515304,1.996086854,0.527478395,0.253965403,0.000383155,2.496224034,-5.309958799,0.104919717,4.241564537,-8.078832542,0.496701172,0.000000000,0.000000000,true,0,0
10.550000,-0.222791425,0.126788137,1.996096013,0.552648300,0.200471146,0.001456336,2.537312343,-5.387956315,0.109630151,3.974846684,-7.517130726,0.445006561,0.000000000,0.000000000,true,0,0
10.560000,-0.217137426,0.128522222,1.996116129,0.578215626,0.146225354,0.002573997,2.575695956,-5.460230617,0.113812270,3.700625191,-6.934189769,0.391038377,0.000000000,0.000000000,true,0,0
10.570000,-0.211225879,0.129710333,1.996147623,0.604152953,0.091286319,0.003730744,2.611299835,-5.526569313,0.117443339,3.418900058,-6.330009671,0.334796620,0.000000000,0.000000000,true,0,0
10.580000,-0.205053227,0.130345839,1.996190856,0.630432107,0.035714461,0.004920952,2.644048945,-5.586760013,0.120500624,3.129671285,-5.704590433,0.276281288,0.000000000,0.000000000,true,0,0
10.590000,-0.198616194,0.130422721,1.996246134,0.657024166,-0.020427680,0.006138768,2.673868248,-5.640590325,0.122961387,2.832938872,-5.057932054,0.215492382,0.000000000,0.000000000,true,0,0
10.600000,-0.191911800,0.129935599,1.996313703,0.683899456,-0.077075436,0.007378115,2.700682710,-5.687847857,0.124802893,2.528702819,-4.390034534,0.152429902,0.000000000,0.000000000,true,0,0
10.610000,-0.184937362,0.128879749,1.996393747,0.711027554,-0.134162019,0.008632686,2.724417293,-5.728320218,0.126002406,2.216963126,-3.700897873,0.087093849,0.000000000,0.000000000,true,0,0
10.620000,-0.177690510,0.127251126,1.996486386,0.738377285,-0.191618515,0.009895948,2.744996960,-5.761795017,0.126537191,1.897719793,-2.990522072,0.019484222,0.000000000,0.000000000,true,0,0
10.630000,-0.170169184,0.125046383,1.996591672,0.765916727,-0.249373887,0.011161138,2.762346676,-5.788059863,0.126384512,1.570972820,-2.258907130,-0.050398980,0.000000000,0.000000000,true,0,0
10.640000,-0.162371652,0.122262895,1.996709592,0.793613202,-0.307354972,0.012421270,2.776391405,-5.806902363,0.125521633,1.236722206,-1.506053047,-0.122555755,0.000000000,0.000000000,true,0,0
10.650000,-0.154296508,0.118898782,1.996840057,0.821433288,-0.365486485,0.013669128,2.787056108,-5.818110127,0.123925818,0.894967953,-0.731959824,-0.196986104,0.000000000,0.000000000,true,0,0
10.660000,-0.145942688,0.114952922,1.996982908,0.849342808,-0.423691017,0.014897268,2.794265751,-5.821470762,0.121574332,0.545710060,0.063372540,-0.273690027,0.000000000,0.000000000,true,0,0
10.670000,-0.137309470,0.110424983,1.997137911,0.877306836,-0.481889035,0.016098020,2.797945297,-5.816771879,0.118444439,0.188948527,0.879944045,-0.352667524,0.000000000,0.000000000,true,0,0
10.680000,-0.128396488,0.105315435,1.997304751,0.905289696,-0.539998882,0.017263486,2.798019710,-5.803801084,0.114513403,-0.175316646,1.717754691,-0.433918595,0.000000000,0.000000000,true,0,0
10.690000,-0.119203735,0.099625578,1.997483036,0.933254963,-0.597936776,0.018385542,2.794413952,-5.782345988,0.109758489,-0.547085460,2.576804477,-0.517443239,0.000000000,0.000000000,true,0,0
10.700000,-0.109731571,0.093357559,1.997672290,0.961165458,-0.655616812,0.019455834,2.787052989,-5.752194198,0.104156960,-0.926357913,3.457093404,-0.603241458,0.000000000,0.000000000,true,0,0
10.710000,-0.099980734,0.086514394,1.997871952,0.988983255,-0.712950963,0.020465783,2.775861782,-5.713133322,0.097686081,-1.313134006,4.358621472,-0.691313250,0.000000000,0.000000000,true,0,0
10.720000,-0.089952344,0.079099993,1.998081375,1.016669676,-0.769849074,0.021406582,2.760765296,-5.664950971,0.090323116,-1.707413740,5.281388680,-0.781658616,0.000000000,0.000000000,true,0,0
10.730000,-0.079647910,0.071119174,1.998299823,1.044185293,-0.826218869,0.022269196,2.741688495,-5.607434752,0.082045330,-2.109197113,6.225395029,-0.874277557,0.000000000,0.000000000,true,0,0
10.740000,-0.069069341,0.062577691,1.998526467,1.071489928,-0.881965948,0.023044363,2.718556342,-5.540372273,0.072829987,-2.518484126,7.190640519,-0.969170071,0.000000000,0.000000000,true,0,0
10.750000,-0.058218951,0.053482252,1.998760387,1.098542652,-0.936993786,0.023722595,2.691293800,-5.463551144,0.062654350,-2.935274780,8.177125149,-1.066336159,0.000000000,0.000000000,true,0,0
10.760000,-0.047099467,0.043840541,1.999000564,1.125301786,-0.991203734,0.024294174,2.659825834,-5.376758973,0.051495685,-3.359569073,9.184848921,-1.165775821,0.000000000,0.000000000,true,0,0
10.770000,-0.035714036,0.033661239,1.999245882,1.151724901,-1.044495020,0.024749156,2.624077407,-5.279783369,0.039331255,-3.791367006,10.213811833,-1.267489057,0.000000000,0.000000000,true,0,0
10.780000,-0.024066233,0.022954046,1.999495124,1.177768816,-1.096764749,0.025077370,2.583973482,-5.172411939,0.026138325,-4.230668580,11.264013885,-1.371475866,0.000000000,0.000000000,true,0,0
10.790000,-0.012160070,0.011729699,1.999746972,1.203389602,-1.147907899,0.025268418,2.539439023,-5.054432294,0.011894159,-4.677473793,12.335455079,-1.477736250,0.000000000,0.000000000,true,0,0
10.800000,0.000000000,-0.000000000,2.000000000,1.228542578,-1.197817326,0.025311674,2.490398994,-4.925632041,-0.003423978,-5.131782647,13.428135413,-1.586270207,0.000000000,0.000000000,true,0,0
10.810000,0.012409072,-0.012222172,2.000252677,1.253182471,-1.246384201,0.025196336,2.436841637,-4.785974051,-0.019817780,-5.574611529,14.489476112,-1.690764582,0.000000000,0.000000000,true,0,0
10.820000,0.025061792,-0.024922856,2.000503363,1.277265157,-1.293502827,0.024912007,2.379008309,-4.636122246,-0.037204761,-5.986976827,15.466898402,-1.784906215,0.000000000,0.000000000,true,0,0
10.830000,0.037952380,-0.038087074,2.000750322,1.300749400,-1.339075464,0.024449275,2.317203645,-4.476915811,-0.055481395,-6.368878542,16.360402282,-1.868695108,0.000000000,0.000000000,true,0,0
10.840000,0.051074657,-0.051698913,2.000991726,1.323597008,-1.383012759,0.023799759,2.251732283,-4.309193929,-0.074544154,-6.720316673,17.169987752,-1.942131261,0.000000000,0.000000000,true,0,0
10.850000,0.064422080,-0.065741607,2.001225670,1.345772838,-1.425233755,0.022956116,2.182898857,-4.133795784,-0.094289511,-7.041291222,17.895654811,-2.005214673,0.000000000,0.000000000,true,0,0
10.860000,0.077987767,-0.080197624,2.001450180,1.367244794,-1.465665884,0.021912039,2.111008004,-3.951560561,-0.114613938,-7.331802186,18.537403462,-2.057945344,0.000000000,0.000000000,true,0,0
10.870000,0.091764533,-0.095048747,2.001663225,1.387983823,-1.504244973,0.020662253,2.036364359,-3.763327443,-0.135413909,-7.591849568,19.095233702,-2.100323275,0.000000000,0.000000000,true,0,0
10.880000,0.105744914,-0.110276160,2.001862725,1.407963920,-1.540915237,0.019202520,1.959272558,-3.569935615,-0.156585895,-7.821433365,19.569145532,-2.132348465,0.000000000,0.000000000,true,0,0
10.890000,0.119921204,-0.125860530,2.002046565,1.427162129,-1.575629287,0.017529640,1.880037237,-3.372224260,-0.178026369,-8.020553580,19.959138952,-2.154020915,0.000000000,0.000000000,true,0,0
10.900000,0.134285483,-0.141782094,2.002212600,1.445558535,-1.608348122,0.015641443,1.798963032,-3.171032564,-0.199631804,-8.189210211,20.265213963,-2.165340624,0.000000000,0.000000000,true,0,0
10.910000,0.148829646,-0.158020739,2.002358672,1.463136275,-1.639041134,0.013536799,1.716354578,-2.967199709,-0.221298672,-8.327403258,20.487370563,-2.166307593,0.000000000,0.000000000,true,0,0
10.920000,0.163545434,-0.174556089,2.002482614,1.479881528,-1.667686109,0.011215610,1.632516512,-2.761564880,-0.242923447,-8.435132723,20.625608754,-2.156921821,0.000000000,0.000000000,true,0,0
10.930000,0.178424465,-0.191367587,2.002582265,1.495783522,-1.694269222,0.008678815,1.547753469,-2.554967262,-0.264402599,-8.512398603,20.679928535,-2.137183308,0.000000000,0.000000000,true,0,0
10.940000,0.193458267,-0.208434581,2.002655478,1.510834530,-1.718785042,0.005928389,1.462370085,-2.348246038,-0.285632604,-8.559200901,20.650329906,-2.107092055,0.000000000,0.000000000,true,0,0
10.950000,0.208638303,-0.225736406,2.002700131,1.525029871,-1.741236529,0.002967339,1.376670996,-2.142240392,-0.306509931,-8.575539615,20.536812867,-2.066648062,0.000000000,0.000000000,true,0,0
10.960000,0.223956006,-0.243252468,2.002714136,1.538367913,-1.761635033,-0.000200289,1.290960838,-1.937789508,-0.326931056,-8.561414745,20.339377418,-2.015851328,0.000000000,0.000000000,true,0,0
10.970000,0.239402808,-0.260962328,2.002695453,1.550850067,-1.780000299,-0.003569416,1.205544246,-1.735732571,-0.346792449,-8.516826292,20.058023559,-1.954701853,0.000000000,0.000000000,true,0,0
10.980000,0.254970169,-0.278845789,2.002642097,1.562480792,-1.796360461,-0.007133927,1.120725857,-1.536908765,-0.365990584,-8.441774256,19.692751291,-1.883199638,0.000000000,0.000000000,true,0,0
10.990000,0.270649611,-0.296882975,2.002552147,1.573267593,-1.810752048,-0.010886672,1.036810306,-1.342157274,-0.384421932,-8.336258636,19.243560612,-1.801344682,0.000000000,0.000000000,true,0,0
11.000000,0.286432743,-0.315054417,2.002423763,1.583221023,-1.823219978,-0.014819465,0.954102230,-1.152317281,-0.401982968,-8.200279433,18.710451524,-1.709136985,0.000000000,0.000000000,true,0,0
11.010000,0.302311298,-0.333341138,2.002255188,1.592354549,-1.833817184,-0.018923134,0.872854491,-0.968076617,-0.418589721,-8.049368260,18.138830343,-1.612443858,0.000000000,0.000000000,true,0,0
11.020000,0.318277151,-0.351724714,2.002044763,1.600683133,-1.842600450,-0.023188059,0.793112866,-0.789517693,-0.434236452,-7.899056730,17.574103388,-1.517132611,0.000000000,0.000000000,true,0,0
11.030000,0.334322328,-0.370187289,2.001790921,1.608221807,-1.849626248,-0.027604709,0.714871358,-0.616571568,-0.448936979,-7.749344843,17.016270660,-1.423203243,0.000000000,0.000000000,true,0,0
11.040000,0.350439004,-0.388711567,2.001492194,1.614985541,-1.854950361,-0.032163691,0.638123970,-0.449169299,-0.462705123,-7.600232600,16.465332157,-1.330655754,0.000000000,0.000000000,true,0,0
11.050000,0.366619505,-0.407280808,2.001147204,1.620989246,-1.858627883,-0.036855750,0.562864707,-0.287241944,-0.475554701,-7.451720000,15.921287879,-1.239490144,0.000000000,0.000000000,true,0,0
11.060000,0.382856305,-0.425878817,2.000754666,1.626247775,-1.860713220,-0.041671769,0.489087571,-0.130720561,-0.487499532,-7.303807044,15.384137828,-1.149706414,0.000000000,0.000000000,true,0,0
11.070000,0.399142026,-0.444489944,2.000313385,1.630775918,-1.861260085,-0.046602771,0.416786567,0.020463793,-0.498553435,-7.156493730,14.853882002,-1.061304563,0.000000000,0.000000000,true,0,0
11.080000,0.415469438,-0.463099068,1.999822257,1.634588407,-1.860321504,-0.051639914,0.345955698,0.166380060,-0.508730229,-7.009780060,14.330520402,-0.974284591,0.000000000,0.000000000,true,0,0
11.090000,0.431831457,-0.481691597,1.999280262,1.637699913,-1.857949814,-0.056774498,0.276588967,0.307097182,-0.518043733,-6.863666034,13.814053029,-0.888646499,0.000000000,0.000000000,true,0,0
11.100000,0.448221148,-0.500253459,1.998686471,1.640125047,-1.854196661,-0.061997957,0.208680378,0.442684101,-0.526507766,-6.718151650,13.304479880,-0.804390286,0.000000000,0.000000000,true,0,0
11.110000,0.464631719,-0.518771095,1.998040035,1.641878361,-1.849113003,-0.067301868,0.142223935,0.573209760,-0.534136145,-6.573236910,12.801800958,-0.721515953,0.000000000,0.000000000,true,0,0
11.120000,0.481056524,-0.537231452,1.997340193,1.642974346,-1.842749107,-0.072677941,0.077213641,0.698743101,-0.540942691,-6.428921814,12.306016261,-0.640023499,0.000000000,0.000000000,true,0,0
11.130000,0.497489063,-0.555621975,1.996586263,1.643427434,-1.835154552,-0.078118028,0.013643500,0.819353066,-0.546941221,-6.285206360,11.817125791,-0.559912924,0.000000000,0.000000000,true,0,0
11.140000,0.513922978,-0.573930604,1.995777646,1.643251997,-1.826378227,-0.083614118,-0.048492485,0.935108597,-0.552145556,-6.142090550,11.335129546,-0.481184228,0.000000000,0.000000000,true,0,0
11.150000,0.530352055,-0.592145761,1.994913820,1.642462345,-1.816468332,-0.089158338,-0.109200310,1.046078638,-0.556569512,-5.999574384,10.860027527,-0.403837412,0.000000000,0.000000000,true,0,0
11.160000,0.546770225,-0.610256350,1.993994344,1.641072731,-1.805472376,-0.094742953,-0.168485971,1.152332129,-0.560226910,-5.857657860,10.391819733,-0.327872475,0.000000000,0.000000000,true,0,0
11.170000,0.563171557,-0.628251745,1.993018852,1.639097346,-1.793437181,-0.100360367,-0.226355466,1.253938013,-0.563131568,-5.716340980,9.930506166,-0.253289418,0.000000000,0.000000000,true,0,0
11.180000,0.579550266,-0.646121784,1.991987052,1.636550322,-1.780408878,-0.106003121,-0.282814790,1.350965233,-0.565297305,-5.575623744,9.476086824,-0.180088240,0.000000000,0.000000000,true,0,0
11.190000,0.595900705,-0.663856764,1.990898729,1.633445731,-1.766432909,-0.111663896,-0.337869939,1.443482730,-0.566737939,-5.435506150,9.028561708,-0.108268941,0.000000000,0.000000000,true,0,0
11.200000,0.612217369,-0.681447432,1.989753738,1.629797584,-1.751554026,-0.117335509,-0.391526911,1.531559448,-0.567467290,-5.295988200,8.587930818,-0.037831521,0.000000000,0.000000000,true,0,0
11.210000,0.628494892,-0.698884981,1.988552006,1.625619833,-1.735816293,-0.123010917,-0.443791702,1.615264327,-0.567499176,-5.157069893,8.154194154,0.031224019,0.000000000,0.000000000,true,0,0
11.220000,0.644728047,-0.716161040,1.987293530,1.620926371,-1.719263082,-0.128683214,-0.494670308,1.694666312,-0.566847416,-5.018751230,7.727351716,0.098897679,0.000000000,0.000000000,true,0,0
11.230000,0.660911746,-0.733267667,1.985978375,1.615731028,-1.701937080,-0.134345632,-0.544168726,1.769834343,-0.565525828,-4.881032210,7.307403503,0.165189461,0.000000000,0.000000000,true,0,0
11.240000,0.677041040,-0.750197346,1.984606673,1.610047577,-1.683880279,-0.139991544,-0.592292951,1.840837362,-0.563548233,-4.743912833,6.894349516,0.230099363,0.000000000,0.000000000,true,0,0
11.250000,0.693111116,-0.766942974,1.983178621,1.603889729,-1.665133986,-0.145614456,-0.639048981,1.907744314,-0.560928447,-4.607393100,6.488189755,0.293627386,0.000000000,0.000000000,true,0,0
11.260000,0.709117299,-0.783497862,1.981694481,1.597271138,-1.645738816,-0.151208018,-0.684442812,1.970624138,-0.557680291,-4.471473010,6.088924220,0.355773529,0.000000000,0.000000000,true,0,0
11.270000,0.725055049,-0.799855721,1.980154579,1.590205394,-1.625734697,-0.156766014,-0.728480440,2.029545779,-0.553817583,-4.336152563,5.696552911,0.416537793,0.000000000,0.000000000,true,0,0
11.280000,0.740919962,-0.816010657,1.978559300,1.582706030,-1.605160865,-0.162282367,-0.771167862,2.084578177,-0.549354142,-4.201431759,5.311075827,0.475920178,0.000000000,0.000000000,true,0,0
11.290000,0.756707769,-0.831957168,1.976909090,1.574786517,-1.584055868,-0.167751140,-0.812511074,2.135790276,-0.544303786,-4.067310599,4.932492970,0.533920683,0.000000000,0.000000000,true,0,0
11.300000,0.772414336,-0.847690130,1.975204455,1.566460269,-1.562457564,-0.173166533,-0.852516073,2.183251017,-0.538680334,-3.933789082,4.560804338,0.590539309,0.000000000,0.000000000,true,0,0
11.310000,0.788035663,-0.863204799,1.973445957,1.557740637,-1.540403122,-0.178522883,-0.891188854,2.227029344,-0.532497606,-3.800867209,4.196009932,0.645776056,0.000000000,0.000000000,true,0,0
11.320000,0.803567882,-0.878496794,1.971634213,1.548640912,-1.517929022,-0.183814667,-0.928535416,2.267194197,-0.525769419,-3.668544979,3.838109751,0.699630923,0.000000000,0.000000000,true,0,0
11.330000,0.819007258,-0.893562100,1.969769896,1.539174329,-1.495071053,-0.189036499,-0.964561753,2.303814519,-0.518509594,-3.536822392,3.487103797,0.752103911,0.000000000,0.000000000,true,0,0
11.340000,0.834350189,-0.908397053,1.967853733,1.529354058,-1.471864317,-0.194183132,-0.999273862,2.336959253,-0.510731948,-3.405699448,3.142992068,0.803195020,0.000000000,0.000000000,true,0,0
11.350000,0.849593204,-0.922998338,1.965886501,1.519193212,-1.448343224,-0.199249458,-1.032677741,2.366697341,-0.502450300,-3.275176148,2.805774565,0.852904249,0.000000000,0.000000000,true,0,0
11.360000,0.864732962,-0.937362982,1.963869029,1.508704844,-1.424541496,-0.204230504,-1.064779384,2.393097726,-0.493678469,-3.145252491,2.475451288,0.901231599,0.000000000,0.000000000,true,0,0
11.370000,0.879766253,-0.951488343,1.961802192,1.497901946,-1.400492165,-0.209121439,-1.095584789,2.416229348,-0.484430274,-3.015928478,2.152022237,0.948177070,0.000000000,0.000000000,true,0,0
11.380000,0.894689996,-0.965372108,1.959686916,1.486797449,-1.376227575,-0.213917568,-1.125099952,2.436161151,-0.474719534,-2.887204107,1.835487412,0.993740661,0.000000000,0.000000000,true,0,0
11.390000,0.909501239,-0.979012282,1.957524172,1.475404227,-1.351779378,-0.218614334,-1.153330870,2.452962077,-0.464560067,-2.759079380,1.525846812,1.037922373,0.000000000,0.000000000,true,0,0
11.400000,0.924197160,-0.992407187,1.955314975,1.463735093,-1.327178540,-0.223207320,-1.180283539,2.466701068,-0.453965692,-2.631554297,1.223100438,1.080722205,0.000000000,0.000000000,true,0,0
11.410000,0.938775064,-1.005555445,1.953060385,1.451802797,-1.302455334,-0.227692245,-1.205963955,2.477447066,-0.442950229,-2.504628857,0.927248290,1.122140159,0.000000000,0.000000000,true,0,0
11.420000,0.953232381,-1.018455984,1.950761504,1.439620034,-1.277639345,-0.232064967,-1.230378115,2.485269015,-0.431527496,-2.378303060,0.638290368,1.162176233,0.000000000,0.000000000,true,0,0
11.430000,0.967566672,-1.031108019,1.948419473,1.427199436,-1.252759470,-0.236321483,-1.253532015,2.490235855,-0.419711311,-2.252576906,0.356226672,1.200830427,0.000000000,0.000000000,true,0,0
11.440000,0.981775619,-1.043511055,1.946035475,1.414553575,-1.227843915,-0.240457928,-1.275431652,2.492416529,-0.407515493,-2.127450396,0.081057201,1.238102742,0.000000000,0.000000000,true,0,0
11.450000,0.995857034,-1.055664871,1.943610728,1.401694964,-1.202920197,-0.244470573,-1.296083022,2.491879979,-0.394953862,-2.002923529,-0.187218043,1.273993178,0.000000000,0.000000000,true,0,0
11.460000,1.009808851,-1.067569521,1.941146488,1.388636055,-1.178015143,-0.248355831,-1.315492121,2.488695149,-0.382040236,-1.878996305,-0.448599062,1.308501735,0.000000000,0.000000000,true,0,0
11.470000,1.023629129,-1.079225323,1.938644047,1.375389242,-1.153154892,-0.252110251,-1.333664947,2.482930979,-0.368788434,-1.755668725,-0.703085855,1.341628412,0.000000000,0.000000000,true,0,0
11.480000,1.037316051,-1.090632853,1.936104730,1.361966857,-1.128364892,-0.255730519,-1.350607494,2.474656412,-0.355212274,-1.632940788,-0.950678423,1.373373210,0.000000000,0.000000000,true,0,0
11.490000,1.050867922,-1.101792938,1.933529895,1.348381173,-1.103669902,-0.259213461,-1.366325761,2.463940391,-0.341325576,-1.510812494,-1.191376764,1.403736128,0.000000000,0.000000000,true,0,0
11.500000,1.064283170,-1.112706648,1.930920929,1.334644403,-1.079093992,-0.262556041,-1.380825743,2.450851858,-0.327142158,-1.389283844,-1.425180880,1.432717167,0.000000000,0.000000000,true,0,0
11.510000,1.077560347,-1.123375292,1.928279251,1.320768699,-1.054660543,-0.265755361,-1.394113437,2.435459754,-0.312675839,-1.268354837,-1.652090770,1.460316327,0.000000000,0.000000000,true,0,0
11.520000,1.090698122,-1.133800409,1.925606308,1.306766155,-1.030392246,-0.268808661,-1.406194839,2.417833023,-0.297940437,-1.148025473,-1.872106434,1.486533608,0.000000000,0.000000000,true,0,0
11.530000,1.103695287,-1.143983761,1.922903574,1.292648804,-1.006311102,-0.271713319,-1.417075945,2.398040606,-0.282949773,-1.028295753,-2.085227872,1.511369009,0.000000000,0.000000000,true,0,0
11.540000,1.116550755,-1.153927326,1.920172546,1.278428617,-0.982438423,-0.274466852,-1.426762753,2.376151446,-0.267717664,-0.909165676,-2.291455084,1.534822530,0.000000000,0.000000000,true,0,0
11.550000,1.129263556,-1.163633293,1.917414748,1.264117510,-0.958794832,-0.277066914,-1.435261257,2.352234486,-0.252257928,-0.790635242,-2.490788071,1.556894173,0.000000000,0.000000000,true,0,0
11.560000,1.141832842,-1.173104053,1.914631726,1.249727333,-0.935400263,-0.279511298,-1.442577456,2.326358666,-0.236584386,-0.672704451,-2.683226832,1.577583936,0.000000000,0.000000000,true,0,0
11.570000,1.154257879,-1.182342193,1.911825048,1.235269882,-0.912273959,-0.281797935,-1.448717345,2.298592930,-0.220710856,-0.555373304,-2.868771367,1.596891820,0.000000000,0.000000000,true,0,0
11.580000,1.166538054,-1.191350488,1.908996300,1.220756887,-0.889434474,-0.283924894,-1.453686921,2.269006219,-0.204651156,-0.438641801,-3.047421676,1.614817824,0.000000000,0.000000000,true,0,0
11.590000,1.178672870,-1.200131898,1.906147088,1.206200024,-0.866899675,-0.285890383,-1.457492180,2.237667477,-0.188419106,-0.322509940,-3.219177759,1.631361949,0.000000000,0.000000000,true,0,0
11.600000,1.190661947,-1.208689555,1.903279036,1.191610905,-0.844686735,-0.287692748,-1.460139119,2.204645645,-0.172028523,-0.206977723,-3.384039617,1.646524195,0.000000000,0.000000000,true,0,0
11.610000,1.202505019,-1.217026761,1.900393782,1.177001083,-0.822812142,-0.289330472,-1.461633733,2.170009665,-0.155493228,-0.092045149,-3.542007248,1.660304561,0.000000000,0.000000000,true,0,0
11.620000,1.214201938,-1.225146978,1.897492980,1.162382051,-0.801291692,-0.290802176,-1.461982020,2.133828481,-0.138827039,0.022287781,-3.693080654,1.672703048,0.000000000,0.000000000,true,0,0
11.630000,1.225752668,-1.233053825,1.894578296,1.147765244,-0.780140493,-0.292106622,-1.461189977,2.096171033,-0.122043773,0.136021068,-3.837259834,1.683719656,0.000000000,0.000000000,true,0,0
11.640000,1.237157288,-1.240751067,1.891651409,1.133162033,-0.759372963,-0.293242708,-1.459263598,2.057106265,-0.105157252,0.249154712,-3.974544788,1.693354384,0.000000000,0.000000000,true,0,0
11.650000,1.248415992,-1.248242609,1.888714006,1.118583733,-0.739002829,-0.294209469,-1.456208881,2.016703118,-0.088181292,0.361688713,-4.104935517,1.701607233,0.000000000,0.000000000,true,0,0
11.660000,1.259529083,-1.255532492,1.885767787,1.104041596,-0.719043132,-0.295006081,-1.452031822,1.975030535,-0.071129713,0.473623070,-4.228432020,1.708478203,0.000000000,0.000000000,true,0,0
11.670000,1.270496981,-1.262624881,1.882814454,1.089546817,-0.699506220,-0.295631857,-1.446738419,1.932157458,-0.054016334,0.584957784,-4.345034296,1.713967293,0.000000000,0.000000000,true,0,0
11.680000,1.281320215,-1.269524065,1.879855721,1.075110529,-0.680403755,-0.296086248,-1.440334666,1.888152830,-0.036854974,0.695692854,-4.454742347,1.718074504,0.000000000,0.000000000,true,0,0
11.690000,1.291999424,-1.276234441,1.876893302,1.060743805,-0.661746706,-0.296368843,-1.432826560,1.843085592,-0.019659450,0.805828281,-4.557556173,1.720799836,0.000000000,0.000000000,true,0,0
11.700000,1.302535359,-1.282760518,1.873928917,1.046457659,-0.643545355,-0.296479369,-1.424220099,1.797024687,-0.002443583,0.915364065,-4.653475772,1.722143288,0.000000000,0.000000000,true,0,0
11.710000,1.312928882,-1.289106899,1.870964289,1.032263045,-0.625809294,-0.296417693,-1.414521278,1.750039057,0.014778809,1.024300206,-4.742501146,1.722104861,0.000000000,0.000000000,true,0,0
11.720000,1.323180962,-1.295278284,1.868001138,1.018170855,-0.608547426,-0.296183817,-1.403736094,1.702197645,0.031993908,1.132636703,-4.824632293,1.720684555,0.000000000,0.000000000,true,0,0
11.730000,1.333292677,-1.301279456,1.865041186,1.004191924,-0.591767964,-0.295777885,-1.391870543,1.653569392,0.049187894,1.240373557,-4.899869215,1.717882369,0.000000000,0.000000000,true,0,0
11.740000,1.343265214,-1.307115277,1.862086153,0.990337025,-0.575478432,-0.295200176,-1.378930621,1.604223241,0.066346949,1.347510768,-4.968211912,1.713698304,0.000000000,0.000000000,true,0,0
11.750000,1.353099866,-1.312790681,1.859137754,0.976616873,-0.559685663,-0.294451109,-1.364922326,1.554228135,0.083457254,1.454048335,-5.029660382,1.708132360,0.000000000,0.000000000,true,0,0
11.760000,1.362798036,-1.318310667,1.856197700,0.963042120,-0.544395802,-0.293531239,-1.349851653,1.503653015,0.100504990,1.559986259,-5.084214626,1.701184536,0.000000000,0.000000000,true,0,0
11.770000,1.372361229,-1.323680291,1.853267696,0.949623361,-0.529614306,-0.292441263,-1.333724600,1.452566823,0.117476338,1.665324539,-5.131874645,1.692854833,0.000000000,0.000000000,true,0,0
11.780000,1.381791058,-1.328904663,1.850349439,0.936371129,-0.515345940,-0.291182013,-1.316547161,1.401038502,0.134357480,1.770063177,-5.172640438,1.683143250,0.000000000,0.000000000,true,0,0
11.790000,1.391089241,-1.333988934,1.847444617,0.923295899,-0.501594780,-0.289754460,-1.298325335,1.349136995,0.151134597,1.874202171,-5.206512005,1.672049788,0.000000000,0.000000000,true,0,0
11.800000,1.400257601,-1.338938294,1.844554907,0.910408084,-0.488364214,-0.288159714,-1.279065117,1.296931243,0.167793870,1.977741521,-5.233489346,1.659574447,0.000000000,0.000000000,true,0,0
11.810000,1.409298062,-1.343757963,1.841681975,0.897718038,-0.475656939,-0.286399022,-1.258772503,1.244490189,0.184321480,2.080681229,-5.253572462,1.645717227,0.000000000,0.000000000,true,0,0
11.820000,1.418212655,-1.348453184,1.838827475,0.885236055,-0.463474965,-0.284473770,-1.237453491,1.191882775,0.200703608,2.183021293,-5.266761351,1.630478127,0.000000000,0.000000000,true,0,0
11.830000,1.427003511,-1.353029218,1.835993044,0.872972370,-0.451819609,-0.282385481,-1.215114076,1.139177943,0.216926436,2.284761713,-5.273056015,1.613857148,0.000000000,0.000000000,true,0,0
11.840000,1.435672864,-1.357491334,1.833180303,0.860937155,-0.440691501,-0.280135818,-1.191760256,1.086444635,0.232976145,2.385902491,-5.272456453,1.595854289,0.000000000,0.000000000,true,0,0
11.850000,1.444223049,-1.361844805,1.830390859,0.849140526,-0.430090581,-0.277726581,-1.167398025,1.033751794,0.248838915,2.486443625,-5.264962665,1.576469551,0.000000000,0.000000000,true,0,0
11.860000,1.452656503,-1.366094900,1.827626297,0.837592536,-0.420016100,-0.275159709,-1.142033382,0.981168363,0.264500929,2.586385115,-5.250574652,1.555702934,0.000000000,0.000000000,true,0,0
11.870000,1.460975762,-1.370246877,1.824888183,0.826303180,-0.410466619,-0.272437278,-1.115672322,0.928763282,0.279948368,2.685726963,-5.229292412,1.533554438,0.000000000,0.000000000,true,0,0
11.880000,1.469183462,-1.374305976,1.822178063,0.815282391,-0.401440010,-0.269561503,-1.088320841,0.876605495,0.295167412,2.784469167,-5.201115947,1.510024062,0.000000000,0.000000000,true,0,0
11.890000,1.477282338,-1.378277411,1.819497457,0.804540044,-0.392933455,-0.266534737,-1.059984937,0.824763944,0.310144243,2.882611727,-5.166045256,1.485111807,0.000000000,0.000000000,true,0,0
11.900000,1.485275224,-1.382166367,1.816847863,0.794085954,-0.384943447,-0.263359471,-1.030670606,0.773307571,0.324865042,2.980154645,-5.124080339,1.458817672,0.000000000,0.000000000,true,0,0
11.910000,1.493165051,-1.385977988,1.814230754,0.783929873,-0.377465790,-0.260038336,-1.000383843,0.722305318,0.339315990,3.077097919,-5.075221197,1.431141658,0.000000000,0.000000000,true,0,0
11.920000,1.500954847,-1.389717374,1.811647573,0.774081498,-0.370495597,-0.256574097,-0.969130646,0.671826127,0.353483269,3.173441550,-5.019467828,1.402083765,0.000000000,0.000000000,true,0,0
11.930000,1.508647738,-1.393389573,1.809099739,0.764550462,-0.364027294,-0.252969662,-0.936917011,0.621938942,0.367353059,3.269185537,-4.956820234,1.371643992,0.000000000,0.000000000,true,0,0
11.940000,1.516246946,-1.396999572,1.806588637,0.755346339,-0.358054615,-0.249228074,-0.903748934,0.572712704,0.380911542,3.364329881,-4.887278414,1.339822340,0.000000000,0.000000000,true,0,0
11.950000,1.523755787,-1.400552294,1.804115624,0.746478645,-0.352570607,-0.245352515,-0.869632412,0.524216354,0.394144900,3.458874582,-4.810842368,1.306618809,0.000000000,0.000000000,true,0,0
11.960000,1.531177672,-1.404052588,1.801682022,0.737956833,-0.347567626,-0.241346305,-0.834573441,0.476518837,0.407039312,3.552819639,-4.727512096,1.272033398,0.000000000,0.000000000,true,0,0
11.970000,1.538516108,-1.407505222,1.799289122,0.729790297,-0.343037338,-0.237212904,-0.798578018,0.429689093,0.419580961,3.646165053,-4.637287599,1.236066108,0.000000000,0.000000000,true,0,0
11.980000,1.545774693,-1.410914880,1.796938176,0.721988374,-0.338970721,-0.232955908,-0.761652139,0.383796066,0.431756028,3.738910824,-4.540168875,1.198716939,0.000000000,0.000000000,true,0,0
11.990000,1.552957121,-1.414286150,1.794630403,0.714560336,-0.335358064,-0.228579052,-0.723801800,0.338908697,0.443550694,3.831056952,-4.436155926,1.159985890,0.000000000,0.000000000,true,0,0
12.000000,1.560067177,-1.417623520,1.792366982,0.707515399,-0.332188965,-0.224086208,-0.685032999,0.295095928,0.454951140,3.922603436,-4.325248751,1.119872962,0.000000000,0.000000000,true,0,0
12.010000,1.567108737,-1.420931371,1.790149052,0.700862700,-0.329452365,-0.219481382,-0.645358772,0.252414207,0.465946544,4.011437716,-4.211195835,1.079277270,0.000000000,0.000000000,true,0,0
12.020000,1.574085768,-1.424213971,1.787977714,0.694611105,-0.327136890,-0.214768624,-0.604820327,0.210870002,0.476538073,4.095447229,-4.097745662,1.039097927,0.000000000,0.000000000,true,0,0
12.030000,1.581002324,-1.427475475,1.785854026,0.688769014,-0.325231193,-0.209951953,-0.563465910,0.170457285,0.486729890,4.174631977,-3.984898232,0.999334934,0.000000000,0.000000000,true,0,0
12.040000,1.587862540,-1.430719923,1.783779008,0.683344345,-0.323723992,-0.205035344,-0.521343770,0.131170028,0.496526159,4.248991959,-3.872653545,0.959988290,0.000000000,0.000000000,true,0,0
12.050000,1.594670627,-1.433951245,1.781753639,0.678344536,-0.322604061,-0.200022734,-0.478502154,0.093002205,0.505931044,4.318527175,-3.761011601,0.921057997,0.000000000,0.000000000,true,0,0
12.060000,1.601430870,-1.437173258,1.779778861,0.673776540,-0.321860237,-0.194918014,-0.434989309,0.055947787,0.514948707,4.383237625,-3.649972401,0.882544053,0.000000000,0.000000000,true,0,0
12.070000,1.608147619,-1.440389667,1.777855573,0.669646827,-0.321481414,-0.189725037,-0.390853484,0.020000748,0.523583313,4.443123310,-3.539535944,0.844446460,0.000000000,0.000000000,true,0,0
12.080000,1.614825287,-1.443604066,1.775984641,0.665961386,-0.321456551,-0.184447611,-0.346142926,-0.014844941,0.531839024,4.498184228,-3.429702230,0.806765216,0.000000000,0.000000000,true,0,0
12.090000,1.621468346,-1.446819941,1.774166890,0.662725723,-0.321774662,-0.179089505,-0.300905882,-0.048595306,0.539720005,4.548420381,-3.320471259,0.769500322,0.000000000,0.000000000,true,0,0
12.100000,1.628081318,-1.450040666,1.772403108,0.659944862,-0.322424826,-0.173654446,-0.255190600,-0.081256375,0.547230418,4.593831768,-3.211843032,0.732651778,0.000000000,0.000000000,true,0,0
12.110000,1.634668774,-1.453269508,1.770694045,0.657623345,-0.323396179,-0.168146118,-0.209045329,-0.112834176,0.554374428,4.634418388,-3.103817547,0.696219583,0.000000000,0.000000000,true,0,0
12.120000,1.641235330,-1.456509625,1.769040417,0.655765228,-0.324677919,-0.162568165,-0.162518315,-0.143334735,0.561156198,4.670180243,-2.996394806,0.660203739,0.000000000,0.000000000,true,0,0
12.130000,1.647785636,-1.459764065,1.767442902,0.654374090,-0.326259303,-0.156924188,-0.115657807,-0.172764081,0.567579891,4.701117333,-2.889574808,0.624604244,0.000000000,0.000000000,true,0,0
12.140000,1.654324378,-1.463035774,1.765902142,0.653453023,-0.328129650,-0.151217747,-0.068512051,-0.201128241,0.573649671,4.727229656,-2.783357553,0.589421099,0.000000000,0.000000000,true,0,0
12.150000,1.660856272,-1.466327586,1.764418744,0.653004639,-0.330278337,-0.145452360,-0.021129296,-0.228433241,0.579369701,4.748517213,-2.677743042,0.554654304,0.000000000,0.000000000,true,0,0
12.160000,1.667386054,-1.469642233,1.762993280,0.653031066,-0.332694804,-0.139631505,0.026442211,-0.254685111,0.584744145,4.764980005,-2.572731273,0.520303859,0.000000000,0.000000000,true,0,0
12.170000,1.673918481,-1.472982340,1.761626287,0.653533951,-0.335368549,-0.133758615,0.074154221,-0.279889876,0.589777166,4.776618031,-2.468322248,0.486369764,0.000000000,0.000000000,true,0,0
12.180000,1.680458325,-1.476350427,1.760318269,0.654514458,-0.338289131,-0.127837086,0.121958489,-0.304053565,0.594472928,4.783431290,-2.364515966,0.452852018,0.000000000,0.000000000,true,0,0
12.190000,1.687010365,-1.479748911,1.759069696,0.655973268,-0.341446170,-0.121870267,0.169806765,-0.327182204,0.598835594,4.785419784,-2.261312427,0.419750623,0.000000000,0.000000000,true,0,0
12.200000,1.693579385,-1.483180104,1.757881004,0.657910579,-0.344829345,-0.115861470,0.217650802,-0.349281822,0.602869328,4.782583512,-2.158711632,0.387065577,0.000000000,0.000000000,true,0,0
12.210000,1.700170171,-1.486646217,1.756752596,0.660326109,-0.348428397,-0.109813963,0.265442352,-0.370358446,0.606578293,4.774922475,-2.056713579,0.354796881,0.000000000,0.000000000,true,0,0
12.220000,1.706787499,-1.490149358,1.755684843,0.663219091,-0.352233124,-0.103730973,0.313133169,-0.390418103,0.609966653,4.762436671,-1.955318270,0.322944535,0.000000000,0.000000000,true,0,0
12.230000,1.713436140,-1.493691531,1.754678084,0.666588276,-0.356233389,-0.097615685,0.360675003,-0.409466821,0.613038572,4.745126101,-1.854525704,0.291508539,0.000000000,0.000000000,true,0,0
12.240000,1.720120846,-1.497274644,1.753732626,0.670431933,-0.360419111,-0.091471243,0.408019608,-0.427510626,0.615798212,4.722990766,-1.754335881,0.260488892,0.000000000,0.000000000,true,0,0
12.250000,1.726846353,-1.500900498,1.752848746,0.674747850,-0.364780272,-0.085300748,0.455118736,-0.444555547,0.618249737,4.696030665,-1.654748801,0.229885596,0.000000000,0.000000000,true,0,0
12.260000,1.733617369,-1.504570801,1.752026688,0.679533329,-0.369306912,-0.079107261,0.501924139,-0.460607611,0.620397312,4.664245798,-1.555764465,0.199698649,0.000000000,0.000000000,true,0,0
12.270000,1.740438574,-1.508287155,1.751266667,0.684785193,-0.373989135,-0.072893801,0.548387569,-0.475672846,0.622245098,4.627636165,-1.457382871,0.169928052,0.000000000,0.000000000,true,0,0
12.280000,1.747314615,-1.512051069,1.750568869,0.690499780,-0.378817100,-0.066663344,0.594460780,-0.489757278,0.623797261,4.586201766,-1.359604021,0.140573805,0.000000000,0.000000000,true,0,0
12.290000,1.754250098,-1.515863950,1.749933447,0.696672947,-0.383781031,-0.060418827,0.640095522,-0.502866935,0.625057962,4.539942601,-1.262427914,0.111635908,0.000000000,0.000000000,true,0,0
12.300000,1.761249587,-1.519727111,1.749360529,0.703300068,-0.388871210,-0.054163143,0.685243549,-0.515007845,0.626031367,4.488858671,-1.165854551,0.083114361,0.000000000,0.000000000,true,0,0
12.310000,1.768317596,-1.523641763,1.748850212,0.710376034,-0.394077979,-0.047899144,0.729856613,-0.526186036,0.626721637,4.432949974,-1.069883930,0.055009163,0.000000000,0.000000000,true,0,0
12.320000,1.775458585,-1.527609027,1.748402565,0.717895256,-0.399391741,-0.041629640,0.773886466,-0.536407533,0.627132938,4.372216512,-0.974516053,0.027320315,0.000000000,0.000000000,true,0,0
12.330000,1.782676958,-1.531629923,1.748017629,0.725851659,-0.404802960,-0.035357401,0.817284861,-0.545678366,0.627269431,4.306658284,-0.879750919,0.000047818,0.000000000,0.000000000,true,0,0
12.340000,1.789977054,-1.535705379,1.747695417,0.734238687,-0.410302160,-0.029085154,0.860003549,-0.554004561,0.627135282,4.236275289,-0.785588528,-0.026808330,0.000000000,0.000000000,true,0,0
12.350000,1.797363144,-1.539836228,1.747435917,0.743049303,-0.415879923,-0.022815584,0.901994284,-0.561392145,0.626734653,4.161067530,-0.692028880,-0.053248129,0.000000000,0.000000000,true,0,0
12.360000,1.804839427,-1.544023208,1.747239087,0.752275986,-0.421526894,-0.016551335,0.943208817,-0.567847147,0.626071707,4.081035004,-0.599071975,-0.079271577,0.000000000,0.000000000,true,0,0
12.370000,1.812410024,-1.548266966,1.747104863,0.761910731,-0.427233777,-0.010295010,0.983598901,-0.573375594,0.625150609,3.996177712,-0.506717814,-0.104878675,0.000000000,0.000000000,true,0,0
12.380000,1.820078974,-1.552568053,1.747033152,0.771945055,-0.432991338,-0.004049169,1.023116289,-0.577983513,0.623975521,3.906495655,-0.414966396,-0.130069424,0.000000000,0.000000000,true,0,0
12.390000,1.827850227,-1.556926931,1.747023837,0.782369987,-0.438790399,0.002183668,1.061712732,-0.581676931,0.622550608,3.811988831,-0.323817721,-0.154843823,0.000000000,0.000000000,true,0,0
12.400000,1.835727644,-1.561343969,1.747076774,0.793176079,-0.444621848,0.008401024,1.099339983,-0.584461876,0.620880033,3.712657242,-0.233271789,-0.179201872,0.000000000,0.000000000,true,0,0
12.410000,1.843714986,-1.565819445,1.747191797,0.804353396,-0.450476629,0.014600463,1.135949794,-0.586344376,0.618967959,3.608500887,-0.143328600,-0.203143571,0.000000000,0.000000000,true,0,0
12.420000,1.851815915,-1.570353549,1.747368716,0.815891522,-0.456345747,0.020779592,1.171493918,-0.587330458,0.616818549,3.499519766,-0.053988155,-0.226668920,0.000000000,0.000000000,true,0,0
12.430000,1.860033983,-1.574946378,1.747607314,0.827779561,-0.462220270,0.026936057,1.205924107,-0.587426148,0.614435968,3.385713879,0.034749548,-0.249777919,0.000000000,0.000000000,true,0,0
12.440000,1.868372634,-1.579597943,1.747907354,0.840006131,-0.468091322,0.033067548,1.239192113,-0.586637476,0.611824379,3.267083226,0.122884507,-0.272470569,0.000000000,0.000000000,true,0,0
12.450000,1.876835195,-1.584308164,1.748268574,0.852559368,-0.473950092,0.039171795,1.271249689,-0.584970467,0.608987945,3.143627808,0.210416722,-0.294746869,0.000000000,0.000000000,true,0,0
12.460000,1.885424869,-1.589076875,1.748690691,0.865426929,-0.479787824,0.045246571,1.302048587,-0.582431151,0.605930829,3.015347623,0.297346195,-0.316606819,0.000000000,0.000000000,true,0,0
12.470000,1.894144738,-1.593903821,1.749173400,0.878595984,-0.485595827,0.051289690,1.331540559,-0.579025553,0.602657196,2.882242673,0.383672925,-0.338050419,0.000000000,0.000000000,true,0,0
12.480000,1.902997750,-1.598788663,1.749716372,0.892053223,-0.491365468,0.057299007,1.359677358,-0.574759701,0.599171209,2.744312957,0.469396911,-0.359077669,0.000000000,0.000000000,true,0,0
12.490000,1.911986717,-1.603730974,1.750319260,0.905784853,-0.497088174,0.063272420,1.386410735,-0.569639624,0.595477030,2.601558474,0.554518154,-0.379688569,0.000000000,0.000000000,true,0,0
12.500000,1.921114314,-1.608730242,1.750981694,0.919776598,-0.502755433,0.069207868,1.411692445,-0.563671347,0.591578825,2.453979227,0.639036654,-0.399883120,0.000000000,0.000000000,true,0,0
12.510000,1.930383067,-1.613785870,1.751703284,0.934013702,-0.508358793,0.075103331,1.435474237,-0.556860900,0.587480756,2.301575213,0.722952411,-0.419661321,0.000000000,0.000000000,true,0,0
12.520000,1.939795355,-1.618897177,1.752483621,0.948480923,-0.513889864,0.080956831,1.457707866,-0.549214308,0.583186987,2.144346433,0.806265424,-0.439023171,0.000000000,0.000000000,true,0,0
12.530000,1.949353400,-1.624063398,1.753322275,0.963162538,-0.519340312,0.086766432,1.478345084,-0.540737600,0.578701680,1.982292887,0.888975694,-0.457968672,0.000000000,0.000000000,true,0,0
12.540000,1.959059267,-1.629283687,1.754218797,0.978042342,-0.524701869,0.092530240,1.497337642,-0.531436803,0.574029001,1.815414576,0.971083222,-0.476497824,0.000000000,0.000000000,true,0,0
12.550000,1.968914852,-1.634557112,1.755172721,0.993103648,-0.529966322,0.098246401,1.514637293,-0.521317945,0.569173112,1.643711499,1.052588005,-0.494610625,0.000000000,0.000000000,true,0,0
12.560000,1.978921887,-1.639882662,1.756183560,1.008329284,-0.535125521,0.103913105,1.530195789,-0.510387052,0.564138176,1.467183656,1.133490046,-0.512307076,0.000000000,0.000000000,true,0,0
12.570000,1.989081927,-1.645259245,1.757250812,1.023701599,-0.540171376,0.109528582,1.543964883,-0.498650153,0.558928358,1.285831047,1.213789344,-0.529587178,0.000000000,0.000000000,true,0,0
12.580000,1.999396348,-1.650685685,1.758373955,1.039202456,-0.545095857,0.115091103,1.555896327,-0.486113275,0.553547821,1.099653672,1.293485898,-0.546450930,0.000000000,0.000000000,true,0,0
12.590000,2.009866343,-1.656160731,1.759552452,1.054813239,-0.549890995,0.120598983,1.565941874,-0.472782444,0.548000727,0.908651531,1.372579709,-0.562898332,0.000000000,0.000000000,true,0,0
12.600000,2.020492915,-1.661683048,1.760785747,1.070514847,-0.554548880,0.126050576,1.574053275,-0.458663690,0.542291242,0.712824624,1.451070777,-0.578929384,0.000000000,0.000000000,true,0,0
12.610000,2.031276877,-1.667251225,1.762073270,1.086287697,-0.559061662,0.131444280,1.580182284,-0.443763038,0.536423527,0.512172952,1.528959102,-0.594544086,0.000000000,0.000000000,true,0,0
12.620000,2.042218840,-1.672863771,1.763414435,1.102111724,-0.563421554,0.136778533,1.584280652,-0.428086517,0.530401748,0.306696514,1.606244684,-0.609742439,0.000000000,0.000000000,true,0,0
12.630000,2.053319214,-1.678519120,1.764808638,1.117966380,-0.567620827,0.142051816,1.586300132,-0.411640153,0.524230066,0.096395309,1.682927522,-0.624524441,0.000000000,0.000000000,true,0,0
12.640000,2.064578200,-1.684215627,1.766255263,1.133830636,-0.571651811,0.147262649,1.586192476,-0.394429975,0.517912647,-0.118730661,1.759007617,-0.638890094,0.000000000,0.000000000,true,0,0
12.650000,2.075995787,-1.689951570,1.767753678,1.149682978,-0.575506900,0.152409597,1.583909436,-0.376462010,0.511453652,-0.338681397,1.834484969,-0.652839397,0.000000000,0.000000000,true,0,0
12.660000,2.087571746,-1.695725153,1.769303237,1.165501412,-0.579178546,0.157491264,1.579402765,-0.357742285,0.504857247,-0.563456898,1.909359578,-0.666372350,0.000000000,0.000000000,true,0,0
12.670000,2.099305627,-1.701534505,1.770903281,1.181263461,-0.582659260,0.162506298,1.572624215,-0.338276828,0.498127593,-0.793057166,1.983631444,-0.679488953,0.000000000,0.000000000,true,0,0
12.680000,2.111196751,-1.707377677,1.772553137,1.196946163,-0.585941616,0.167453386,1.563525539,-0.318071665,0.491268855,-1.027482200,2.057300566,-0.692189207,0.000000000,0.000000000,true,0,0
12.690000,2.123244208,-1.713252651,1.774252118,1.212526077,-0.589018248,0.172331258,1.552058489,-0.297132826,0.484285197,-1.266731999,2.130366946,-0.704473110,0.000000000,0.000000000,true,0,0
12.700000,2.135446850,-1.719157332,1.775999527,1.227979277,-0.591881848,0.177138687,1.538174817,-0.275466336,0.477180781,-1.510806564,2.202830582,-0.716340664,0.000000000,0.000000000,true,0,0
12.710000,2.147803290,-1.725089554,1.777794653,1.243281357,-0.594525169,0.181874485,1.521826275,-0.253078223,0.469959771,-1.759705896,2.274691474,-0.727791868,0.000000000,0.000000000,true,0,0
12.720000,2.160311891,-1.731047077,1.779636774,1.258407426,-0.596941027,0.186537508,1.502964616,-0.229974515,0.462626332,-2.013429993,2.345949624,-0.738826722,0.000000000,0.000000000,true,0,0
12.730000,2.172970767,-1.737027592,1.781525157,1.273332111,-0.599122294,0.191126651,1.481541593,-0.206161240,0.455184625,-2.271978856,2.416605031,-0.749445226,0.000000000,0.000000000,true,0,0
12.740000,2.185777776,-1.743028718,1.783459057,1.288029559,-0.601061906,0.195640853,1.457508956,-0.181644424,0.447638815,-2.535352484,2.486657694,-0.759647380,0.000000000,0.000000000,true,0,0
12.750000,2.198730513,-1.749048002,1.785437721,1.302473431,-0.602752858,0.200079094,1.430818460,-0.156430095,0.439993065,-2.803550879,2.556107614,-0.769433185,0.000000000,0.000000000,true,0,0
12.760000,2.211826310,-1.755082923,1.787460383,1.316636908,-0.604188203,0.204440395,1.401421856,-0.130524281,0.432251539,-3.076574039,2.624954791,-0.778802639,0.000000000,0.000000000,true,0,0
12.770000,2.225062225,-1.761130891,1.789526269,1.330492687,-0.605361058,0.208723820,1.369270897,-0.103933008,0.424418400,-3.354421966,2.693199225,-0.787755744,0.000000000,0.000000000,true,0,0
12.780000,2.238435045,-1.767189246,1.791634596,1.344012984,-0.606264599,0.212928472,1.334317334,-0.076662305,0.416497812,-3.637094658,2.760840915,-0.796292499,0.000000000,0.000000000,true,0,0
12.790000,2.251941273,-1.773255262,1.793784573,1.357169531,-0.606892060,0.217053498,1.296512921,-0.048718199,0.408493938,-3.924592116,2.827879863,-0.804412904,0.000000000,0.000000000,true,0,0
12.800000,2.265577127,-1.779326145,1.795975398,1.369933578,-0.607236738,0.221098087,1.255809410,-0.020106717,0.400410942,-4.216914340,2.894316067,-0.812116960,0.000000000,0.000000000,true,0,0
12.810000,2.279338539,-1.785399032,1.798206264,1.382275894,-0.607291990,0.225061467,1.212158552,0.009166113,0.392252987,-4.514061330,2.960149528,-0.819404665,0.000000000,0.000000000,true,0,0
12.820000,2.293221141,-1.791470998,1.800476355,1.394166764,-0.607051231,0.228942910,1.165512100,0.039094264,0.384024236,-4.816033086,3.025380245,-0.826276021,0.000000000,0.000000000,true,0,0
12.830000,2.307220268,-1.797539049,1.802784847,1.405575990,-0.606507940,0.232741730,1.115821808,0.069671709,0.375728854,-5.122829607,3.090008220,-0.832731026,0.000000000,0.000000000,true,0,0
12.840000,2.321330953,-1.803600127,1.805130912,1.416472893,-0.605655653,0.236457279,1.063039426,0.100892419,0.367371004,-5.434450895,3.154033451,-0.838769682,0.000000000,0.000000000,true,0,0
12.850000,2.335547915,-1.809651110,1.807513713,1.426826311,-0.604487968,0.240088955,1.007116707,0.132750369,0.358954848,-5.750896948,3.217455940,-0.844391988,0.000000000,0.000000000,true,0,0
12.860000,2.349865562,-1.815688814,1.809932409,1.436604599,-0.602998542,0.243636196,0.948005404,0.165239529,0.350484552,-6.072167767,3.280275685,-0.849597945,0.000000000,0.000000000,true,0,0
12.870000,2.364277983,-1.821709988,1.812386154,1.445775630,-0.601181093,0.247098480,0.885657269,0.198353873,0.341964277,-6.398263352,3.342492686,-0.854387551,0.000000000,0.000000000,true,0,0
12.880000,2.378778942,-1.827711321,1.814874094,1.454306794,-0.599029400,0.250475329,0.820024055,0.232087374,0.333398188,-6.729183703,3.404106945,-0.858760808,0.000000000,0.000000000,true,0,0
12.890000,2.393361875,-1.833689441,1.817395374,1.462165000,-0.596537302,0.253766305,0.751057513,0.266434003,0.324790449,-7.064928820,3.465118460,-0.862717714,0.000000000,0.000000000,true,0,0
12.900000,2.408019886,-1.839640912,1.819949133,1.469316672,-0.593698697,0.256971013,0.678709396,0.301387734,0.316145222,-7.405498702,3.525527233,-0.866258271,0.000000000,0.000000000,true,0,0
12.910000,2.422745740,-1.845562240,1.822534505,1.475727755,-0.590507544,0.260089098,0.602931456,0.336942538,0.307466671,-7.750893351,3.585333262,-0.869382478,0.000000000,0.000000000,true,0,0
12.920000,2.437531858,-1.851449868,1.825150625,1.481363708,-0.586957862,0.263120249,0.523675446,0.373092390,0.298758960,-8.101112765,3.644536548,-0.872090336,0.000000000,0.000000000,true,0,0
12.930000,2.452370314,-1.857300182,1.827796620,1.486189509,-0.583043732,0.266064194,0.440893118,0.409831260,0.290026252,-8.456156946,3.703137090,-0.874381843,0.000000000,0.000000000,true,0,0
12.940000,2.467252829,-1.863109508,1.830471617,1.490169655,-0.578759294,0.268920704,0.354536225,0.447153122,0.281272711,-8.816025892,3.761134890,-0.876257000,0.000000000,0.000000000,true,0,0
12.950000,2.482170768,-1.868874114,1.833174742,1.493268158,-0.574098747,0.271689593,0.264556518,0.485051949,0.272502500,-9.180719604,3.818529946,-0.877715808,0.000000000,0.000000000,true,0,0
12.960000,2.497115132,-1.874590210,1.835905116,1.495448548,-0.569056352,0.274370713,0.170905750,0.523521712,0.263719783,-9.550238081,3.875322259,-0.878758266,0.000000000,0.000000000,true,0,0
12.970000,2.512076556,-1.880253950,1.838661863,1.496673875,-0.563626429,0.276963961,0.073535674,0.562556385,0.254928723,-9.924581325,3.931511829,-0.879384374,0.000000000,0.000000000,true,0,0
12.980000,2.527045301,-1.885861429,1.841444103,1.496906703,-0.557803361,0.279469273,-0.027601959,0.602149940,0.246133483,-10.303749335,3.987098656,-0.879594132,0.000000000,0.000000000,true,0,0
12.990000,2.542011255,-1.891408688,1.844250955,1.496109117,-0.551581588,0.281886630,-0.132555396,0.642296349,0.237338228,-10.687742110,4.042082739,-0.879387540,0.000000000,0.000000000,true,0,0
13.000000,2.556963921,-1.896891713,1.847081542,1.494242715,-0.544955611,0.284216052,-0.241372884,0.682989585,0.228547120,-11.076559651,4.096464079,-0.878764599,0.000000000,0.000000000,true,0,0
13.010000,2.571892417,-1.902306435,1.849934983,1.491268732,-0.537920016,0.286457599,-0.354057042,0.724214750,0.219763843,-11.456513265,4.147581391,-0.877869508,0.000000000,0.000000000,true,0,0
13.020000,2.586785477,-1.907648731,1.852810401,1.487149285,-0.530469711,0.288611361,-0.470427974,0.765921462,0.210990157,-11.813914258,4.192773388,-0.876846467,0.000000000,0.000000000,true,0,0
13.030000,2.601631465,-1.912914431,1.855706918,1.481848635,-0.522600179,0.290677438,-0.590260152,0.808050467,0.202227340,-12.148762629,4.232040071,-0.875695478,0.000000000,0.000000000,true,0,0
13.040000,2.616418401,-1.918099324,1.858623658,1.475333296,-0.514307492,0.292655948,-0.713328051,0.850542512,0.193476674,-12.461058380,4.265381439,-0.874416539,0.000000000,0.000000000,true,0,0
13.050000,2.631133978,-1.923199160,1.861559746,1.467572040,-0.505588316,0.294547017,-0.839406144,0.893338345,0.184739436,-12.750801510,4.292797493,-0.873009650,0.000000000,0.000000000,true,0,0
13.060000,2.645765592,-1.928209659,1.864514308,1.458535891,-0.496439910,0.296350786,-0.968268906,0.936378711,0.176016907,-13.017992018,4.314288232,-0.871474812,0.000000000,0.000000000,true,0,0
13.070000,2.660300357,-1.933126520,1.867486471,1.448198131,-0.486860124,0.298067408,-1.099690809,0.979604358,0.167310366,-13.262629905,4.329853657,-0.869812025,0.000000000,0.000000000,true,0,0
13.080000,2.674725134,-1.937945419,1.870475366,1.436534296,-0.476847402,0.299697050,-1.233446328,1.022956033,0.158621093,-13.484715172,4.339493767,-0.868021289,0.000000000,0.000000000,true,0,0
13.090000,2.689026548,-1.942662021,1.873480123,1.423522178,-0.466400781,0.301239892,-1.369309937,1.066374483,0.149950367,-13.684247817,4.343208563,-0.866102604,0.000000000,0.000000000,true,0,0
13.100000,2.703191016,-1.947271987,1.876499875,1.409141822,-0.455519888,0.302696124,-1.507056109,1.109800453,0.141299467,-13.861227841,4.340998045,-0.864055969,0.000000000,0.000000000,true,0,0
13.110000,2.717204765,-1.951770972,1.879533757,1.393375532,-0.444204944,0.304065952,-1.646459319,1.153174693,0.132669674,-14.015655244,4.332862212,-0.861881384,0.000000000,0.000000000,true,0,0
13.120000,2.731053855,-1.956154641,1.882580907,1.376207864,-0.432456764,0.305349592,-1.787294039,1.196437947,0.124062266,-14.147530026,4.318801065,-0.859578851,0.000000000,0.000000000,true,0,0
13.130000,2.744724207,-1.960418668,1.885640463,1.357625632,-0.420276753,0.306547276,-1.929334744,1.239530963,0.115478524,-14.256852187,4.298814603,-0.857148368,0.000000000,0.000000000,true,0,0
13.140000,2.758201616,-1.964558744,1.888711566,1.337617901,-0.407666910,0.307659246,-2.072355907,1.282394488,0.106919725,-14.343621727,4.272902827,-0.854589936,0.000000000,0.000000000,true,0,0
13.150000,2.771471784,-1.968570582,1.891793363,1.316175997,-0.394629825,0.308685758,-2.216132003,1.324969268,0.098387151,-14.407838646,4.241065736,-0.851903554,0.000000000,0.000000000,true,0,0
13.160000,2.784520334,-1.972449926,1.894884998,1.293293497,-0.381168684,0.309627080,-2.360437505,1.367196051,0.089882081,-14.449502944,4.203303331,-0.849089223,0.000000000,0.000000000,true,0,0
13.170000,2.797332838,-1.976192555,1.897985621,1.268966234,-0.367287262,0.310483495,-2.505046886,1.409015584,0.081405793,-14.468614621,4.159615612,-0.846146943,0.000000000,0.000000000,true,0,0
13.180000,2.809894836,-1.979794285,1.901094386,1.243192298,-0.352989927,0.311255296,-2.649734622,1.450368613,0.072959568,-14.465173677,4.110002578,-0.843076714,0.000000000,0.000000000,true,0,0
13.190000,2.822191862,-1.983250983,1.904210446,1.215972032,-0.338281642,0.311942791,-2.794275184,1.491195884,0.064544686,-14.439180112,4.054464230,-0.839878535,0.000000000,0.000000000,true,0,0
13.200000,2.834209464,-1.986558567,1.907332961,1.187308036,-0.323167960,0.312546299,-2.938443048,1.531438146,0.056162424,-14.390633925,3.993000567,-0.836552407,0.000000000,0.000000000,true,0,0
13.210000,2.845933226,-1.989713012,1.910461093,1.157205165,-0.307655027,0.313066153,-3.082012688,1.571036145,0.047814064,-14.319535118,3.925611590,-0.833098330,0.000000000,0.000000000,true,0,0
13.220000,2.857348794,-1.992710359,1.913594007,1.125670528,-0.291749582,0.313502697,-3.224758575,1.609930627,0.039500884,-14.225883689,3.852297298,-0.829516303,0.000000000,0.000000000,true,0,0
13.230000,2.868441895,-1.995546719,1.916730871,1.092713491,-0.275458957,0.313856292,-3.366455186,1.648062340,0.031224164,-14.109679640,3.773057692,-0.825806327,0.000000000,0.000000000,true,0,0
13.240000,2.879198361,-1.998218280,1.919870857,1.058345674,-0.258791075,0.314127307,-3.506876993,1.685372030,0.022985184,-13.970922969,3.687892772,-0.821968402,0.000000000,0.000000000,true,0,0
13.250000,2.889604152,-2.000721312,1.923013143,1.022580952,-0.241754454,0.314316125,-3.645798470,1.721800444,0.014785223,-13.809613678,3.596802537,-0.818002527,0.000000000,0.000000000,true,0,0
13.260000,2.899645378,-2.003052171,1.926156907,0.985435457,-0.224358201,0.314423145,-3.782994091,1.757288329,0.006625560,-13.625751765,3.499786988,-0.813908703,0.000000000,0.000000000,true,0,0
13.270000,2.909308320,-2.005207309,1.929301334,0.946927575,-0.206612020,0.314448775,-3.918238330,1.791776433,-0.001492525,-13.419337231,3.396846124,-0.809686930,0.000000000,0.000000000,true,0,0
13.280000,2.918579456,-2.007183279,1.932445613,0.907077947,-0.188526203,0.314393438,-4.051305660,1.825205501,-0.009567752,-13.190370077,3.287979946,-0.805337207,0.000000000,0.000000000,true,0,0
13.290000,2.927445482,-2.008976737,1.935588935,0.865909470,-0.170111637,0.314257567,-4.181970556,1.857516281,-0.017598842,-12.938850301,3.173188453,-0.800859536,0.000000000,0.000000000,true,0,0
13.300000,2.935893333,-2.010584454,1.938730497,0.823447296,-0.151379802,0.314041612,-4.310007491,1.888649519,-0.025584516,-12.664777904,3.052471646,-0.796253914,0.000000000,0.000000000,true,0,0
13.310000,2.943910207,-2.012003316,1.941869502,0.779718832,-0.132342770,0.313746033,-4.435190939,1.918545962,-0.033523494,-12.368152886,2.925829525,-0.791520344,0.000000000,0.000000000,true,0,0
13.320000,2.951483588,-2.013230334,1.945005154,0.734753741,-0.113013203,0.313371302,-4.557295373,1.947146358,-0.041414497,-12.048975247,2.793262089,-0.786658824,0.000000000,0.000000000,true,0,0
13.330000,2.958601266,-2.014262649,1.948136665,0.688583940,-0.093404360,0.312917907,-4.676095268,1.974391453,-0.049256244,-11.707244987,2.654769338,-0.781669355,0.000000000,0.000000000,true,0,0
13.340000,2.965251364,-2.015097537,1.951263252,0.641243602,-0.073530089,0.312386346,-4.791365097,2.000221994,-0.057047457,-11.342962106,2.510351274,-0.776551936,0.000000000,0.000000000,true,0,0
13.350000,2.971422357,-2.015732414,1.954384133,0.592769156,-0.053404833,0.311777131,-4.902879335,2.024578728,-0.064786856,-10.956126604,2.360007894,-0.771306569,0.000000000,0.000000000,true,0,0
13.360000,2.977103096,-2.016164847,1.957498537,0.543199286,-0.033043625,0.311090786,-5.010412454,2.047402401,-0.072473162,-10.546738480,2.203739201,-0.765933252,0.000000000,0.000000000,true,0,0
13.370000,2.982282828,-2.016392552,1.960605694,0.492574929,-0.012462093,0.310327849,-5.113738929,2.068633761,-0.080105095,-10.114797736,2.041545193,-0.760431985,0.000000000,0.000000000,true,0,0
13.380000,2.986951223,-2.016413408,1.963704841,0.440939281,0.008323545,0.309488869,-5.212633233,2.088213554,-0.087681375,-9.660304371,1.873425870,-0.754802770,0.000000000,0.000000000,true,0,0
13.390000,2.991098394,-2.016225457,1.966795220,0.388337790,0.029296476,0.308574411,-5.306869841,2.106082527,-0.095200724,-9.183258384,1.699381233,-0.749045605,0.000000000,0.000000000,true,0,0
13.400000,2.994714918,-2.015826912,1.969876079,0.334818162,0.050439295,0.307585049,-5.396223226,2.122181427,-0.102661861,-8.683659777,1.519411282,-0.743160490,0.000000000,0.000000000,true,0,0
13.410000,2.997791863,-2.015216165,1.972946673,0.280430355,0.071734006,0.306521372,-5.480467861,2.136451001,-0.110063507,-8.161508549,1.333516016,-0.737147427,0.000000000,0.000000000,true,0,0
13.420000,3.000320805,-2.014391788,1.976006261,0.225226585,0.093162020,0.305383981,-5.559378221,2.148831996,-0.117404383,-7.616804699,1.141695436,-0.731006414,0.000000000,0.000000000,true,0,0
13.430000,3.002293856,-2.013352544,1.979054109,0.169261323,0.114704154,0.304173491,-5.632728780,2.159265159,-0.124683209,-7.049548228,0.943949541,-0.724737451,0.000000000,0.000000000,true,0,0
13.440000,3.003703682,-2.012097390,1.982089489,0.112591294,0.136340633,0.302890528,-5.700294010,2.167691236,-0.131898705,-6.459739137,0.740278332,-0.718340540,0.000000000,0.000000000,true,0,0
13.450000,3.004543529,-2.010625484,1.985111680,0.055275479,0.158051090,0.301535732,-5.761848387,2.174050975,-0.139049593,-5.847377424,0.530681808,-0.711815679,0.000000000,0.000000000,true,0,0
13.460000,3.004807243,-2.008936191,1.988119966,-0.002624886,0.179814567,0.300109756,-5.817166384,2.178285121,-0.146134593,-5.212463090,0.315159970,-0.705162869,0.000000000,0.000000000,true,0,0
13.470000,3.004489294,-2.007029088,1.991113640,-0.061046309,0.201609510,0.298613264,-5.866022474,2.180334423,-0.153152424,-4.554996135,0.093712818,-0.698382109,0.000000000,0.000000000,true,0,0
13.480000,3.003584799,-2.004903970,1.994091999,-0.119923044,0.223413775,0.297046936,-5.908191131,2.180139627,-0.160101808,-3.874976560,-0.133659649,-0.691473400,0.000000000,0.000000000,true,0,0
13.490000,3.002089542,-2.002560857,1.997054348,-0.179187088,0.245204625,0.295411461,-5.943446829,2.177641479,-0.166981466,-3.172404363,-0.366957430,-0.684436742,0.000000000,0.000000000,true,0,0
13.500000,3.000000000,-2.000000000,2.000000000,-0.238768185,0.266958729,0.293707543,-5.971564043,2.172780727,-0.173790117,-2.447279545,-0.606180526,-0.677272135,0.000000000,0.000000000,true,0,0
13.510000,2.997313363,-1.997221885,2.002928273,-0.298593987,0.288652224,0.291935898,-5.992383098,2.165521025,-0.180526907,-1.719358090,-0.844456684,-0.670107222,0.000000000,0.000000000,true,0,0
13.520000,2.994027547,-1.994227237,2.005838495,-0.358591866,0.310261338,0.290097242,-6.006007736,2.155917657,-0.187192686,-1.008395984,-1.074913654,-0.663069649,0.000000000,0.000000000,true,0,0
13.530000,2.990141189,-1.991017016,2.008729997,-0.418690726,0.331763025,0.288192277,-6.012607549,2.144048816,-0.193788725,-0.314393227,-1.297551435,-0.656159416,0.000000000,0.000000000,true,0,0
13.540000,2.985653627,-1.987592409,2.011602121,-0.478821166,0.353135023,0.286221695,-6.012352131,2.129992693,-0.200316298,0.362650182,-1.512370027,-0.649376522,0.000000000,0.000000000,true,0,0
13.550000,2.980564886,-1.983954820,2.014454215,-0.538915483,0.374355849,0.284186175,-6.005411076,2.113827479,-0.206776680,1.022734243,-1.719369430,-0.642720967,0.000000000,0.000000000,true,0,0
13.560000,2.974875658,-1.980105865,2.017285631,-0.598907667,0.395404803,0.282086381,-5.991953978,2.095631368,-0.213171142,1.665858956,-1.918549645,-0.636192752,0.000000000,0.000000000,true,0,0
13.570000,2.968587288,-1.976047363,2.020095730,-0.658733407,0.416261967,0.279922968,-5.972150428,2.075482550,-0.219500959,2.292024320,-2.109910670,-0.629791876,0.000000000,0.000000000,true,0,0
13.580000,2.961701754,-1.971781329,2.022883880,-0.718330086,0.436908206,0.277696573,-5.946170022,2.053459218,-0.225767404,2.901230335,-2.293452507,-0.623518339,0.000000000,0.000000000,true,0,0
13.590000,2.954221653,-1.967309963,2.025649454,-0.777636784,0.457325164,0.275407826,-5.914182353,2.029639564,-0.231971750,3.493477002,-2.469175155,-0.617372142,0.000000000,0.000000000,true,0,0
13.600000,2.946150182,-1.962635648,2.028391831,-0.836594275,0.477495270,0.273057341,-5.876357014,2.004101779,-0.238115271,4.068764321,-2.637078614,-0.611353284,0.000000000,0.000000000,true,0,0
13.610000,2.937491123,-1.957760937,2.031110397,-0.895145030,0.497401733,0.270645720,-5.832863598,1.976924056,-0.244199240,4.627092292,-2.797162884,-0.605461766,0.000000000,0.000000000,true,0,0
13.620000,2.928248824,-1.952688546,2.033804543,-0.953233218,0.517028545,0.268173551,-5.783871699,1.948184586,-0.250224931,5.168460914,-2.949427966,-0.599697587,0.000000000,0.000000000,true,0,0
13.630000,2.918428182,-1.947421349,2.036473668,-1.010804701,0.536360479,0.265641411,-5.729550911,1.917961561,-0.256193617,5.692870187,-3.093873858,-0.594060747,0.000000000,0.000000000,true,0,0
13.640000,2.908034627,-1.941962367,2.039117174,-1.067807039,0.555383092,0.263049864,-5.670070826,1.886333172,-0.262106571,6.200320112,-3.230500562,-0.588551247,0.000000000,0.000000000,true,0,0
13.650000,2.897074107,-1.936314764,2.041734469,-1.124189486,0.574082719,0.260399461,-5.605601039,1.853377613,-0.267965066,6.690810689,-3.359308077,-0.583169086,0.000000000,0.000000000,true,0,0
13.660000,2.885553067,-1.930481833,2.044324968,-1.179902993,0.592446481,0.257690740,-5.536311144,1.819173075,-0.273770377,7.164341918,-3.480296403,-0.577914265,0.000000000,0.000000000,true,0,0
13.670000,2.873478435,-1.924466994,2.046888091,-1.234900207,0.610462278,0.254924227,-5.462370732,1.783797749,-0.279523776,7.620913798,-3.593465541,-0.572786783,0.000000000,0.000000000,true,0,0
13.680000,2.860857603,-1.918273785,2.049423262,-1.289135471,0.628118794,0.252100433,-5.383949399,1.747329828,-0.285226537,8.060526330,-3.698815489,-0.567786640,0.000000000,0.000000000,true,0,0
13.690000,2.847698412,-1.911905851,2.051929911,-1.342564824,0.645405493,0.249219860,-5.301216737,1.709847503,-0.290879933,8.483179513,-3.796346249,-0.562913837,0.000000000,0.000000000,true,0,0
13.700000,2.834009134,-1.905366940,2.054407472,-1.395146000,0.662312623,0.246282995,-5.214342340,1.671428967,-0.296485238,8.888873348,-3.886057820,-0.558168373,0.000000000,0.000000000,true,0,0
13.710000,2.819798455,-1.898660894,2.056855384,-1.446838430,0.678831212,0.243290312,-5.123495801,1.632152411,-0.302043725,9.277607834,-3.967950202,-0.553550249,0.000000000,0.000000000,true,0,0
13.720000,2.805075458,-1.891791639,2.059273093,-1.497603241,0.694953072,0.240242272,-5.028846714,1.592096027,-0.307556668,9.649382973,-4.042023395,-0.549059464,0.000000000,0.000000000,true,0,0
13.730000,2.789849606,-1.884763180,2.061660047,-1.547403254,0.710670794,0.237139326,-4.930564673,1.551338007,-0.313025339,10.004198762,-4.108277400,-0.544696019,0.000000000,0.000000000,true,0,0
13.740000,2.774130727,-1.877579592,2.064015698,-1.596202990,0.725977754,0.233981909,-4.828819270,1.509956543,-0.318451012,10.342055204,-4.166712215,-0.540459912,0.000000000,0.000000000,true,0,0
13.750000,2.757928994,-1.870245013,2.066339505,-1.643968661,0.740868107,0.230770445,-4.723780100,1.468029827,-0.323834962,10.662952297,-4.217327842,-0.536351146,0.000000000,0.000000000,true,0,0
13.760000,2.741254908,-1.862763635,2.068630928,-1.690668178,0.755336794,0.227505344,-4.615616755,1.425636050,-0.329178460,10.966890041,-4.260124280,-0.532369718,0.000000000,0.000000000,true,0,0
13.770000,2.724119285,-1.855139697,2.070889434,-1.736271147,0.769379532,0.224187006,-4.504498830,1.382853405,-0.334482780,11.253868437,-4.295101529,-0.528515631,0.000000000,0.000000000,true,0,0
13.780000,2.706533236,-1.847377476,2.073114492,-1.780748871,0.782992826,0.220815815,-4.390595918,1.339760083,-0.339749197,11.523887485,-4.322259589,-0.524788882,0.000000000,0.000000000,true,0,0
13.790000,2.688508149,-1.839481281,2.075305576,-1.824074347,0.796173959,0.217392144,-4.274077612,1.296434277,-0.344978982,11.776947185,-4.341598461,-0.521189473,0.000000000,0.000000000,true,0,0
13.800000,2.670055675,-1.831455444,2.077462161,-1.866222271,0.808920997,0.213916353,-4.155113505,1.252954178,-0.350173411,12.013047536,-4.353118144,-0.517717403,0.000000000,0.000000000,true,0,0
13.810000,2.651187708,-1.823304312,2.079583730,-1.907169030,0.821232789,0.210388790,-4.033873192,1.209397978,-0.355333755,12.232188538,-4.356818637,-0.514372673,0.000000000,0.000000000,true,0,0
13.820000,2.631916371,-1.815032241,2.081669766,-1.946892712,0.833108964,0.206809788,-3.910526266,1.165843869,-0.360461289,12.434370192,-4.352699942,-0.511155282,0.000000000,0.000000000,true,0,0
13.830000,2.612253998,-1.806643584,2.083719756,-1.985373099,0.844549934,0.203179669,-3.785242319,1.122370043,-0.365557285,12.619592498,-4.340762059,-0.508065230,0.000000000,0.000000000,true,0,0
13.840000,2.592213115,-1.798142689,2.085733190,-2.022591667,0.855556893,0.199498743,-3.658190947,1.079054692,-0.370623018,12.787855456,-4.321004986,-0.505102518,0.000000000,0.000000000,true,0,0
13.850000,2.571806427,-1.789533886,2.087709562,-2.058531592,0.866131817,0.195767305,-3.529541741,1.035976008,-0.375659760,12.939159065,-4.293428725,-0.502267146,0.000000000,0.000000000,true,0,0
13.860000,2.551046796,-1.780821483,2.089648368,-2.093177741,0.876277463,0.191985640,-3.399464297,0.993212182,-0.380668785,13.073503325,-4.258033274,-0.499559112,0.000000000,0.000000000,true,0,0
13.870000,2.529947230,-1.772009756,2.091549108,-2.126516682,0.885997370,0.188154018,-3.268128206,0.950841406,-0.385651367,13.190888238,-4.214818635,-0.496978418,0.000000000,0.000000000,true,0,0
13.880000,2.508520859,-1.763102941,2.093411283,-2.158536675,0.895295862,0.184272697,-3.135703063,0.908941873,-0.390608778,13.291313802,-4.163784807,-0.494525064,0.000000000,0.000000000,true,0,0
13.890000,2.486780926,-1.754105227,2.095234397,-2.189227678,0.904178039,0.180341922,-3.002358461,0.867591774,-0.395542292,13.374780017,-4.104931790,-0.492199049,0.000000000,0.000000000,true,0,0
13.900000,2.464740764,-1.745020748,2.097017958,-2.218581345,0.912649789,0.176361926,-2.868263994,0.826869301,-0.400453183,13.441286884,-4.038259585,-0.490000373,0.000000000,0.000000000,true,0,0
13.910000,2.442413780,-1.735853577,2.098761473,-2.246591024,0.920717778,0.172332929,-2.733589255,0.786852646,-0.405342724,13.490834403,-3.963768191,-0.487929037,0.000000000,0.000000000,true,0,0
13.920000,2.419813440,-1.726607714,2.100464454,-2.273251761,0.928389455,0.168255139,-2.598503837,0.747620001,-0.410212189,13.523422573,-3.881457607,-0.485985040,0.000000000,0.000000000,true,0,0
13.930000,2.396953252,-1.717287081,2.102126413,-2.298560297,0.935673052,0.164128748,-2.463177334,0.709249558,-0.415062850,13.539051395,-3.791327835,-0.484168383,0.000000000,0.000000000,true,0,0
13.940000,2.373846747,-1.707895516,2.103746867,-2.322515069,0.942577581,0.159953940,-2.327779340,0.671819508,-0.419895981,13.537720869,-3.693378874,-0.482479065,0.000000000,0.000000000,true,0,0
13.950000,2.350507463,-1.698436761,2.105325331,-2.345116211,0.949112838,0.155730883,-2.192479448,0.635408044,-0.424712855,13.519430994,-3.587610725,-0.480917086,0.000000000,0.000000000,true,0,0
13.960000,2.326948929,-1.688914455,2.106861324,-2.366365551,0.955289398,0.151459733,-2.057447252,0.600093358,-0.429514747,13.484181771,-3.474023386,-0.479482447,0.000000000,0.000000000,true,0,0
13.970000,2.303184646,-1.679332131,2.108354366,-2.386266614,0.961118621,0.147140634,-1.922852344,0.565953641,-0.434302929,13.431973199,-3.352616859,-0.478175147,0.000000000,0.000000000,true,0,0
13.980000,2.279228073,-1.669693200,2.109803978,-2.404824621,0.966612648,0.142773716,-1.788864319,0.533067085,-0.439078674,13.362805279,-3.223391143,-0.476995186,0.000000000,0.000000000,true,0,0
13.990000,2.255092608,-1.660000952,2.111209681,-2.422046488,0.971784401,0.138359097,-1.655652770,0.501511882,-0.443843257,13.276678011,-3.086346238,-0.475942565,0.000000000,0.000000000,true,0,0
14.000000,2.230791569,-1.650258541,2.112571001,-2.437940830,0.976647584,0.133896884,-1.523387290,0.471366224,-0.448597950,13.173591394,-2.941482144,-0.475017284,0.000000000,0.000000000,true,0,0
14.010000,2.206338182,-1.640468981,2.113887461,-2.452517892,0.981216639,0.129387170,-1.392212974,0.442690161,-0.453342892,13.060895096,-2.794241459,-0.473878972,0.000000000,0.000000000,true,0,0
14.020000,2.181745565,-1.630635140,2.115158586,-2.465788883,0.985506244,0.124830073,-1.262176921,0.415471175,-0.458073685,12.945938785,-2.650066781,-0.472187263,0.000000000,0.000000000,true,0,0
14.030000,2.157026720,-1.620759739,2.116383905,-2.477765300,0.989530817,0.120225762,-1.133301732,0.389678605,-0.462784793,12.828722461,-2.508958110,-0.469942155,0.000000000,0.000000000,true,0,0
14.040000,2.132194535,-1.610845360,2.117562945,-2.488458863,0.993304469,0.115574461,-1.005610005,0.365281792,-0.467470683,12.709246123,-2.370915446,-0.467143649,0.000000000,0.000000000,true,0,0
14.050000,2.107261779,-1.600894440,2.118695238,-2.497881520,0.996841003,0.110876451,-0.879124343,0.342250076,-0.472125821,12.587509772,-2.235938789,-0.463791745,0.000000000,0.000000000,true,0,0
14.060000,2.082241100,-1.590909285,2.119780319,-2.506045445,1.000153919,0.106132066,-0.753867343,0.320552797,-0.476744674,12.463513408,-2.104028139,-0.459886442,0.000000000,0.000000000,true,0,0
14.070000,2.057145025,-1.580892063,2.120817726,-2.512963038,1.003256405,0.101341697,-0.629861608,0.300159293,-0.481321706,12.337257030,-1.975183496,-0.455427740,0.000000000,0.000000000,true,0,0
14.080000,2.031985952,-1.570844815,2.121807002,-2.518646923,1.006161348,0.096505789,-0.507129736,0.281038907,-0.485851384,12.208740639,-1.849404859,-0.450415641,0.000000000,0.000000000,true,0,0
14.090000,2.006776156,-1.560769453,2.122747692,-2.523109954,1.008881325,0.091624845,-0.385694328,0.263160976,-0.490328174,12.077964234,-1.726692229,-0.444850143,0.000000000,0.000000000,true,0,0
14.100000,1.981527779,-1.550667764,2.123639350,-2.526365207,1.011428607,0.086699421,-0.265577985,0.246494842,-0.494746542,11.944927816,-1.607045607,-0.438731247,0.000000000,0.000000000,true,0,0
14.110000,1.956252833,-1.540541417,2.124481534,-2.528425986,1.013815159,0.081730128,-0.146803305,0.231009844,-0.499100954,11.809631385,-1.490464991,-0.432058952,0.000000000,0.000000000,true,0,0
14.120000,1.930963196,-1.530391958,2.125273809,-2.529305821,1.016052639,0.076717633,-0.029392890,0.216675322,-0.503385876,11.672074940,-1.376950382,-0.424833259,0.000000000,0.000000000,true,0,0
14.130000,1.905670607,-1.520220823,2.126015745,-2.529018467,1.018152398,0.071662660,0.086630660,0.203460616,-0.507595775,11.532258483,-1.266501780,-0.417054168,0.000000000,0.000000000,true,0,0
14.140000,1.880386670,-1.510029332,2.126706923,-2.527577906,1.020125482,0.066565986,0.201244746,0.191335067,-0.511725115,11.390182011,-1.159119185,-0.408721678,0.000000000,0.000000000,true,0,0
14.150000,1.855122846,-1.499818700,2.127346929,-2.524998345,1.021982628,0.061428445,0.314426767,0.180268013,-0.515768363,11.245845527,-1.054802597,-0.399835790,0.000000000,0.000000000,true,0,0
14.160000,1.829890452,-1.489590032,2.127935359,-2.521294219,1.023734268,0.056250924,0.426154123,0.170228795,-0.519719986,11.099249028,-0.953552015,-0.390396504,0.000000000,0.000000000,true,0,0
14.170000,1.804700661,-1.479344332,2.128471817,-2.516480187,1.025390528,0.051034369,0.536404214,0.161186752,-0.523574449,10.950392517,-0.855367441,-0.380403819,0.000000000,0.000000000,true,0,0
14.180000,1.779564498,-1.469082506,2.128955919,-2.510571134,1.026961225,0.045779778,0.645154440,0.153111226,-0.527326218,10.799275992,-0.760248873,-0.369857736,0.000000000,0.000000000,true,0,0
14.190000,1.754492838,-1.458805361,2.129387289,-2.503582173,1.028455872,0.040488205,0.752382201,0.145971555,-0.530969759,10.645899454,-0.668196313,-0.358758255,0.000000000,0.000000000,true,0,0
14.200000,1.729496404,-1.448513611,2.129765564,-2.495528641,1.029883673,0.035160762,0.858064896,0.139737080,-0.534499538,10.490262903,-0.579209759,-0.347105375,0.000000000,0.000000000,true,0,0
14.210000,1.704585762,-1.438207881,2.130090389,-2.486426101,1.031253528,0.029798612,0.962179925,0.134377140,-0.537910022,10.332366338,-0.493289212,-0.334899097,0.000000000,0.000000000,true,0,0
14.220000,1.679771326,-1.427888705,2.130361424,-2.476290343,1.032574029,0.024402977,1.064704689,0.129861075,-0.541195676,10.172209760,-0.410434672,-0.322139421,0.000000000,0.000000000,true,0,0
14.230000,1.655063346,-1.417556537,2.130578341,-2.465137383,1.033853460,0.018975133,1.165616587,0.126158226,-0.544350966,10.009793168,-0.330646139,-0.308826346,0.000000000,0.000000000,true,0,0
14.240000,1.630471914,-1.407211746,2.130740824,-2.452983463,1.035099802,0.013516411,1.264893019,0.123237932,-0.547370358,9.845116563,-0.253923613,-0.294959873,0.000000000,0.000000000,true,0,0
14.250000,1.606006958,-1.396854626,2.130848571,-2.439845050,1.036320725,0.008028198,1.362511385,0.121069534,-0.550248318,9.678179945,-0.180267094,-0.280540001,0.000000000,0.000000000,true,0,0
14.260000,1.581678240,-1.386485392,2.130901295,-2.425738837,1.037523597,0.002511935,1.458449085,0.119622371,-0.552979313,9.508983313,-0.109676581,-0.265566732,0.000000000,0.000000000,true,0,0
14.270000,1.557495351,-1.376104190,2.130898721,-2.410681746,1.038715475,-0.003030880,1.552683518,0.118865782,-0.555557808,9.337526668,-0.042152076,-0.250040063,0.000000000,0.000000000,true,0,0
14.280000,1.533467717,-1.365711097,2.130840594,-2.394690920,1.039903112,-0.008598695,1.645192085,0.118769109,-0.557978270,9.163810010,0.022306423,-0.233959997,0.000000000,0.000000000,true,0,0
14.290000,1.509604587,-1.355306121,2.130726669,-2.377783732,1.041092954,-0.014189901,1.735952185,0.119301691,-0.560235164,8.987833338,0.083698915,-0.217326532,0.000000000,0.000000000,true,0,0
14.300000,1.485915038,-1.344889210,2.130556723,-2.359977780,1.042291141,-0.019802834,1.824941218,0.120432867,-0.562322956,8.809596653,0.142025399,-0.200139669,0.000000000,0.000000000,true,0,0
14.310000,1.462407968,-1.334460251,2.130330546,-2.341290887,1.043503505,-0.025435778,1.912136584,0.122131979,-0.564236112,8.629099955,0.197285877,-0.182399407,0.000000000,0.000000000,true,0,0
14.320000,1.439092097,-1.324019074,2.130047947,-2.321741102,1.044735572,-0.031086956,1.997515684,0.124368365,-0.565969099,8.446343243,0.249480348,-0.164105748,0.000000000,0.000000000,true,0,0
14.330000,1.415975962,-1.313565456,2.129708752,-2.301346702,1.045992561,-0.036754541,2.081055916,0.127111366,-0.567516383,8.261326518,0.298608813,-0.145258689,0.000000000,0.000000000,true,0,0
14.340000,1.393067917,-1.303099123,2.129312808,-2.280126189,1.047279386,-0.042436646,2.162734681,0.130330321,-0.568872428,8.074049780,0.344671270,-0.125858233,0.000000000,0.000000000,true,0,0
14.350000,1.370376129,-1.292619754,2.128859977,-2.258098289,1.048600652,-0.048131333,2.242529378,0.133994571,-0.570031703,7.884513028,0.387667720,-0.105904378,0.000000000,0.000000000,true,0,0
14.360000,1.347908579,-1.282126981,2.128350146,-2.235281957,1.049960659,-0.053836606,2.320417408,0.138073455,-0.570988671,7.692716263,0.427598164,-0.085397125,0.000000000,0.000000000,true,0,0
14.370000,1.325673054,-1.271620398,2.127783217,-2.211696372,1.051363401,-0.059550414,2.396376170,0.142536314,-0.571737800,7.498659484,0.464462600,-0.064336473,0.000000000,0.000000000,true,0,0
14.380000,1.303677151,-1.261099558,2.127159116,-2.187360940,1.052812563,-0.065270651,2.470383064,0.147352487,-0.572273556,7.302342692,0.498261030,-0.042722423,0.000000000,0.000000000,true,0,0
14.390000,1.281928270,-1.250563981,2.126477789,-2.162295292,1.054311526,-0.070995155,2.542415490,0.152491315,-0.572590404,7.103765887,0.528993453,-0.020554975,0.000000000,0.000000000,true,0,0
14.400000,1.260433613,-1.240013151,2.125739206,-2.136519287,1.055863363,-0.076721711,2.612450848,0.157922136,-0.572682811,6.902929068,0.556659868,0.002165872,0.000000000,0.000000000,true,0,0
14.410000,1.239200185,-1.229446528,2.124943356,-2.110053007,1.057470840,-0.082448045,2.680466538,0.163614292,-0.572545242,6.699832236,0.581260277,0.025440117,0.000000000,0.000000000,true,0,0
14.420000,1.218234786,-1.218863541,2.124090254,-2.082916764,1.059136417,-0.088171830,2.746439960,0.169537122,-0.572172164,6.494475391,0.602794679,0.049267760,0.000000000,0.000000000,true,0,0
14.430000,1.197544014,-1.208263599,2.123179936,-2.055131091,1.060862249,-0.093890685,2.810348513,0.175659966,-0.571558042,6.286858532,0.621263075,0.073648802,0.000000000,0.000000000,true,0,0
14.440000,1.177134260,-1.197646089,2.122212464,-2.026716752,1.062650181,-0.099602169,2.872169597,0.181952163,-0.570697343,6.076981660,0.636665463,0.098583242,0.000000000,0.000000000,true,0,0
14.450000,1.157011705,-1.187010383,2.121187925,-1.997694733,1.064501755,-0.105303791,2.931880613,0.188383055,-0.569584533,5.864844775,0.649001844,0.124071080,0.000000000,0.000000000,true,0,0
14.460000,1.137182320,-1.176355838,2.120106430,-1.968086248,1.066418202,-0.110993001,2.989458959,0.194921980,-0.568214077,5.650447876,0.658272219,0.150112317,0.000000000,0.000000000,true,0,0
14.470000,1.117651863,-1.165681799,2.118968115,-1.937912738,1.068400452,-0.116667195,3.044882037,0.201538279,-0.566580442,5.433790964,0.664476586,0.176706952,0.000000000,0.000000000,true,0,0
14.480000,1.098425877,-1.154987607,2.117773145,-1.907195867,1.070449124,-0.122323714,3.098127245,0.208201292,-0.564678093,5.214874038,0.667614947,0.203854986,0.000000000,0.000000000,true,0,0
14.490000,1.079509684,-1.144272594,2.116521709,-1.875957528,1.072564531,-0.127959843,3.149171984,0.214880358,-0.562501497,4.993697099,0.667687301,0.231556418,0.000000000,0.000000000,true,0,0
14.500000,1.060908391,-1.133536094,2.115214025,-1.844219838,1.074746682,-0.133572812,3.197993654,0.221544818,-0.560045120,4.770260147,0.664693648,0.259811248,0.000000000,0.000000000,true,0,0
14.510000,1.042626878,-1.122777439,2.113850339,-1.812005140,1.076995277,-0.139159795,3.244569654,0.228164011,-0.557303428,4.544563181,0.658633988,0.288619476,0.000000000,0.000000000,true,0,0
14.520000,1.024669803,-1.111995969,2.112430926,-1.779336005,1.079309709,-0.144717911,3.288877384,0.234707278,-0.554270886,4.316606203,0.649508321,0.317981103,0.000000000,0.000000000,true,0,0
14.530000,1.007041596,-1.101191029,2.110956087,-1.746235229,1.081689067,-0.150244224,3.330894244,0.241143958,-0.550941961,4.086389210,0.637316647,0.347896128,0.000000000,0.000000000,true,0,0
14.540000,0.989746460,-1.090361975,2.109426157,-1.712725832,1.084132131,-0.155735744,3.370597635,0.247443391,-0.547311119,3.853912205,0.622058967,0.378364552,0.000000000,0.000000000,true,0,0
14.550000,0.972788364,-1.079508179,2.107841498,-1.678831063,1.086637375,-0.161189422,3.407964955,0.253574917,-0.543372825,3.619175186,0.603735279,0.409386374,0.000000000,0.000000000,true,0,0
14.560000,0.956171045,-1.068629026,2.106202505,-1.644574395,1.089202967,-0.166602157,3.442973605,0.259507876,-0.539121547,3.382178153,0.582345585,0.440961594,0.000000000,0.000000000,true,0,0
14.570000,0.939898004,-1.057723925,2.104509602,-1.609979528,1.091826769,-0.171970791,3.475600985,0.265211609,-0.534551749,3.142921107,0.557889883,0.473090212,0.000000000,0.000000000,true,0,0
14.580000,0.923972502,-1.046792305,2.102763247,-1.575070388,1.094506333,-0.177292112,3.505824494,0.270655454,-0.529657898,2.901404048,0.530368175,0.505772229,0.000000000,0.000000000,true,0,0
14.590000,0.908397563,-1.035833622,2.100963929,-1.539871127,1.097238909,-0.182562850,3.533621532,0.275808752,-0.524434460,2.657626976,0.499780460,0.539007644,0.000000000,0.000000000,true,0,0
14.600000,0.893175966,-1.024847360,2.099112170,-1.504406121,1.100021438,-0.187779684,3.558969500,0.280640843,-0.518875900,2.411589890,0.466126738,0.572796458,0.000000000,0.000000000,true,0,0
14.610000,0.878310245,-1.013833038,2.097208526,-1.468699976,1.102850553,-0.192939233,3.581845797,0.285121067,-0.512976686,2.163292791,0.429407009,0.607138670,0.000000000,0.000000000,true,0,0
14.620000,0.863802687,-1.002790206,2.095253587,-1.432777520,1.105722584,-0.198038063,3.602227822,0.289218763,-0.506731282,1.912735678,0.389621273,0.642034280,0.000000000,0.000000000,true,0,0
14.630000,0.849655332,-0.991718456,2.093247979,-1.396663809,1.108633551,-0.203072686,3.620092977,0.292903272,-0.500134155,1.659918553,0.346769530,0.677483289,0.000000000,0.000000000,true,0,0
14.640000,0.835869964,-0.980617420,2.091192360,-1.360384125,1.111579170,-0.208039556,3.635418660,0.296143934,-0.493179772,1.404841413,0.300851781,0.713485696,0.000000000,0.000000000,true,0,0
14.650000,0.822448117,-0.969486773,2.089087425,-1.323963976,1.114554848,-0.212935072,3.648182272,0.298910088,-0.485862597,1.147504261,0.251868024,0.750041501,0.000000000,0.000000000,true,0,0
14.660000,0.809391067,-0.958326239,2.086933908,-1.287429095,1.117555688,-0.217755580,3.658361212,0.301171074,-0.478177097,0.887907095,0.199818261,0.787150705,0.000000000,0.000000000,true,0,0
14.670000,0.796699831,-0.947135592,2.084732576,-1.250805443,1.120576484,-0.222497368,3.665932880,0.302896233,-0.470117738,0.626049915,0.144702491,0.824813307,0.000000000,0.000000000,true,0,0
14.680000,0.784375167,-0.935914661,2.082484236,-1.214119204,1.123611724,-0.227156670,3.670874677,0.304054904,-0.461678986,0.361932723,0.086520713,0.863029307,0.000000000,0.000000000,true,0,0
14.690000,0.772417568,-0.924663329,2.080189730,-1.177396791,1.126655591,-0.231729665,3.673164001,0.304616427,-0.452855307,0.095555517,0.025272929,0.901798706,0.000000000,0.000000000,true,0,0
14.700000,0.760827263,-0.913381541,2.077849943,-1.140664841,1.129701960,-0.236212475,3.672778254,0.304550143,-0.443641167,-0.173081703,-0.039040862,0.941121503,0.000000000,0.000000000,true,0,0
14.710000,0.749604213,-0.902069303,2.075465795,-1.103950218,1.132744399,-0.240601168,3.669694834,0.303825390,-0.434031033,-0.443978935,-0.106420659,0.980997699,0.000000000,0.000000000,true,0,0
14.720000,0.738748111,-0.890726688,2.073038247,-1.067280012,1.135776171,-0.244891757,3.663891142,0.302411509,-0.424019369,-0.717136181,-0.176866464,1.021427292,0.000000000,0.000000000,true,0,0
14.730000,0.728258374,-0.879353839,2.070568300,-1.030681538,1.138790230,-0.249080198,3.655344577,0.300277841,-0.413600642,-0.992553441,-0.250378276,1.062410284,0.000000000,0.000000000,true,0,0
14.740000,0.718134149,-0.867950967,2.068056997,-0.994182338,1.141779226,-0.253162394,3.644032540,0.297393724,-0.402769318,-1.270230714,-0.326956094,1.103946675,0.000000000,0.000000000,true,0,0
14.750000,0.708374304,-0.856518363,2.065505420,-0.957810181,1.144735501,-0.257134191,3.629932429,0.293728499,-0.391519864,-1.550168000,-0.406599920,1.146036464,0.000000000,0.000000000,true,0,0
14.760000,0.698977429,-0.845056393,2.062914695,-0.921593059,1.147651090,-0.260991379,3.613021646,0.289251505,-0.379846745,-1.832365300,-0.489309752,1.188679651,0.000000000,0.000000000,true,0,0
14.770000,0.689941832,-0.833565504,2.060285989,-0.885559192,1.150517723,-0.264729695,3.593277590,0.283932084,-0.367744426,-2.116822612,-0.575085591,1.231876236,0.000000000,0.000000000,true,0,0
14.780000,0.681265539,-0.822046230,2.057620512,-0.849737026,1.153326821,-0.268344819,3.570677661,0.277739574,-0.355207375,-2.403539939,-0.663927438,1.275626220,0.000000000,0.000000000,true,0,0
14.790000,0.672946290,-0.810499189,2.054919518,-0.814155234,1.156069502,-0.271832375,3.545199258,0.270643315,-0.342230057,-2.692517278,-0.755835291,1.319929602,0.000000000,0.000000000,true,0,0
14.800000,0.664981537,-0.798925092,2.052184304,-0.778842711,1.158736573,-0.275187934,3.516819782,0.262612648,-0.328806938,-2.983754631,-0.850809151,1.364786383,0.000000000,0.000000000,true,0,0
14.810000,0.657368441,-0.787324742,2.049416214,-0.743828584,1.161318538,-0.278407010,3.485516632,0.253616912,-0.314932485,-3.277251998,-0.948849017,1.410196562,0.000000000,0.000000000,true,0,0
14.820000,0.650103873,-0.775699038,2.046616634,-0.709142200,1.163805592,-0.281485061,3.451267208,0.243625447,-0.300601163,-3.573009377,-1.049954891,1.456160139,0.000000000,0.000000000,true,0,0
14.830000,0.643184406,-0.764048980,2.043786998,-0.674813136,1.166187626,-0.284417491,3.414048911,0.232607594,-0.285807437,-3.871026770,-1.154126772,1.502677115,0.000000000,0.000000000,true,0,0
14.840000,0.636606320,-0.752375670,2.040928785,-0.640871193,1.168454221,-0.287199650,3.373839140,0.220532692,-0.270545776,-4.171304177,-1.261364659,1.549747489,0.000000000,0.000000000,true,0,0
14.850000,0.630365592,-0.740680316,2.038043522,-0.607346400,1.170594654,-0.289826829,3.330615294,0.207370081,-0.254810643,-4.473841597,-1.371668554,1.597371261,0.000000000,0.000000000,true,0,0
14.860000,0.624457900,-0.728964234,2.035132781,-0.574269009,1.172597894,-0.292294266,3.284354774,0.193089101,-0.238596506,-4.778639030,-1.485038455,1.645548431,0.000000000,0.000000000,true,0,0
14.870000,0.618878619,-0.717228853,2.032198185,-0.541669502,1.174452606,-0.294597144,3.235034980,0.177659092,-0.221897830,-5.085696476,-1.601474363,1.694279000,0.000000000,0.000000000,true,0,0
14.880000,0.613622815,-0.705475716,2.029241403,-0.509578583,1.176147144,-0.296730589,3.182633311,0.161049394,-0.204709081,-5.395013936,-1.720976278,1.743562968,0.000000000,0.000000000,true,0,0
14.890000,0.608685249,-0.693706484,2.026264154,-0.478027184,1.177669559,-0.298689673,3.127127168,0.143229346,-0.187024726,-5.706591409,-1.843544200,1.793400333,0.000000000,0.000000000,true,0,0
14.900000,0.604060369,-0.681922939,2.023268207,-0.447046463,1.179007594,-0.300469413,3.068493950,0.124168289,-0.168839230,-6.020428896,-1.969178129,1.843791097,0.000000000,0.000000000,true,0,0
14.910000,0.599742313,-0.670126988,2.020255381,-0.416667804,1.180148686,-0.302064769,3.006711057,0.103835564,-0.150147059,-6.336526396,-2.097878065,1.894735260,0.000000000,0.000000000,true,0,0
14.920000,0.595724901,-0.658320665,2.017227544,-0.386922816,1.181079964,-0.303470647,2.941755888,0.082200508,-0.130942680,-6.654883909,-2.229644007,1.946232820,0.000000000,0.000000000,true,0,0
14.930000,0.592001638,-0.646506132,2.014186616,-0.357843336,1.181788253,-0.304681897,2.873605845,0.059232463,-0.111220558,-6.975501436,-2.364475957,1.998283779,0.000000000,0.000000000,true,0,0
14.940000,0.588565709,-0.634685688,2.011134572,-0.329461424,1.182260068,-0.305693314,2.802238326,0.034900769,-0.090975160,-7.298378976,-2.502373913,2.050888137,0.000000000,0.000000000,true,0,0
14.950000,0.585409977,-0.622861765,2.008073434,-0.301809369,1.182481620,-0.306499637,2.727630732,0.009174765,-0.070200951,-7.623516529,-2.643337877,2.104045893,0.000000000,0.000000000,true,0,0
14.960000,0.582526980,-0.611036937,2.005005280,-0.274919685,1.182438813,-0.307095552,2.649760462,-0.017976209,-0.048892397,-7.950914096,-2.787367847,2.157757047,0.000000000,0.000000000,true,0,0
14.970000,0.579908933,-0.599213918,2.001932242,-0.248825111,1.182117244,-0.307475686,2.568604917,-0.046582812,-0.027043965,-8.280571676,-2.934463824,2.212021599,0.000000000,0.000000000,true,0,0
14.980000,0.577547718,-0.587395570,1.998856504,-0.223558613,1.181502203,-0.307634613,2.484141496,-0.076675705,-0.004650120,-8.612489269,-3.084625808,2.266839550,0.000000000,0.000000000,true,0,0
14.990000,0.575434890,-0.575584902,1.995780305,-0.199153383,1.180578674,-0.307566852,2.396347598,-0.108285548,0.018294671,-8.946666876,-3.237853799,2.322210899,0.000000000,0.000000000,true,0,0
15.000000,0.573561668,-0.563785076,1.992705941,-0.175642838,1.179331333,-0.307266865,2.305200625,-0.141443001,0.041795942,-9.283104496,-3.394147797,2.378135647,0.000000000,0.000000000,true,0,0
15.010000,0.571918939,-0.551999407,1.989635761,-0.153060554,1.177744600,-0.306729076,2.210705506,-0.176159947,0.065852356,-9.613542790,-3.547874612,2.432552027,0.000000000,0.000000000,true,0,0
15.020000,0.570497253,-0.540231366,1.986572170,-0.131439505,1.175803147,-0.305948063,2.112977298,-0.212373159,0.090435082,-9.929722417,-3.693401055,2.483398274,0.000000000,0.000000000,true,0,0
15.030000,0.569286839,-0.528484575,1.983517627,-0.110811309,1.173492422,-0.304918739,2.012158587,-0.250000633,0.115508421,-10.231643377,-3.830727126,2.530674389,0.000000000,0.000000000,true,0,0
15.040000,0.568277616,-0.516762795,1.980474639,-0.091206159,1.170798693,-0.303636378,1.908391959,-0.288960367,0.141036670,-10.519305672,-3.959852824,2.574380371,0.000000000,0.000000000,true,0,0
15.050000,0.567459209,-0.505069921,1.977445758,-0.072652821,1.167709047,-0.302096609,1.801820002,-0.329170355,0.166984128,-10.792709300,-4.080778151,2.614516221,0.000000000,0.000000000,true,0,0
15.060000,0.566820962,-0.493409974,1.974433578,-0.055178635,1.164211392,-0.300295417,1.692585302,-0.370548595,0.193315094,-11.051854261,-4.193503105,2.651081938,0.000000000,0.000000000,true,0,0
15.070000,0.566351953,-0.481787091,1.971440733,-0.038809516,1.160294455,-0.298229147,1.580830446,-0.413013083,0.219993866,-11.296740556,-4.298027687,2.684077522,0.000000000,0.000000000,true,0,0
15.080000,0.566041007,-0.470205517,1.968469890,-0.023569951,1.155947783,-0.295894500,1.466698020,-0.456481814,0.246984744,-11.527368184,-4.394351897,2.713502973,0.000000000,0.000000000,true,0,0
15.090000,0.565876712,-0.458669600,1.965523748,-0.009483005,1.151161744,-0.293288531,1.350330611,-0.500872786,0.274252025,-11.743737146,-4.482475735,2.739358292,0.000000000,0.000000000,true,0,0
15.100000,0.565847432,-0.447183777,1.962605032,0.003429686,1.145927526,-0.290408657,1.231870806,-0.546103994,0.301760009,-11.945847442,-4.562399201,2.761643478,0.000000000,0.000000000,true,0,0
15.110000,0.565941324,-0.435752570,1.959716495,0.015147911,1.140237137,-0.287252648,1.111461191,-0.592093436,0.329472994,-12.133699071,-4.634122294,2.780358531,0.000000000,0.000000000,true,0,0
15.120000,0.566146346,-0.424380578,1.956860906,0.025652886,1.134083404,-0.283818633,0.989244353,-0.638759106,0.357355279,-12.307292034,-4.697645016,2.795503451,0.000000000,0.000000000,true,0,0
15.130000,0.566450279,-0.413072468,1.954041054,0.034927250,1.127459974,-0.280105097,0.865362879,-0.686019001,0.385371163,-12.466626330,-4.752967365,2.807078239,0.000000000,0.000000000,true,0,0
15.140000,0.566840736,-0.401832963,1.951259740,0.042955070,1.120361316,-0.276110883,0.739959355,-0.733791118,0.413484944,-12.611701960,-4.800089342,2.815082894,0.000000000,0.000000000,true,0,0
15.150000,0.567305177,-0.390666841,1.948519775,0.049721839,1.112782718,-0.271835191,0.613176369,-0.781993454,0.441660920,-12.742518923,-4.839010947,2.819517416,0.000000000,0.000000000,true,0,0
15.160000,0.567830925,-0.379578922,1.945823976,0.055214474,1.104720286,-0.267277576,0.485156506,-0.830544003,0.469863391,-12.859077220,-4.869732179,2.820381806,0.000000000,0.000000000,true,0,0
15.170000,0.568405180,-0.368574059,1.943175163,0.059421321,1.096170950,-0.262437954,0.356042353,-0.879360763,0.498056656,-12.961376850,-4.892253040,2.817676063,0.000000000,0.000000000,true,0,0
15.180000,0.569015032,-0.357657133,1.940576156,0.062332149,1.087132457,-0.257316593,0.225976498,-0.928361729,0.526205012,-13.049417814,-4.906573528,2.811400187,0.000000000,0.000000000,true,0,0
15.190000,0.569647474,-0.346833045,1.938029768,0.063938154,1.077603375,-0.251914122,0.095101526,-0.977464899,0.554272759,-13.123200112,-4.912693644,2.801554179,0.000000000,0.000000000,true,0,0
15.200000,0.570289421,-0.336106703,1.935538807,0.064231958,1.067583092,-0.246231525,-0.036439976,-1.026588267,0.582224195,-13.182723743,-4.910613388,2.788138037,0.000000000,0.000000000,true,0,0
15.210000,0.570927719,-0.325483020,1.933106067,0.063207608,1.057071816,-0.240270145,-0.168505420,-1.075649832,0.610023619,-13.227988708,-4.900332760,2.771151763,0.000000000,0.000000000,true,0,0
15.220000,0.571549164,-0.314966900,1.930734328,0.060860578,1.046070574,-0.234031679,-0.300952221,-1.124567588,0.637635330,-13.258995006,-4.881851760,2.750595357,0.000000000,0.000000000,true,0,0
15.230000,0.572140511,-0.304563235,1.928426350,0.057187768,1.034581216,-0.227518183,-0.433637791,-1.173259532,0.665023626,-13.275742638,-4.855170387,2.726468818,0.000000000,0.000000000,true,0,0
15.240000,0.572688494,-0.294276894,1.926184873,0.052187502,1.022606410,-0.220732070,-0.566419545,-1.221643661,0.692152806,-13.278231603,-4.820288642,2.698772145,0.000000000,0.000000000,true,0,0
15.250000,0.573179835,-0.284112714,1.924012609,0.045859532,1.010149643,-0.213676109,-0.699154894,-1.269637971,0.718987169,-13.266461902,-4.777206525,2.667505341,0.000000000,0.000000000,true,0,0
15.260000,0.573601263,-0.274075494,1.921912240,0.038205034,0.997215223,-0.206353428,-0.831701254,-1.317160457,0.745491012,-13.240433534,-4.725924036,2.632668403,0.000000000,0.000000000,true,0,0
15.270000,0.573939523,-0.264169985,1.919886418,0.029226612,0.983808280,-0.198767510,-0.963916036,-1.364129117,0.771628636,-13.200146500,-4.666441175,2.594261333,0.000000000,0.000000000,true,0,0
15.280000,0.574181395,-0.254400883,1.917937755,0.018928294,0.969934760,-0.190922195,-1.095656655,-1.410461946,0.797364339,-13.145600800,-4.598757942,2.552284130,0.000000000,0.000000000,true,0,0
15.290000,0.574313707,-0.244772822,1.916068824,0.007315534,0.955601433,-0.182821682,-1.226780523,-1.456076941,0.822662418,-13.076796433,-4.522874336,2.506736795,0.000000000,0.000000000,true,0,0
15.300000,0.574323347,-0.235290362,1.914282156,-0.005604786,0.940815888,-0.174470525,-1.357145055,-1.500892098,0.847487174,-12.993733399,-4.438790359,2.457619326,0.000000000,0.000000000,true,0,0
15.310000,0.574197280,-0.225957984,1.912580233,-0.019824360,0.925586531,-0.165873635,-1.486607662,-1.544825414,0.871802904,-12.896411700,-4.346506009,2.404931725,0.000000000,0.000000000,true,0,0
15.320000,0.573922561,-0.216780080,1.910965485,-0.035333457,0.909922592,-0.157036282,-1.615025760,-1.587794884,0.895573908,-12.784831333,-4.246021287,2.348673991,0.000000000,0.000000000,true,0,0
15.330000,0.573486350,-0.207760947,1.909440290,-0.052120918,0.893834119,-0.147964092,-1.742256760,-1.629718505,0.918764484,-12.658992301,-4.137336192,2.288846125,0.000000000,0.000000000,true,0,0
15.340000,0.572875923,-0.198904777,1.908006966,-0.070174160,0.877331982,-0.138663046,-1.868158077,-1.670514273,0.941338930,-12.518894601,-4.020450726,2.225448126,0.000000000,0.000000000,true,0,0
15.350000,0.572078694,-0.190215648,1.906667771,-0.089479172,0.860427867,-0.129139486,-1.992587123,-1.710100185,0.963261546,-12.364538236,-3.895364887,2.158479994,0.000000000,0.000000000,true,0,0
15.360000,0.571082219,-0.181697518,1.905424896,-0.110020520,0.843134284,-0.119400107,-2.115401313,-1.748394236,0.984496630,-12.195923204,-3.762078677,2.087941729,0.000000000,0.000000000,true,0,0
15.370000,0.569874218,-0.173354216,1.904280465,-0.131781341,0.825464562,-0.109451964,-2.236458059,-1.785314424,1.005008480,-12.013049505,-3.620592094,2.013833332,0.000000000,0.000000000,true,0,0
15.380000,0.568442588,-0.165189433,1.903236528,-0.154743347,0.807432848,-0.099302467,-2.355614774,-1.820778743,1.024761396,-11.815917140,-3.470905139,1.936154802,0.000000000,0.000000000,true,0,0
15.390000,0.566775413,-0.157206716,1.902295061,-0.178886827,0.789054113,-0.088959385,-2.472728872,-1.854705192,1.043719676,-11.604526109,-3.313017811,1.854906139,0.000000000,0.000000000,true,0,0
15.400000,0.564860983,-0.149409455,1.901457959,-0.204190641,0.770344144,-0.078430842,-2.587657767,-1.887011765,1.061847618,-11.378876411,-3.146930112,1.770087344,0.000000000,0.000000000,true,0,0
15.410000,0.562687807,-0.141800882,1.900727034,-0.230632223,0.751319551,-0.067725319,-2.700258872,-1.917616460,1.079109522,-11.138968047,-2.972642040,1.681698416,0.000000000,0.000000000,true,0,0
15.420000,0.560244626,-0.134384055,1.900104013,-0.258187584,0.731997761,-0.056851657,-2.810389599,-1.946437271,1.095469686,-10.884801016,-2.790153597,1.589739355,0.000000000,0.000000000,true,0,0
15.430000,0.557520428,-0.127161856,1.899590531,-0.286831305,0.712397025,-0.045819051,-2.917907363,-1.973392197,1.110892409,-10.616375319,-2.599464781,1.494210161,0.000000000,0.000000000,true,0,0
15.440000,0.554504461,-0.120136981,1.899188130,-0.316536546,0.692536410,-0.034637053,-3.022669577,-1.998399232,1.125341989,-10.333690955,-2.400575593,1.395110835,0.000000000,0.000000000,true,0,0
15.450000,0.551186252,-0.113311928,1.898898255,-0.347275037,0.672435807,-0.023315574,-3.124533653,-2.021376374,1.138782725,-10.036747925,-2.193486032,1.292441376,0.000000000,0.000000000,true,0,0
15.460000,0.547555615,-0.106688996,1.898722249,-0.379017083,0.652115923,-0.011864880,-3.223357006,-2.042241618,1.151178916,-9.725546228,-1.978196100,1.186201784,0.000000000,0.000000000,true,0,0
15.470000,0.543602669,-0.100270269,1.898661352,-0.411731566,0.631598287,-0.000295596,-3.318997049,-2.060912962,1.162494860,-9.400085866,-1.754705795,1.076392060,0.000000000,0.000000000,true,0,0
15.480000,0.539317851,-0.094057615,1.898716696,-0.445385938,0.610905250,0.011381297,-3.411311195,-2.077308400,1.172694857,-9.060366836,-1.523015119,0.963012203,0.000000000,0.000000000,true,0,0
15.490000,0.534691931,-0.088052672,1.898889299,-0.479946228,0.590059979,0.023154462,-3.500156857,-2.091345929,1.181743204,-8.706389140,-1.283124070,0.846062213,0.000000000,0.000000000,true,0,0
15.500000,0.529716025,-0.082256843,1.899180067,-0.515377038,0.569086464,0.035012204,-3.585391449,-2.102943547,1.189604201,-8.338152778,-1.035032649,0.725542090,0.000000000,0.000000000,true,0,0
15.510000,0.524381611,-0.076671287,1.899589785,-0.551641545,0.548009514,0.046942469,-3.666872384,-2.112019248,1.196242145,-7.955657749,-0.778740855,0.601451835,0.000000000,0.000000000,true,0,0
15.520000,0.518680542,-0.071296912,1.900119117,-0.588701498,0.526854759,0.058932851,-3.744457075,-2.118491029,1.201621337,-7.558904054,-0.514248690,0.473791447,0.000000000,0.000000000,true,0,0
15.530000,0.512605061,-0.066134363,1.900768600,-0.626517223,0.505648647,0.070970581,-3.818002936,-2.122276887,1.205706074,-7.147891692,-0.241556152,0.342560926,0.000000000,0.000000000,true,0,0
15.540000,0.506147815,-0.061184019,1.901538643,-0.665047619,0.484418448,0.083042538,-3.887367380,-2.123294818,1.208460655,-6.722620664,0.039336757,0.207760273,0.000000000,0.000000000,true,0,0
15.550000,0.499301868,-0.056445981,1.902429520,-0.704250158,0.463192250,0.095135242,-3.952407820,-2.121462817,1.209849379,-6.283090970,0.328430039,0.069389487,0.000000000,0.000000000,true,0,0
15.560000,0.492060718,-0.051920065,1.903441370,-0.744080887,0.441998964,0.107234854,-4.012981670,-2.116698882,1.209836544,-5.829302609,0.625723693,-0.072551432,0.000000000,0.000000000,true,0,0
15.570000,0.484418308,-0.047605793,1.904574193,-0.784494427,0.420868319,0.119327182,-4.068946343,-2.108921009,1.208386450,-5.361255581,0.931217720,-0.218062483,0.000000000,0.000000000,true,0,0
15.580000,0.476369042,-0.043502388,1.905827841,-0.825443974,0.399830864,0.131397673,-4.120159253,-2.098047193,1.205463394,-4.878949887,1.244912118,-0.367143668,0.000000000,0.000000000,true,0,0
15.590000,0.467907802,-0.039608761,1.907202024,-0.866881298,0.378917968,0.143431421,-4.166477812,-2.083995432,1.201031676,-4.382385527,1.566806889,-0.519794985,0.000000000,0.000000000,true,0,0
15.600000,0.459029956,-0.035923506,1.908696296,-0.908756741,0.358161822,0.155413159,-4.207759435,-2.066683721,1.195055594,-3.871562500,1.896902032,-0.676016434,0.000000000,0.000000000,true,0,0
15.610000,0.449731377,-0.032444892,1.910310061,-0.951019221,0.337595434,0.167327266,-4.243861533,-2.046030057,1.187499447,-3.346480807,2.235197547,-0.835808017,0.000000000,0.000000000,true,0,0
15.620000,0.440008456,-0.029170852,1.912042563,-0.993616231,0.317252634,0.179157762,-4.274641522,-2.021952435,1.178327533,-2.807140447,2.581693434,-0.999169732,0.000000000,0.000000000,true,0,0
15.630000,0.429858117,-0.026098978,1.913892884,-1.036493836,0.297168072,0.190888311,-4.299956814,-1.994368853,1.167504152,-2.253541421,2.936389693,-1.166101579,0.000000000,0.000000000,true,0,0
15.640000,0.419277829,-0.023226512,1.915859941,-1.079596676,0.277377217,0.202502221,-4.319664821,-1.963197307,1.154993601,-1.685683728,3.299286324,-1.336603560,0.000000000,0.000000000,true,0,0
15.650000,0.408265622,-0.020550334,1.917942482,-1.122867966,0.257916359,0.213982440,-4.333622959,-1.928355792,1.140760180,-1.103567369,3.670383328,-1.510675673,0.000000000,0.000000000,true,0,0
15.660000,0.396820102,-0.018066961,1.920139086,-1.166249494,0.238822607,0.225311563,-4.341688640,-1.889762306,1.124768187,-0.507192344,4.049680704,-1.688317919,0.000000000,0.000000000,true,0,0
15.670000,0.384940463,-0.015772532,1.922448151,-1.209681622,0.220133892,0.236471823,-4.343719277,-1.847334844,1.106981921,0.103441348,4.437178452,-1.869530298,0.000000000,0.000000000,true,0,0
15.680000,0.372626504,-0.013662804,1.924867899,-1.253103288,0.201888964,0.247445101,-4.339572284,-1.800991402,1.087365681,0.728333707,4.832876572,-2.054312809,0.000000000,0.000000000,true,0,0
15.690000,0.359878640,-0.011733142,1.927396368,-1.296452001,0.184127391,0.258212918,-4.329105074,-1.750649978,1.065883765,1.367484731,5.236775064,-2.242665453,0.000000000,0.000000000,true,0,0
15.700000,0.346697920,-0.009978510,1.930031410,-1.339663846,0.166889564,0.268756439,-4.312175061,-1.696228566,1.042500471,2.020894423,5.648873929,-2.434588230,0.000000000,0.000000000,true,0,0
15.710000,0.333086037,-0.008393467,1.932770685,-1.382673484,0.150216693,0.279056470,-4.288639657,-1.637645165,1.017180100,2.688562780,6.069173165,-2.630081139,0.000000000,0.000000000,true,0,0
15.720000,0.319045347,-0.006972153,1.935611662,-1.425414146,0.134150808,0.289093465,-4.258356276,-1.574817769,0.989886948,3.370489805,6.497672774,-2.829144182,0.000000000,0.000000000,true,0,0
15.730000,0.304578878,-0.005708285,1.938551611,-1.467817641,0.118734758,0.298847514,-4.221182332,-1.507664375,0.960585316,4.066675495,6.934372755,-3.031777356,0.000000000,0.000000000,true,0,0
15.740000,0.289690350,-0.004595147,1.941587602,-1.509814349,0.104012213,0.308298357,-4.176975237,-1.436102979,0.929239501,4.777119852,7.379273108,-3.237980664,0.000000000,0.000000000,true,0,0
15.750000,0.274384184,-0.003625581,1.944716499,-1.551333226,0.090027665,0.317425372,-4.125592406,-1.360051578,0.895813802,5.501822876,7.832373834,-3.447754104,0.000000000,0.000000000,true,0,0
15.760000,0.258665519,-0.002791982,1.947934960,-1.592301803,0.076826422,0.326207581,-4.066891251,-1.279428168,0.860272518,6.240784566,8.293674931,-3.661097677,0.000000000,0.000000000,true,0,0
15.770000,0.242540228,-0.002086288,1.951239430,-1.632646182,0.064454615,0.334623651,-4.000729186,-1.194150745,0.822579948,6.994004922,8.763176401,-3.878011383,0.000000000,0.000000000,true,0,0
15.780000,0.226014927,-0.001499969,1.954626140,-1.672291041,0.052959194,0.342651890,-3.926963624,-1.104137305,0.782700390,7.761483945,9.240878243,-4.098495222,0.000000000,0.000000000,true,0,0
15.790000,0.209096995,-0.001024023,1.958091102,-1.711159634,0.042387929,0.350270250,-3.845451978,-1.009305845,0.740598143,8.543221634,9.726780457,-4.322549193,0.000000000,0.000000000,true,0,0
15.800000,0.191794583,-0.000648968,1.961630104,-1.749173785,0.032789410,0.357456325,-3.756051662,-0.909574361,0.696237506,9.339217990,10.220883043,-4.550173297,0.000000000,0.000000000,true,0,0
15.810000,0.174116632,-0.000364828,1.965238712,-1.786253896,0.024213048,0.364187353,-3.658620089,-0.804860850,0.649582777,10.149473012,10.723186001,-4.781367533,0.000000000,0.000000000,true,0,0
15.820000,0.156072888,-0.000161132,1.968912258,-1.822318941,0.016709073,0.370440214,-3.553014673,-0.695083307,0.600598254,10.973986701,11.233689331,-5.016131903,0.000000000,0.000000000,true,0,0
15.830000,0.137673912,-0.000026902,1.972645844,-1.857286468,0.010328536,0.376191433,-3.439092826,-0.580159729,0.549248238,11.812759056,11.752393034,-5.254466405,0.000000000,0.000000000,true,0,0
15.840000,0.118931097,0.000049356,1.976434335,-1.891072601,0.005123306,0.381417175,-3.316711963,-0.460008111,0.495497026,12.665790077,12.279297109,-5.496371039,0.000000000,0.000000000,true,0,0
15.850000,0.099856682,0.000079657,1.980272355,-1.923592036,0.001146074,0.386093251,-3.185729496,-0.334546452,0.439308917,13.533079765,12.814401556,-5.741845807,0.000000000,0.000000000,true,0,0
15.860000,0.080463767,0.000076549,1.984154286,-1.954758043,-0.001549650,0.390195112,-3.046002839,-0.203692746,0.380648209,14.414628120,13.357706375,-5.990890707,0.000000000,0.000000000,true,0,0
15.870000,0.060766326,0.000053117,1.988074260,-1.984482470,-0.002909535,0.393697854,-2.897389405,-0.067364990,0.319479202,15.310435141,13.909211567,-6.243505740,0.000000000,0.000000000,true,0,0
15.880000,0.040779221,0.000022995,1.992026162,-2.012675734,-0.002878430,0.396576216,-2.739746607,0.074518820,0.255766194,16.220500828,14.468917130,-6.499690905,0.000000000,0.000000000,true,0,0
15.890000,0.020518218,0.000000372,1.996003618,-2.039246829,-0.001400365,0.398804579,-2.572931859,0.222040687,0.189473484,17.144825182,15.036823066,-6.759446204,0.000000000,0.000000000,true,0,0
15.900000,0.000000000,0.000000000,2.000000000,-2.064103322,0.001581451,0.400356967,-2.396802574,0.375282616,0.120565370,18.083408202,15.612929374,-7.022771635,0.000000000,0.000000000,true,0,0
15.910000,-0.020757821,0.000037204,2.004008417,-2.087152087,0.006124009,0.401207313,-2.211508245,0.534078925,0.049111647,18.948626316,16.122930600,-7.258018290,0.000000000,0.000000000,true,0,0
15.920000,-0.041736728,0.000127852,2.008021728,-2.108307330,0.012277689,0.401332354,-2.018366676,0.697273193,-0.024395904,19.652855950,16.492521292,-7.433537262,0.000000000,0.000000000,true,0,0
15.930000,-0.062917420,0.000288253,2.012032587,-2.127498629,0.020079452,0.400714540,-1.818987754,0.863461315,-0.099360006,20.196097104,16.721701449,-7.549328549,0.000000000,0.000000000,true,0,0
15.940000,-0.084279971,0.000535013,2.016033503,-2.144671660,0.029552215,0.399342290,-1.614981363,1.031239187,-0.175183383,20.578349778,16.810471072,-7.605392153,0.000000000,0.000000000,true,0,0
15.950000,-0.105803996,0.000884898,2.020016899,-2.159788198,0.040704855,0.397209999,-1.407957387,1.199202702,-0.251268757,20.799613973,16.758830160,-7.601728073,0.000000000,0.000000000,true,0,0
15.960000,-0.127468805,0.001354694,2.023975170,-2.172826115,0.053532207,0.394318032,-1.199525711,1.365947755,-0.327018852,20.859889688,16.566778713,-7.538336310,0.000000000,0.000000000,true,0,0
15.970000,-0.149253568,0.001961062,2.027900748,-2.183779386,0.068015068,0.390672730,-0.991296221,1.530070241,-0.401836391,20.759176924,16.234316731,-7.415216862,0.000000000,0.000000000,true,0,0
15.980000,-0.171137476,0.002720404,2.031786154,-2.192658080,0.084120190,0.386286404,-0.784878801,1.690166054,-0.475124097,20.497475679,15.761444215,-7.232369731,0.000000000,0.000000000,true,0,0
15.990000,-0.193099900,0.003648718,2.035624066,-2.199488368,0.101800286,0.381177338,-0.581883336,1.844831090,-0.546284693,20.074785955,15.148161164,-6.989794916,0.000000000,0.000000000,true,0,0
16.000000,-0.215120554,0.004761457,2.039407372,-2.204312520,0.120994029,0.375369791,-0.383919710,1.992661242,-0.614720903,19.491107751,14.394467578,-6.687492417,0.000000000,0.000000000,true,0,0
16.010000,-0.237179654,0.006073395,2.043129233,-2.207188197,0.141626688,0.368893723,-0.192315962,2.132508412,-0.679943313,18.830995173,13.577165176,-6.357821455,0.000000000,0.000000000,true,0,0
16.020000,-0.259258041,0.007598517,2.046783127,-2.208180707,0.163617173,0.361781831,-0.007272741,2.264248522,-0.741893968,18.179002326,12.773055677,-6.033141251,0.000000000,0.000000000,true,0,0
16.030000,-0.281337209,0.009349997,2.050362859,-2.207355250,0.186885075,0.354066583,0.171291150,2.388013502,-0.800622774,17.535129210,11.982139081,-5.713451805,0.000000000,0.000000000,true,0,0
16.040000,-0.303399301,0.011340212,2.053862554,-2.204776211,0.211351299,0.345779949,0.343456909,2.503935280,-0.856179640,16.899375825,11.204415387,-5.398753117,0.000000000,0.000000000,true,0,0
16.050000,-0.325427100,0.013580758,2.057276658,-2.200507168,0.236938076,0.336953397,0.509305732,2.612145786,-0.908614472,16.271742171,10.439884595,-5.089045187,0.000000000,0.000000000,true,0,0
16.060000,-0.347404020,0.016082454,2.060599926,-2.194610883,0.263568951,0.327617899,0.668918818,2.712776949,-0.957977179,15.652228247,9.688546706,-4.784328015,0.000000000,0.000000000,true,0,0
16.070000,-0.369314100,0.018855366,2.063827421,-2.187149307,0.291168790,0.317803928,0.822377363,2.805960697,-1.004317668,15.040834055,8.950401719,-4.484601602,0.000000000,0.000000000,true,0,0
16.080000,-0.391141992,0.021908814,2.066954509,-2.178183580,0.319663780,0.307541454,0.969762565,2.891828959,-1.047685847,14.437559594,8.225449635,-4.189865946,0.000000000,0.000000000,true,0,0
16.090000,-0.412872959,0.025251384,2.069976853,-2.167774029,0.348981424,0.296859952,1.111155621,2.970513666,-1.088131623,13.842404864,7.513690454,-3.900121048,0.000000000,0.000000000,true,0,0
16.100000,-0.434492859,0.028890947,2.072890408,-2.155980171,0.379050548,0.285788396,1.246637728,3.042146745,-1.125704904,13.255369864,6.815124175,-3.615366908,0.000000000,0.000000000,true,0,0
16.110000,-0.455988143,0.032834667,2.075691416,-2.142860707,0.409801293,0.274355262,1.376290084,3.106860125,-1.160455597,12.676454596,6.129750799,-3.335603527,0.000000000,0.000000000,true,0,0
16.120000,-0.477345847,0.037089016,2.078376402,-2.128473531,0.441165124,0.262588527,1.500193886,3.164785737,-1.192433610,12.105659059,5.457570325,-3.060830903,0.000000000,0.000000000,true,0,0
16.130000,-0.498553579,0.041659789,2.080942166,-2.112875721,0.473074822,0.250515666,1.618430331,3.216055508,-1.221688851,11.542983252,4.798582754,-2.791049037,0.000000000,0.000000000,true,0,0
16.140000,-0.519599514,0.046552112,2.083385784,-2.096123545,0.505464488,0.238163659,1.731080616,3.260801368,-1.248271227,10.988427177,4.152788085,-2.526257930,0.000000000,0.000000000,true,0,0
16.150000,-0.540472387,0.051770463,2.085704597,-2.078272458,0.538269543,0.225558985,1.838225940,3.299155246,-1.272230646,10.441990832,3.520186319,-2.266457580,0.000000000,0.000000000,true,0,0
16.160000,-0.561161482,0.057318677,2.087896209,-2.059377105,0.571426726,0.212727623,1.939947499,3.331249071,-1.293617014,9.903674219,2.900777455,-2.011647989,0.000000000,0.000000000,true,0,0
16.170000,-0.581656627,0.063199965,2.089958479,-2.039491317,0.604874097,0.199695055,2.036326490,3.357214772,-1.312480241,9.373477336,2.294561494,-1.761829155,0.000000000,0.000000000,true,0,0
16.180000,-0.601948184,0.069416924,2.091889522,-2.018668113,0.638551034,0.186486262,2.127444111,3.377184277,-1.328870233,8.851400185,1.701538435,-1.517001080,0.000000000,0.000000000,true,0,0
16.190000,-0.622027039,0.075971553,2.093687699,-1.996959702,0.672398235,0.173125728,2.213381560,3.391289517,-1.342836899,8.337442764,1.121708279,-1.277163762,0.000000000,0.000000000,true,0,0
16.200000,-0.641884599,0.082865263,2.095351611,-1.974417478,0.706357717,0.159637436,2.294220032,3.399662419,-1.354430145,7.831605075,0.555071026,-1.042317203,0.000000000,0.000000000,true,0,0
16.210000,-0.661512778,0.090098892,2.096880100,-1.951092027,0.740372815,0.146044870,2.370040727,3.402434914,-1.363699879,7.333887116,0.001626675,-0.812461401,0.000000000,0.000000000,true,0,0
16.220000,-0.680903994,0.097672720,2.098272238,-1.927033119,0.774388187,0.132371017,2.440924841,3.399738929,-1.370696008,6.844288888,-0.538624774,-0.587596358,0.000000000,0.000000000,true,0,0
16.230000,-0.700051159,0.105586477,2.099527324,-1.902289715,0.808349806,0.118638362,2.506953570,3.391706395,-1.375468442,6.362810392,-1.065683319,-0.367722072,0.000000000,0.000000000,true,0,0
16.240000,-0.718947668,0.113839361,2.100644882,-1.876909962,0.842204966,0.104868894,2.568208114,3.378469239,-1.378067086,5.889451626,-1.579548963,-0.152838545,0.000000000,0.000000000,true,0,0
16.250000,-0.737587395,0.122430050,2.101624651,-1.850941196,0.875902281,0.091084100,2.624769669,3.360159392,-1.378541848,5.424212591,-2.080221704,0.057054224,0.000000000,0.000000000,true,0,0
16.260000,-0.755964683,0.131356713,2.102466583,-1.824429941,0.909391685,0.077304970,2.676719432,3.336908781,-1.376942637,4.967093287,-2.567701542,0.261956236,0.000000000,0.000000000,true,0,0
16.270000,-0.774074338,0.140617028,2.103170838,-1.797421909,0.942624428,0.063551994,2.724138600,3.308849337,-1.373319360,4.518093715,-3.041988478,0.461867489,0.000000000,0.000000000,true,0,0
16.280000,-0.791911615,0.150208188,2.103737777,-1.769962000,0.975553082,0.049845164,2.767108372,3.276112988,-1.367721923,4.077213873,-3.503082511,0.656787984,0.000000000,0.000000000,true,0,0
16.290000,-0.809472219,0.160126922,2.104167960,-1.742094302,1.008131537,0.036203970,2.805709944,3.238831663,-1.360200236,3.644453762,-3.950983642,0.846717721,0.000000000,0.000000000,true,0,0
16.300000,-0.826752286,0.170369502,2.104462138,-1.713862091,1.040315005,0.022647407,2.840024513,3.197137292,-1.350804205,3.219813382,-4.385691870,1.031656701,0.000000000,0.000000000,true,0,0
16.310000,-0.843748387,0.180931760,2.104621252,-1.685307832,1.072060013,0.009193968,2.870133277,3.151161802,-1.339583738,2.803292733,-4.807207195,1.211604922,0.000000000,0.000000000,true,0,0
16.320000,-0.860457508,0.191809100,2.104646422,-1.656473175,1.103324410,-0.004138353,2.896117433,3.101037124,-1.326588742,2.394891815,-5.215529618,1.386562385,0.000000000,0.000000000,true,0,0
16.330000,-0.876877052,0.202996510,2.104538947,-1.627398961,1.134067364,-0.017332059,2.918058179,3.046895186,-1.311869126,1.994610628,-5.610659139,1.556529090,0.000000000,0.000000000,true,0,0
16.340000,-0.893004823,0.214488577,2.104300299,-1.598125218,1.164249363,-0.030370153,2.936036712,2.988867918,-1.295474796,1.602449172,-5.992595757,1.721505037,0.000000000,0.000000000,true,0,0
16.350000,-0.908839022,0.226279500,2.103932117,-1.568691163,1.193832211,-0.043236139,2.950134228,2.927087247,-1.277455661,1.218407447,-6.361339472,1.881490226,0.000000000,0.000000000,true,0,0
16.360000,-0.924378240,0.238363101,2.103436203,-1.539135200,1.222779036,-0.055914017,2.960431926,2.861685105,-1.257861627,0.842485453,-6.716890285,2.036484657,0.000000000,0.000000000,true,0,0
16.370000,-0.939621445,0.250732842,2.102814516,-1.509494920,1.251054282,-0.068388288,2.967011003,2.792793418,-1.236742604,0.474683190,-7.059248196,2.186488330,0.000000000,0.000000000,true,0,0
16.380000,-0.954567980,0.263381834,2.102069166,-1.479807105,1.278623712,-0.080643952,2.969952656,2.720544117,-1.214148497,0.115000658,-7.388413203,2.331501245,0.000000000,0.000000000,true,0,0
16.390000,-0.969217549,0.276302854,2.101202414,-1.450107721,1.305454412,-0.092666507,2.969338082,2.645069130,-1.190129214,-0.236562143,-7.704385309,2.471523402,0.000000000,0.000000000,true,0,0
16.400000,-0.983570213,0.289488355,2.100216660,-1.420431926,1.331514783,-0.104441952,2.965248479,2.566500387,-1.164734664,-0.580005213,-8.007164511,2.606554801,0.000000000,0.000000000,true,0,0
16.410000,-0.997626380,0.302930481,2.099114444,-1.390814064,1.356774547,-0.115956783,2.957765044,2.484969816,-1.138014754,-0.915328552,-8.296750812,2.736595442,0.000000000,0.000000000,true,0,0
16.420000,-1.011386799,0.316621080,2.097898436,-1.361287668,1.381204746,-0.127197995,2.946968973,2.400609347,-1.110019392,-1.242532160,-8.573144209,2.861645325,0.000000000,0.000000000,true,0,0
16.430000,-1.024852548,0.330551718,2.096571438,-1.331885456,1.404777740,-0.138153085,2.932941466,2.313550909,-1.080798484,-1.561616037,-8.836344705,2.981704450,0.000000000,0.000000000,true,0,0
16.440000,-1.038025029,0.344713690,2.095136369,-1.302639339,1.427467211,-0.148810046,2.915763719,2.223926430,-1.050401938,-1.872580184,-9.086352297,3.096772817,0.000000000,0.000000000,true,0,0
16.450000,-1.050905959,0.359098034,2.093596269,-1.273580412,1.449248155,-0.159157372,2.895516928,2.131867839,-1.018879663,-2.175424599,-9.323166987,3.206850426,0.000000000,0.000000000,true,0,0
16.460000,-1.063497362,0.373695545,2.091954290,-1.244738960,1.470096893,-0.169184053,2.872282292,2.037507066,-0.986281566,-2.470149283,-9.546788775,3.311937277,0.000000000,0.000000000,true,0,0
16.470000,-1.075801561,0.388496790,2.090213692,-1.216144455,1.489991063,-0.178879583,2.846141008,1.940976040,-0.952657554,-2.756754236,-9.757217660,3.412033370,0.000000000,0.000000000,true,0,0
16.480000,-1.087821170,0.403492114,2.088377836,-1.187825558,1.508909620,-0.188233951,2.817174273,1.842406689,-0.918057534,-3.035239459,-9.954453642,3.507138704,0.000000000,0.000000000,true,0,0
16.490000,-1.099559084,0.418671664,2.086450182,-1.159810117,1.526832842,-0.197237647,2.785463285,1.741930943,-0.882531415,-3.305604950,-10.138496722,3.597253281,0.000000000,0.000000000,true,0,0
16.500000,-1.111018474,0.434025392,2.084434282,-1.132125169,1.543742324,-0.205881659,2.751089240,1.639680731,-0.846129104,-3.567850710,-10.309346899,3.682377100,0.000000000,0.000000000,true,0,0
16.510000,-1.122202776,0.449543074,2.082333776,-1.104796939,1.559620981,-0.214157475,2.714133336,1.535787982,-0.808900509,-3.821976740,-10.467004174,3.762510160,0.000000000,0.000000000,true,0,0
16.520000,-1.133115687,0.465214323,2.080152386,-1.077850838,1.574453048,-0.222057081,2.674676771,1.430384624,-0.770895537,-4.067983038,-10.611468547,3.837652463,0.000000000,0.000000000,true,0,0
16.530000,-1.143761149,0.481028598,2.077893913,-1.051311468,1.588224078,-0.229572964,2.632800741,1.323602587,-0.732164096,-4.305869606,-10.742740016,3.907804008,0.000000000,0.000000000,true,0,0
16.540000,-1.154143351,0.496975224,2.075562230,-1.025202617,1.600920944,-0.236698108,2.588586445,1.215573800,-0.692756093,-4.535636442,-10.860818584,3.972964794,0.000000000,0.000000000,true,0,0
16.550000,-1.164266713,0.513043397,2.073161275,-0.999547263,1.612531838,-0.243425997,2.542115078,1.106430192,-0.652721436,-4.757283548,-10.965704248,4.033134823,0.000000000,0.000000000,true,0,0
16.560000,-1.174135882,0.529222205,2.070695054,-0.974367569,1.623046271,-0.249750614,2.493467840,0.996303691,-0.612110032,-4.970810922,-11.057397011,4.088314094,0.000000000,0.000000000,true,0,0
16.570000,-1.183755721,0.545500637,2.068167626,-0.949684888,1.632455075,-0.255666441,2.442725926,0.885326228,-0.570971790,-5.176218566,-11.135896870,4.138502606,0.000000000,0.000000000,true,0,0
16.580000,-1.193131305,0.561867595,2.065583104,-0.925519762,1.640750399,-0.261168460,2.389970534,0.773629730,-0.529356616,-5.373506478,-11.201203827,4.183700361,0.000000000,0.000000000,true,0,0
16.590000,-1.202267908,0.578311911,2.062945651,-0.901891918,1.647925713,-0.266252150,2.335282862,0.661346128,-0.487314418,-5.562674660,-11.253317882,4.223907357,0.000000000,0.000000000,true,0,0
16.600000,-1.211170997,0.594822359,2.060259469,-0.878820275,1.653975805,-0.270913491,2.278744107,0.548607349,-0.444895105,-5.743723111,-11.292239034,4.259123596,0.000000000,0.000000000,true,0,0
16.610000,-1.219846228,0.611387664,2.057528801,-0.856322936,1.658896782,-0.275148962,2.220435465,0.435545323,-0.402148582,-5.916651830,-11.317967283,4.289349076,0.000000000,0.000000000,true,0,0
16.620000,-1.228299428,0.627996522,2.054757920,-0.834417195,1.662686073,-0.278955539,2.160438136,0.322291980,-0.359124759,-6.081460819,-11.330502630,4.314583799,0.000000000,0.000000000,true,0,0
16.630000,-1.236536598,0.644637609,2.051951128,-0.813119532,1.665342424,-0.282330699,2.098833315,0.208979247,-0.315873542,-6.238150077,-11.329845075,4.334827763,0.000000000,0.000000000,true,0,0
16.640000,-1.244563898,0.661299594,2.049112751,-0.792445616,1.666865900,-0.285272418,2.035702200,0.095739055,-0.272444840,-6.386719604,-11.315994616,4.350080969,0.000000000,0.000000000,true,0,0
16.650000,-1.252387640,0.677971155,2.046247130,-0.772410305,1.667257887,-0.287779170,1.971125989,-0.017296669,-0.228888559,-6.527169399,-11.288951256,4.360343418,0.000000000,0.000000000,true,0,0
16.660000,-1.260014280,0.694640989,2.043358621,-0.753027642,1.666521088,-0.289849930,1.905185878,-0.129995994,-0.185254607,-6.659499464,-11.248714993,4.365615108,0.000000000,0.000000000,true,0,0
16.670000,-1.267450412,0.711297827,2.040451586,-0.734310863,1.664659528,-0.291484170,1.837963065,-0.242226992,-0.141592892,-6.783709798,-11.195285827,4.365896040,0.000000000,0.000000000,true,0,0
16.680000,-1.274702758,0.727930448,2.037530393,-0.716272386,1.661678549,-0.292681862,1.769538748,-0.353857734,-0.097953322,-6.899800401,-11.128663758,4.361186215,0.000000000,0.000000000,true,0,0
16.690000,-1.281778160,0.744527689,2.034599403,-0.698923822,1.657584814,-0.293443477,1.699994123,-0.464756291,-0.054385804,-7.007771273,-11.048848788,4.351485631,0.000000000,0.000000000,true,0,0
16.700000,-1.288683570,0.761078461,2.031662973,-0.682275967,1.652386304,-0.293769984,1.629410388,-0.574790734,-0.010940245,-7.107622414,-10.955840914,4.336794289,0.000000000,0.000000000,true,0,0
16.710000,-1.295426048,0.777571763,2.028725449,-0.666338807,1.646092319,-0.293662854,1.557868740,-0.683829133,0.032333446,-7.199353823,-10.849640138,4.317112189,0.000000000,0.000000000,true,0,0
16.720000,-1.302012746,0.793996691,2.025791155,-0.651121515,1.638713481,-0.293124055,1.485450377,-0.791739560,0.075385363,-7.282965502,-10.730246460,4.292439331,0.000000000,0.000000000,true,0,0
16.730000,-1.308450906,0.810342456,2.022864398,-0.636632452,1.630261728,-0.292156053,1.412236496,-0.898390086,0.118165597,-7.358457450,-10.597659879,4.262775716,0.000000000,0.000000000,true,0,0
16.740000,-1.314747848,0.826598394,2.019949455,-0.622879166,1.620750319,-0.290761815,1.338308294,-1.003648781,0.160624241,-7.425829667,-10.451880395,4.228121342,0.000000000,0.000000000,true,0,0
16.750000,-1.320910964,0.842753979,2.017050571,-0.609868396,1.610193831,-0.288944806,1.263746968,-1.107383718,0.202711388,-7.485082153,-10.292908009,4.188476210,0.000000000,0.000000000,true,0,0
16.760000,-1.326947711,0.858798840,2.014171955,-0.597606067,1.598608163,-0.286708992,1.188633717,-1.209462965,0.244377129,-7.536214908,-10.120742721,4.143840320,0.000000000,0.000000000,true,0,0
16.770000,-1.332865598,0.874722769,2.011317773,-0.586097291,1.586010531,-0.284058835,1.113049736,-1.309754596,0.285571558,-7.579227933,-9.935384530,4.094213672,0.000000000,0.000000000,true,0,0
16.780000,-1.338672183,0.890515739,2.008492143,-0.575346370,1.572419470,-0.280999298,1.037076224,-1.408126680,0.326244767,-7.614121226,-9.736833436,4.039596266,0.000000000,0.000000000,true,0,0
16.790000,-1.344375063,0.906167913,2.005699133,-0.565356794,1.557854835,-0.277535843,0.960794377,-1.504447288,0.366346848,-7.640894788,-9.525089440,3.979988102,0.000000000,0.000000000,true,0,0
16.800000,-1.349981865,0.921669660,2.002942753,-0.556131240,1.542337802,-0.273674431,0.884285394,-1.598584492,0.405827893,-7.659548619,-9.300152541,3.915389180,0.000000000,0.000000000,true,0,0
16.810000,-1.355500241,0.937011569,2.000226949,-0.547671573,1.525890863,-0.269421522,0.807630471,-1.690406362,0.444637995,-7.670082719,-9.062022740,3.845799500,0.000000000,0.000000000,true,0,0
16.820000,-1.360937853,0.952184457,1.997555604,-0.539978846,1.508537832,-0.264784074,0.730910805,-1.779780970,0.482727247,-7.672497088,-8.810700036,3.771219062,0.000000000,0.000000000,true,0,0
16.830000,-1.366302375,0.967179389,1.994932525,-0.533053302,1.490303841,-0.259769546,0.654207595,-1.866576387,0.520045741,-7.666791727,-8.546184430,3.691647866,0.000000000,0.000000000,true,0,0
16.840000,-1.371601475,0.981987686,1.992361444,-0.526894369,1.471215342,-0.254385895,0.577602036,-1.950660683,0.556543569,-7.652966634,-8.268475921,3.607085912,0.000000000,0.000000000,true,0,0
16.850000,-1.376842813,0.996600940,1.989846009,-0.521500665,1.451300104,-0.248641577,0.501175328,-2.031901929,0.592170823,-7.631021810,-7.977574509,3.517533200,0.000000000,0.000000000,true,0,0
16.860000,-1.382034032,1.011011029,1.987389785,-0.516869995,1.430587220,-0.242545547,0.425008666,-2.110168197,0.626877597,-7.600957255,-7.673480195,3.422989729,0.000000000,0.000000000,true,0,0
16.870000,-1.387182747,1.025210127,1.984996239,-0.512999354,1.409107097,-0.236107259,0.349183248,-2.185327557,0.660613982,-7.562772970,-7.356192979,3.323455501,0.000000000,0.000000000,true,0,0
16.880000,-1.392296540,1.039190719,1.982668747,-0.509884922,1.386891465,-0.229336668,0.273780272,-2.257248080,0.693330071,-7.516468953,-7.025712860,3.218930515,0.000000000,0.000000000,true,0,0
16.890000,-1.397382950,1.052945614,1.980410579,-0.507522070,1.363973371,-0.222244225,0.198880935,-2.325797837,0.724975956,-7.462045206,-6.682039838,3.109414771,0.000000000,0.000000000,true,0,0
16.900000,-1.402449468,1.066467959,1.978224899,-0.505905354,1.340387183,-0.214840882,0.124566434,-2.390844900,0.755501731,-7.399501727,-6.325173914,2.994908268,0.000000000,0.000000000,true,0,0
16.910000,-1.407503524,1.079751250,1.976114759,-0.505028521,1.316168588,-0.207138091,0.050917966,-2.452257339,0.784857486,-7.328838517,-5.955115087,2.875411008,0.000000000,0.000000000,true,0,0
16.920000,-1.412552482,1.092789346,1.974083096,-0.504884504,1.291354592,-0.199147799,-0.021983271,-2.509903226,0.812993315,-7.250055577,-5.571863358,2.750922990,0.000000000,0.000000000,true,0,0
16.930000,-1.417603631,1.105576484,1.972132720,-0.505465425,1.265983519,-0.190882457,-0.094056079,-2.563650630,0.839859310,-7.163152905,-5.175418726,2.621444213,0.000000000,0.000000000,true,0,0
16.940000,-1.422664178,1.118107291,1.970266320,-0.506762594,1.240095014,-0.182355012,-0.165219263,-2.613367624,0.865405563,-7.068130503,-4.765781192,2.486974679,0.000000000,0.000000000,true,0,0
16.950000,-1.427741238,1.130376796,1.968486449,-0.508766508,1.213730041,-0.173578911,-0.235391624,-2.658922278,0.889582168,-6.964988370,-4.342950755,2.347514387,0.000000000,0.000000000,true,0,0
16.960000,-1.432841829,1.142380445,1.966795524,-0.511466853,1.186930883,-0.164568101,-0.304491965,-2.700182663,0.912339215,-6.853726505,-3.906927416,2.203063336,0.000000000,0.000000000,true,0,0
16.970000,-1.437972860,1.154114112,1.965195821,-0.514852503,1.159741142,-0.155337025,-0.372439088,-2.737016850,0.933626798,-6.734344910,-3.457711174,2.053621528,0.000000000,0.000000000,true,0,0
16.980000,-1.443141124,1.165574115,1.963689468,-0.518911520,1.132205739,-0.145900629,-0.439151797,-2.769292910,0.953395010,-6.606843583,-2.995302030,1.899188961,0.000000000,0.000000000,true,0,0
16.990000,-1.448353292,1.176757229,1.962278442,-0.523631153,1.104370917,-0.136274356,-0.504548894,-2.796878914,0.971593942,-6.471222526,-2.519699983,1.739765637,0.000000000,0.000000000,true,0,0
17.000000,-1.453615904,1.187660694,1.960964561,-0.528997842,1.076284234,-0.126474148,-0.568549182,-2.819642933,0.988173687,-6.327481738,-2.030905033,1.575351554,0.000000000,0.000000000,true,0,0
17.010000,-1.458935358,1.198282236,1.959749484,-0.534997244,1.047994471,-0.116516413,-0.631084892,-2.837492991,1.003097564,-6.179650047,-1.540903059,1.409914939,0.000000000,0.000000000,true,0,0
17.020000,-1.464317909,1.208620070,1.958634703,-0.541614611,1.019550528,-0.106417662,-0.692141976,-2.850496924,1.016381804,-6.031756282,-1.061679938,1.247424014,0.000000000,0.000000000,true,0,0
17.030000,-1.469769661,1.218672893,1.957621546,-0.548835153,0.991000327,-0.096194144,-0.751719811,-2.858762519,1.028055864,-5.883800442,-0.593235669,1.087878782,0.000000000,0.000000000,true,0,0
17.040000,-1.475296573,1.228439878,1.956711183,-0.556644074,0.962390713,-0.085861814,-0.809817778,-2.862397567,1.038149199,-5.735782529,-0.135570254,0.931279240,0.000000000,0.000000000,true,0,0
17.050000,-1.480904454,1.237920662,1.955904621,-0.565026573,0.933767452,-0.075436331,-0.866435255,-2.861509854,1.046691267,-5.587702541,0.311316309,0.777625391,0.000000000,0.000000000,true,0,0
17.060000,-1.486598967,1.247115331,1.955202715,-0.573967842,0.905175233,-0.064933061,-0.921571622,-2.856207170,1.053711526,-5.439560479,0.747424019,0.626917232,0.000000000,0.000000000,true,0,0
17.070000,-1.492385625,1.256024415,1.954606168,-0.583453066,0.876657666,-0.054367075,-0.975226257,-2.846597303,1.059239431,-5.291356343,1.172752876,0.479154765,0.000000000,0.000000000,true,0,0
17.080000,-1.498269792,1.264648875,1.954115533,-0.593467426,0.848257285,-0.043753149,-1.027398542,-2.832788042,1.063304440,-5.143090133,1.587302879,0.334337990,0.000000000,0.000000000,true,0,0
17.090000,-1.504256687,1.272990090,1.953731217,-0.603996094,0.820015544,-0.033105764,-1.078087853,-2.814887175,1.065936010,-4.994761849,1.991074030,0.192466906,0.000000000,0.000000000,true,0,0
17.100000,-1.510351379,1.281049849,1.953453482,-0.615024238,0.791972820,-0.022439108,-1.127293572,-2.793002491,1.067163597,-4.846371490,2.384066328,0.053541514,0.000000000,0.000000000,true,0,0
17.110000,-1.516558788,1.288830341,1.953282453,-0.626537018,0.764168414,-0.011767074,-1.175015076,-2.767241778,1.067016659,-4.697919057,2.766279774,-0.082438187,0.000000000,0.000000000,true,0,0
17.120000,-1.522883685,1.296334140,1.953218113,-0.638519590,0.736640546,-0.001103259,-1.221251746,-2.737712825,1.065524652,-4.549404550,3.137714366,-0.215472196,0.000000000,0.000000000,true,0,0
17.130000,-1.529330696,1.303564197,1.953260316,-0.650957101,0.709426359,0.009539034,-1.266002960,-2.704523420,1.062717034,-4.400827969,3.498370105,-0.345560514,0.000000000,0.000000000,true,0,0
17.140000,-1.535904294,1.310523833,1.953408779,-0.663834695,0.682561919,0.020146795,-1.309268098,-2.667781352,1.058623261,-4.252189313,3.848246991,-0.472703140,0.000000000,0.000000000,true,0,0
17.150000,-1.542608807,1.317216718,1.953663094,-0.677137508,0.656082215,0.030707310,-1.351046539,-2.627594410,1.053272790,-4.103488584,4.187345025,-0.596900075,0.000000000,0.000000000,true,0,0
17.160000,-1.549448412,1.323646873,1.954022726,-0.690850668,0.630021155,0.041208160,-1.391337663,-2.584070381,1.046695079,-3.954725780,4.515664205,-0.718151318,0.000000000,0.000000000,true,0,0
17.170000,-1.556427139,1.329818647,1.954487018,-0.704959301,0.604411572,0.051637219,-1.430140848,-2.537317055,1.038919583,-3.805900902,4.833204533,-0.836456870,0.000000000,0.000000000,true,0,0
17.180000,-1.563548867,1.335736715,1.955055192,-0.719448524,0.579285219,0.061982657,-1.467455474,-2.487442220,1.029975760,-3.657013950,5.139966008,-0.951816730,0.000000000,0.000000000,true,0,0
17.190000,-1.570817328,1.341406064,1.955726354,-0.734303447,0.554672773,0.072232938,-1.503280920,-2.434553665,1.019893067,-3.508064923,5.435948629,-1.064230899,0.000000000,0.000000000,true,0,0
17.200000,-1.578236105,1.346831982,1.956499496,-0.749509176,0.530603832,0.082376820,-1.537616566,-2.378759177,1.008700961,-3.359053823,5.721152398,-1.173699376,0.000000000,0.000000000,true,0,0
17.210000,-1.585808631,1.352020048,1.957373499,-0.765050810,0.507106916,0.092403357,-1.570461790,-2.320166546,0.996428899,-3.209980648,5.995577314,-1.280222162,0.000000000,0.000000000,true,0,0
17.220000,-1.593538191,1.356976119,1.958347136,-0.780913442,0.484209469,0.102301897,-1.601815972,-2.258883560,0.983106337,-3.060845399,6.259223377,-1.383799256,0.000000000,0.000000000,true,0,0
17.230000,-1.601427921,1.361706323,1.959419076,-0.797082157,0.461937854,0.112062080,-1.631678491,-2.195018008,0.968762733,-2.911648076,6.512090587,-1.484430659,0.000000000,0.000000000,true,0,0
17.240000,-1.609480805,1.366217046,1.960587883,-0.813542037,0.440317358,0.121673846,-1.660048726,-2.128677678,0.953427543,-2.762388679,6.754178944,-1.582116370,0.000000000,0.000000000,true,0,0
17.250000,-1.617699682,1.370514922,1.961852025,-0.830278155,0.419372190,0.131127424,-1.686926058,-2.059970359,0.937130224,-2.613067207,6.985488449,-1.676856390,0.000000000,0.000000000,true,0,0
17.260000,-1.626087239,1.374606818,1.963209873,-0.847275580,0.399125481,0.140413341,-1.712309864,-1.989003839,0.919900234,-2.463683661,7.206019100,-1.768650718,0.000000000,0.000000000,true,0,0
17.270000,-1.634646015,1.378499833,1.964659703,-0.864519372,0.379599285,0.149522418,-1.736199524,-1.915885906,0.901767029,-2.314238041,7.415770899,-1.857499355,0.000000000,0.000000000,true,0,0
17.280000,-1.643378398,1.382201276,1.966199702,-0.881994588,0.360814575,0.158445770,-1.758594418,-1.840724350,0.882760066,-2.164730347,7.614743844,-1.943402301,0.000000000,0.000000000,true,0,0
17.290000,-1.652286628,1.385718663,1.967827970,-0.899686276,0.342791251,0.167174805,-1.779493924,-1.763626959,0.862908802,-2.015160579,7.802937937,-2.026359554,0.000000000,0.000000000,true,0,0
17.300000,-1.661372795,1.389059702,1.969542523,-0.917579480,0.325548130,0.175701229,-1.798897422,-1.684701521,0.842242694,-1.865528736,7.980353176,-2.106371117,0.000000000,0.000000000,true,0,0
17.310000,-1.670638840,1.392232285,1.971341293,-0.935659236,0.309102954,0.184017041,-1.816804292,-1.604055825,0.820791198,-1.715834820,8.146989563,-2.183436987,0.000000000,0.000000000,true,0,0
17.320000,-1.680086552,1.395244476,1.973222136,-0.953910575,0.293472388,0.192114534,-1.833213912,-1.521797659,0.798583773,-1.566078829,8.302847097,-2.257557167,0.000000000,0.000000000,true,0,0
17.330000,-1.689717573,1.398104500,1.975182831,-0.972318521,0.278672017,0.199986295,-1.848125661,-1.438034812,0.775649874,-1.416260764,8.447925778,-2.328731655,0.000000000,0.000000000,true,0,0
17.340000,-1.699533395,1.400820732,1.977221086,-0.990868093,0.264716348,0.207625208,-1.861538920,-1.352875073,0.752018959,-1.266380624,8.582225606,-2.396960451,0.000000000,0.000000000,true,0,0
17.350000,-1.709535357,1.403401688,1.979334536,-1.009544302,0.251618812,0.215024449,-1.873453067,-1.266426230,0.727720484,-1.116438411,8.705746581,-2.462243556,0.000000000,0.000000000,true,0,0
17.360000,-1.719724653,1.405856010,1.981520754,-1.028332155,0.239391761,0.222177490,-1.883867481,-1.178796071,0.702783907,-0.966434123,8.818488703,-2.524580969,0.000000000,0.000000000,true,0,0
17.370000,-1.730102322,1.408192462,1.983777245,-1.047216651,0.228046469,0.229078098,-1.892781542,-1.090092385,0.677238684,-0.816367761,8.920451972,-2.583972691,0.000000000,0.000000000,true,0,0
17.380000,-1.740669258,1.410419913,1.986101455,-1.066182783,0.217593133,0.235720333,-1.900194630,-1.000422961,0.651114272,-0.666239325,9.011636389,-2.640418721,0.000000000,0.000000000,true,0,0
17.390000,-1.751426200,1.412547329,1.988490771,-1.085215538,0.208040870,0.242098551,-1.906106122,-0.909895587,0.624440128,-0.516048815,9.092041952,-2.693919060,0.000000000,0.000000000,true,0,0
17.400000,-1.762373741,1.414583761,1.990942528,-1.104299898,0.199397722,0.248207402,-1.910515399,-0.818618052,0.597245710,-0.365796230,9.161668662,-2.744473707,0.000000000,0.000000000,true,0,0
17.410000,-1.773512320,1.416538337,1.993454005,-1.123420837,0.191670650,0.254041829,-1.913421840,-0.726698143,0.569560473,-0.215481572,9.220516520,-2.792082663,0.000000000,0.000000000,true,0,0
17.420000,-1.784842229,1.418420247,1.996022434,-1.142563323,0.184865541,0.259597073,-1.914824824,-0.634243651,0.541413875,-0.065104839,9.268585525,-2.836745927,0.000000000,0.000000000,true,0,0
17.430000,-1.796363608,1.420238737,1.998645000,-1.161712319,0.178987200,0.264868667,-1.914723730,-0.541362362,0.512835373,0.085333968,9.305875676,-2.878463500,0.000000000,0.000000000,true,0,0
17.440000,-1.808076447,1.422003093,2.001318847,-1.180852782,0.174039357,0.269852439,-1.913117937,-0.448162067,0.483854424,0.235834849,9.332386975,-2.917235381,0.000000000,0.000000000,true,0,0
17.450000,-1.819980585,1.423722635,2.004041077,-1.199969660,0.170024663,0.274544512,-1.910006826,-0.354750552,0.454500485,0.386397805,9.348119421,-2.953061571,0.000000000,0.000000000,true,0,0
17.460000,-1.832075712,1.425406702,2.006808753,-1.219047899,0.166944690,0.278941304,-1.905389774,-0.261235608,0.424803012,0.537022834,9.353073014,-2.985942070,0.000000000,0.000000000,true,0,0
17.470000,-1.844361364,1.427064646,2.009618908,-1.238072434,0.164799936,0.283039526,-1.899266162,-0.167725022,0.394791462,0.687709938,9.347247754,-3.015876876,0.000000000,0.000000000,true,0,0
17.480000,-1.856836931,1.428705817,2.012468539,-1.257028198,0.163589816,0.286836184,-1.891635369,-0.074326582,0.364495293,0.838459116,9.330643641,-3.042865992,0.000000000,0.000000000,true,0,0
17.490000,-1.869501649,1.430339552,2.015354617,-1.275900115,0.163312671,0.290328581,-1.882496773,0.018851922,0.333943961,0.989270369,9.303260675,-3.066909416,0.000000000,0.000000000,true,0,0
17.500000,-1.882354604,1.431975171,2.018274088,-1.294673105,0.163965762,0.293514311,-1.871849754,0.111702702,0.303166924,1.140143695,9.265098857,-3.088007148,0.000000000,0.000000000,true,0,0
17.510000,-1.895394731,1.433621956,2.021223874,-1.313332080,0.165545273,0.296391265,-1.859693692,0.204117969,0.272193637,1.291079096,9.216158185,-3.106159189,0.000000000,0.000000000,true,0,0
17.520000,-1.908620815,1.435289148,2.024200878,-1.331861947,0.168046311,0.298957628,-1.846027965,0.295989936,0.241053559,1.442076570,9.156438661,-3.121365538,0.000000000,0.000000000,true,0,0
17.530000,-1.922031489,1.436985934,2.027201986,-1.350247605,0.171462902,0.301211879,-1.830851954,0.387210813,0.209776146,1.593136119,9.085940283,-3.133626196,0.000000000,0.000000000,true,0,0
17.540000,-1.935625236,1.438721435,2.030224071,-1.368473950,0.175787997,0.303152791,-1.814165036,0.477672812,0.178390854,1.744257742,9.004663053,-3.142941162,0.000000000,0.000000000,true,0,0
17.550000,-1.949400387,1.440504695,2.033263994,-1.386525868,0.181013469,0.304779434,-1.795966592,0.567268145,0.146927141,1.895441440,8.912606969,-3.149310437,0.000000000,0.000000000,true,0,0
17.560000,-1.963355121,1.442344675,2.036318610,-1.404388241,0.187130112,0.306091171,-1.776256000,0.655889022,0.115414464,2.046687211,8.809772033,-3.152734020,0.000000000,0.000000000,true,0,0
17.570000,-1.977487469,1.444250234,2.039384767,-1.422045945,0.194127642,0.307087659,-1.755032641,0.743427656,0.083882280,2.197995057,8.696158244,-3.153211912,0.000000000,0.000000000,true,0,0
17.580000,-1.991795308,1.446230126,2.042459312,-1.439483849,0.201994698,0.307768850,-1.732295892,0.829776257,0.052360045,2.349364977,8.571765602,-3.150744112,0.000000000,0.000000000,true,0,0
17.590000,-2.006276363,1.448292985,2.045539094,-1.456686816,0.210718841,0.308134991,-1.708045134,0.914827038,0.020877217,2.500796971,8.436594107,-3.145330621,0.000000000,0.000000000,true,0,0
17.600000,-2.020928210,1.450447315,2.048620964,-1.473639703,0.220286554,0.308186624,-1.682279746,0.998472210,-0.010536748,2.652291040,8.290643759,-3.136971438,0.000000000,0.000000000,true,0,0
17.610000,-2.035748273,1.452701480,2.051701781,-1.490327360,0.230683241,0.307924584,-1.654999107,1.080603984,-0.041852393,2.803847182,8.133914558,-3.125666564,0.000000000,0.000000000,true,0,0
17.620000,-2.050733823,1.455063691,2.054778413,-1.506734632,0.241893229,0.307350002,-1.626202595,1.161114572,-0.073040261,2.955465399,7.966406505,-3.111415999,0.000000000,0.000000000,true,0,0
17.630000,-2.065881981,1.457541999,2.057847744,-1.522846357,0.253899769,0.306464303,-1.595889592,1.239896185,-0.104070894,3.107145690,7.788119598,-3.094219741,0.000000000,0.000000000,true,0,0
17.640000,-2.081189714,1.460144282,2.060906668,-1.538647367,0.266685031,0.305269206,-1.564059475,1.316841034,-0.134914837,3.258888055,7.599053838,-3.074077793,0.000000000,0.000000000,true,0,0
17.650000,-2.096653842,1.462878233,2.063952103,-1.554122488,0.280230108,0.303766726,-1.530711624,1.391841332,-0.165542631,3.410692494,7.399209226,-3.050990153,0.000000000,0.000000000,true,0,0
17.660000,-2.112271027,1.465751351,2.066980986,-1.569256538,0.294515016,0.301959172,-1.495845418,1.464789289,-0.195924821,3.562559008,7.188585760,-3.024956821,0.000000000,0.000000000,true,0,0
17.670000,-2.128037785,1.468770929,2.069990278,-1.584034333,0.309518693,0.299849147,-1.459460237,1.535577118,-0.226031948,3.714487596,6.967183442,-2.995977798,0.000000000,0.000000000,true,0,0
17.680000,-2.143950476,1.471944047,2.072976970,-1.598440678,0.325218999,0.297439548,-1.421555459,1.604097029,-0.255834558,3.866478257,6.735002271,-2.964053083,0.000000000,0.000000000,true,0,0
17.690000,-2.160005310,1.475277554,2.075938081,-1.612460375,0.341592715,0.294733569,-1.382130465,1.670241233,-0.285303191,4.018530993,6.492042247,-2.929182677,0.000000000,0.000000000,true,0,0
17.700000,-2.176198344,1.478778065,2.078870665,-1.626078218,0.358615545,0.291734696,-1.341184632,1.733901944,-0.314408392,4.170645804,6.238303370,-2.891366579,0.000000000,0.000000000,true,0,0
17.710000,-2.192525484,1.482451944,2.081771811,-1.639278996,0.376262116,0.288446711,-1.298717342,1.794971371,-0.343120704,4.322822688,5.973785640,-2.850604790,0.000000000,0.000000000,true,0,0
17.720000,-2.208982483,1.486305298,2.084638649,-1.652047491,0.394505976,0.284873690,-1.254727972,1.853341727,-0.371410669,4.475061647,5.698489057,-2.806897309,0.000000000,0.000000000,true,0,0
17.730000,-2.225564942,1.490343963,2.087468350,-1.664368480,0.413319594,0.281020003,-1.209215902,1.908905223,-0.399248831,4.627362680,5.412413621,-2.760244137,0.000000000,0.000000000,true,0,0
17.740000,-2.242268310,1.494573494,2.090258129,-1.676226731,0.432674365,0.276890317,-1.162180511,1.961554070,-0.426605733,4.779725787,5.115559332,-2.710645274,0.000000000,0.000000000,true,0,0
17.750000,-2.259087883,1.498999155,2.093005252,-1.687607010,0.452540601,0.272489591,-1.113621179,2.011180480,-0.453451917,4.932150968,4.807926191,-2.658100718,0.000000000,0.000000000,true,0,0
17.760000,-2.276018806,1.503625909,2.095707035,-1.698494073,0.472887540,0.267823079,-1.063537285,2.057676664,-0.479757928,5.084638224,4.489514196,-2.602610472,0.000000000,0.000000000,true,0,0
17.770000,-2.293056070,1.508458402,2.098360847,-1.708872672,0.493683341,0.262896331,-1.011928208,2.100934835,-0.505494308,5.237187553,4.160323348,-2.544174534,0.000000000,0.000000000,true,0,0
17.780000,-2.310194514,1.513500962,2.100964114,-1.718727551,0.514895084,0.257715190,-0.958793327,2.140847202,-0.530631600,5.389798957,3.820353648,-2.482792904,0.000000000,0.000000000,true,0,0
17.790000,-2.327428824,1.518757577,2.103514323,-1.728043450,0.536488773,0.252285794,-0.904132022,2.177305978,-0.555140347,5.542472435,3.469605095,-2.418465583,0.000000000,0.000000000,true,0,0
17.800000,-2.344753535,1.524231894,2.106009023,-1.736805101,0.558429332,0.246614577,-0.847943671,2.210203374,-0.578991093,5.695207987,3.108077688,-2.351192570,0.000000000,0.000000000,true,0,0
17.810000,-2.362163028,1.529927200,2.108445831,-1.744997231,0.580680610,0.240708264,-0.790227655,2.239431602,-0.602154379,5.848005614,2.735771429,-2.280973866,0.000000000,0.000000000,true,0,0
17.820000,-2.379651530,1.535846418,2.110822428,-1.752604560,0.603205375,0.234573879,-0.730983352,2.264882873,-0.624600751,6.000865314,2.352686317,-2.207809470,0.000000000,0.000000000,true,0,0
17.830000,-2.397213119,1.541992091,2.113136572,-1.759611802,0.625965318,0.228218737,-0.670210142,2.286449399,-0.646300750,6.153787089,1.958822352,-2.131699383,0.000000000,0.000000000,true,0,0
17.840000,-2.414841715,1.548366377,2.115386093,-1.766003665,0.648921054,0.221650450,-0.607907403,2.304023391,-0.667224920,6.306770938,1.554179534,-2.052643604,0.000000000,0.000000000,true,0,0
17.850000,-2.432531090,1.554971030,2.117568897,-1.771764850,0.672032118,0.214876923,-0.544074516,2.317497060,-0.687343803,6.459816861,1.138757863,-1.970642134,0.000000000,0.000000000,true,0,0
17.860000,-2.450274859,1.561807399,2.119682974,-1.776880052,0.695256968,0.207906356,-0.478710859,2.326762619,-0.706627943,6.612924859,0.712557340,-1.885694973,0.000000000,0.000000000,true,0,0
17.870000,-2.468066487,1.568876407,2.121726396,-1.781333962,0.718552984,0.200747245,-0.411815812,2.331712278,-0.725047884,6.766094930,0.275577963,-1.797802119,0.000000000,0.000000000,true,0,0
17.880000,-2.485899283,1.576178550,2.123697320,-1.785111262,0.741876468,0.193408377,-0.343388754,2.332238248,-0.742574167,6.919327076,-0.172180267,-1.706963575,0.000000000,0.000000000,true,0,0
17.890000,-2.503766405,1.583713879,2.125593994,-1.788196628,0.765182644,0.185898838,-0.273429064,2.328232743,-0.759177336,7.072621296,-0.630717349,-1.613179339,0.000000000,0.000000000,true,0,0
17.900000,-2.521660858,1.591481992,2.127414759,-1.790574732,0.788425659,0.178228006,-0.201936121,2.319587972,-0.774827935,7.225977590,-1.100033285,-1.516449411,0.000000000,0.000000000,true,0,0
17.910000,-2.539575491,1.599482025,2.129158049,-1.792230238,0.811558580,0.170405553,-0.128909305,2.306196147,-0.789496505,7.379395959,-1.580128073,-1.416773792,0.000000000,0.000000000,true,0,0
17.920000,-2.557503003,1.607712637,2.130822398,-1.793147803,0.834533399,0.162441447,-0.054347995,2.287949481,-0.803153591,7.532876401,-2.071001714,-1.314152481,0.000000000,0.000000000,true,0,0
17.930000,-2.575435936,1.616172003,2.132406440,-1.793312081,0.857301028,0.154345951,0.021748430,2.264740184,-0.815769736,7.686418918,-2.572654209,-1.208585479,0.000000000,0.000000000,true,0,0
17.940000,-2.593366682,1.624857800,2.133908914,-1.792707716,0.879811301,0.146129621,0.099380590,2.236460467,-0.827315482,7.840023509,-3.085085556,-1.100072785,0.000000000,0.000000000,true,0,0
17.950000,-2.611287477,1.633767200,2.135328666,-1.791319348,0.902012976,0.137803308,0.178549107,2.203002543,-0.837761373,7.993690174,-3.608295756,-0.988614400,0.000000000,0.000000000,true,0,0
17.960000,-2.629190405,1.642896857,2.136664651,-1.789131610,0.923853732,0.129378158,0.259254601,2.164258623,-0.847077951,8.147418913,-4.142284809,-0.874210324,0.000000000,0.000000000,true,0,0
17.970000,-2.647067394,1.652242894,2.137915938,-1.786129130,0.945280170,0.120865611,0.341497692,2.120120917,-0.855235760,8.301209727,-4.687052715,-0.756860555,0.000000000,0.000000000,true,0,0
17.980000,-2.664910220,1.661800897,2.139081711,-1.782296529,0.966237812,0.112277403,0.425279002,2.070481639,-0.862205343,8.455062615,-5.242599473,-0.636565096,0.000000000,0.000000000,true,0,0
17.990000,-2.682710506,1.671565902,2.140161274,-1.777618421,0.986671105,0.103625563,0.510599152,2.015232998,-0.867957243,8.608977576,-5.808925085,-0.513323945,0.000000000,0.000000000,true,0,0
18.000000,-2.700459719,1.681532383,2.141154051,-1.772079415,1.006523415,0.094922416,0.597458761,1.954267208,-0.872462003,8.762954613,-6.386029550,-0.387137102,0.000000000,0.000000000,true,0,0
18.010000,-2.718149173,1.691694242,2.142059593,-1.765664149,1.025737161,0.086180551,0.685843703,1.887527954,-0.875701009,8.912569472,-6.958469957,-0.261257525,0.000000000,0.000000000,true,0,0
18.020000,-2.735770031,1.702044807,2.142877575,-1.758357700,1.044255228,0.077412532,0.775680862,1.815164832,-0.877699021,9.053397903,-7.510803397,-0.138938169,0.000000000,0.000000000,true,0,0
18.030000,-2.753313310,1.712576843,2.143607797,-1.750145984,1.062022382,0.068630589,0.866882373,1.737378910,-0.878491640,9.185439906,-8.043029870,-0.020179036,0.000000000,0.000000000,true,0,0
18.040000,-2.770769889,1.723282574,2.144250180,-1.741015797,1.078985400,0.059846598,0.959360372,1.654371258,-0.878114469,9.308695480,-8.555149376,0.095019875,0.000000000,0.000000000,true,0,0
18.050000,-2.788130523,1.734153700,2.144804761,-1.730954814,1.095093071,0.051072080,1.053026995,1.566342945,-0.876603110,9.423164627,-9.047161915,0.206658564,0.000000000,0.000000000,true,0,0
18.060000,-2.805385845,1.745181420,2.145271690,-1.719951588,1.110296194,0.042318198,1.147794377,1.473495042,-0.873993165,9.528847346,-9.519067486,0.314737031,0.000000000,0.000000000,true,0,0
18.070000,-2.822526379,1.756356451,2.145651229,-1.707995551,1.124547577,0.033595760,1.243574653,1.376028619,-0.870320237,9.625743636,-9.970866090,0.419255275,0.000000000,0.000000000,true,0,0
18.080000,-2.839542547,1.767669048,2.145943745,-1.695077012,1.137802041,0.024915218,1.340279961,1.274144744,-0.865619927,9.713853498,-10.402557727,0.520213298,0.000000000,0.000000000,true,0,0
18.090000,-2.856424681,1.779109025,2.146149707,-1.681187161,1.150016417,0.016286668,1.437822435,1.168044487,-0.859927838,9.793176933,-10.814142397,0.617611099,0.000000000,0.000000000,true,0,0
18.100000,-2.873163026,1.790665772,2.146269684,-1.666318065,1.161149547,0.007719849,1.536114212,1.057928919,-0.853279573,9.863713939,-11.205620099,0.711448677,0.000000000,0.000000000,true,0,0
18.110000,-2.889747755,1.802328281,2.146304341,-1.650462672,1.171162281,-0.000775855,1.635067426,0.943999109,-0.845710732,9.925464517,-11.576990835,0.801726033,0.000000000,0.000000000,true,0,0
18.120000,-2.906168971,1.814085159,2.146254434,-1.633614805,1.180017485,-0.009191416,1.734594214,0.826456126,-0.837256919,9.978428667,-11.928254603,0.888443168,0.000000000,0.000000000,true,0,0
18.130000,-2.922416725,1.825924655,2.146120809,-1.615769168,1.187680030,-0.017518162,1.834606711,0.705501040,-0.827953736,10.022606388,-12.259411403,0.971600080,0.000000000,0.000000000,true,0,0
18.140000,-2.938481014,1.837834674,2.145904395,-1.596921345,1.194116802,-0.025747778,1.935017054,0.581334921,-0.817836785,10.057997682,-12.570461237,1.051196770,0.000000000,0.000000000,true,0,0
18.150000,-2.954351799,1.849802801,2.145606204,-1.577067794,1.199296695,-0.033872304,2.035737377,0.454158838,-0.806941668,10.084602548,-12.861404103,1.127233238,0.000000000,0.000000000,true,0,0
18.160000,-2.970019008,1.861816321,2.145227325,-1.556205857,1.203190616,-0.041884136,2.136679817,0.324173862,-0.795303988,10.102420985,-13.132240002,1.199709484,0.000000000,0.000000000,true,0,0
18.170000,-2.985472549,1.873862236,2.144768921,-1.534333750,1.205771480,-0.049776027,2.237756508,0.191581061,-0.782959346,10.111452994,-13.382968934,1.268625507,0.000000000,0.000000000,true,0,0
18.180000,-3.000702313,1.885927290,2.144232227,-1.511450572,1.207014215,-0.057541086,2.338879588,0.056581507,-0.769943345,10.111698575,-13.613590899,1.333981309,0.000000000,0.000000000,true,0,0
18.190000,-3.015698190,1.897997983,2.143618544,-1.487556297,1.206895758,-0.065172775,2.439961192,-0.080623733,-0.756291587,10.103157728,-13.824105896,1.395776889,0.000000000,0.000000000,true,0,0
18.200000,-3.030450071,1.910060597,2.142929237,-1.462651779,1.205395058,-0.072664917,2.540913455,-0.219833588,-0.742039675,10.085830453,-14.014513927,1.454012246,0.000000000,0.000000000,true,0,0
18.210000,-3.044947864,1.922101213,2.142165730,-1.436738752,1.202493074,-0.080011687,2.641648513,-0.360846989,-0.727223210,10.059716750,-14.184814990,1.508687381,0.000000000,0.000000000,true,0,0
18.220000,-3.059181493,1.934105731,2.141329506,-1.409819826,1.198172777,-0.087207618,2.742078502,-0.503462865,-0.711877794,10.024816619,-14.335009085,1.559802295,0.000000000,0.000000000,true,0,0
18.230000,-3.073140919,1.946059891,2.140422098,-1.381898491,1.192419146,-0.094247598,2.842115557,-0.647480147,-0.696039031,9.981130059,-14.465096214,1.607356986,0.000000000,0.000000000,true,0,0
18.240000,-3.086816136,1.957949292,2.139445089,-1.352979117,1.185219173,-0.101126873,2.941671815,-0.792697766,-0.679742522,9.928657072,-14.575076375,1.651351455,0.000000000,0.000000000,true,0,0
18.250000,-3.100197192,1.969759416,2.138400111,-1.323066951,1.176561859,-0.107841042,3.040659410,-0.938914651,-0.663023870,9.867397656,-14.664949569,1.691785702,0.000000000,0.000000000,true,0,0
18.260000,-3.113274186,1.981475642,2.137288832,-1.292168118,1.166438219,-0.114386062,3.138990480,-1.085929734,-0.645918676,9.797351812,-14.734715796,1.728659727,0.000000000,0.000000000,true,0,0
18.270000,-3.126037288,1.993083269,2.136112965,-1.260289622,1.154841274,-0.120758245,3.236577159,-1.233541944,-0.628462542,9.718519541,-14.784375056,1.761973529,0.000000000,0.000000000,true,0,0
18.280000,-3.138476739,2.004567539,2.134874255,-1.227439349,1.141766060,-0.126954261,3.333331583,-1.381550212,-0.610691072,9.630900841,-14.813927348,1.791727110,0.000000000,0.000000000,true,0,0
18.290000,-3.150582865,2.015913653,2.133574477,-1.193626058,1.127209620,-0.132971134,3.429165887,-1.529753468,-0.592639868,9.534495712,-14.823372673,1.817920469,0.000000000,0.000000000,true,0,0
18.300000,-3.162346083,2.027106791,2.132215438,-1.158859391,1.111171011,-0.138806245,3.523992209,-1.677950642,-0.574344530,9.429304156,-14.812711031,1.840553605,0.000000000,0.000000000,true,0,0
18.310000,-3.173756910,2.038132136,2.130798966,-1.123149866,1.093651298,-0.144457330,3.617722682,-1.825940665,-0.555840663,9.315326172,-14.781942422,1.859626519,0.000000000,0.000000000,true,0,0
18.320000,-3.184805975,2.048974890,2.129326911,-1.086508883,1.074653558,-0.149922482,3.710269444,-1.973522467,-0.537163867,9.192561759,-14.731066846,1.875139212,0.000000000,0.000000000,true,0,0
18.330000,-3.195484024,2.059620297,2.127801141,-1.048948716,1.054182879,-0.155200149,3.801544629,-2.120494979,-0.518349746,9.061010919,-14.660084302,1.887091682,0.000000000,0.000000000,true,0,0
18.340000,-3.205781929,2.070053661,2.126223537,-1.010482522,1.032246360,-0.160289137,3.891460374,-2.266657130,-0.499433901,8.920673650,-14.568994791,1.895483930,0.000000000,0.000000000,true,0,0
18.350000,-3.215690701,2.080260368,2.124595990,-0.971124333,1.008853108,-0.165188607,3.979928814,-2.411807851,-0.480451935,8.771549953,-14.457798313,1.900315956,0.000000000,0.000000000,true,0,0
18.360000,-3.225201492,2.090225904,2.122920399,-0.930889063,0.984014244,-0.169898074,4.066862085,-2.555746073,-0.461439449,8.613639828,-14.326494868,1.901587760,0.000000000,0.000000000,true,0,0
18.370000,-3.234305611,2.099935878,2.121198663,-0.889792501,0.957742899,-0.174417413,4.152172323,-2.698270726,-0.442432047,8.446943275,-14.175084455,1.899299342,0.000000000,0.000000000,true,0,0
18.380000,-3.242994527,2.109376038,2.119432683,-0.847851319,0.930054212,-0.178746851,4.235771663,-2.839180739,-0.423465330,8.271460294,-14.003567075,1.893450701,0.000000000,0.000000000,true,0,0
18.390000,-3.251259880,2.118532294,2.117624357,-0.805083064,0.900965336,-0.182886974,4.317572241,-2.978275044,-0.404574900,8.087190885,-13.811942728,1.884041839,0.000000000,0.000000000,true,0,0
18.400000,-3.259093492,2.127390741,2.115775572,-0.761506163,0.870495434,-0.186838722,4.397486192,-3.115352570,-0.385796361,7.894135047,-13.600211414,1.871072754,0.000000000,0.000000000,true,0,0
18.410000,-3.266487372,2.135937670,2.113888206,-0.717139922,0.838665678,-0.190603393,4.475425653,-3.250212249,-0.367165313,7.692292782,-13.368373132,1.854543448,0.000000000,0.000000000,true,0,0
18.420000,-3.273433727,2.144159598,2.111964122,-0.672004525,0.805499252,-0.194182639,4.551302760,-3.382653010,-0.348717359,7.481664088,-13.116427884,1.834453919,0.000000000,0.000000000,true,0,0
18.430000,-3.279924969,2.152043283,2.110005165,-0.626121034,0.771021351,-0.197578469,4.625029647,-3.512473783,-0.330488102,7.262248966,-12.844375668,1.810804168,0.000000000,0.000000000,true,0,0
18.440000,-3.285953727,2.159575744,2.108013156,-0.579511392,0.735259180,-0.200793248,4.696518451,-3.639473500,-0.312513143,7.034047417,-12.552216484,1.783594195,0.000000000,0.000000000,true,0,0
18.450000,-3.291512852,2.166744283,2.105989894,-0.532198418,0.698241954,-0.203829698,4.765681307,-3.763451090,-0.294828085,6.797059439,-12.239950334,1.752824000,0.000000000,0.000000000,true,0,0
18.460000,-3.296595430,2.173536504,2.103937146,-0.484205812,0.660000902,-0.206690895,4.832430352,-3.884205483,-0.277468531,6.551285033,-11.907577216,1.718493583,0.000000000,0.000000000,true,0,0
18.470000,-3.301194785,2.179940332,2.101856649,-0.435558150,0.620569259,-0.209380272,4.896677720,-4.001535611,-0.260470081,6.296724198,-11.555097132,1.680602944,0.000000000,0.000000000,true,0,0
18.480000,-3.305304494,2.185944038,2.099750101,-0.386280889,0.579982274,-0.211901619,4.958335548,-4.115240403,-0.243868339,6.033376936,-11.182510079,1.639152082,0.000000000,0.000000000,true,0,0
18.490000,-3.308918392,2.191536251,2.097619163,-0.336400364,0.538277206,-0.214259080,5.017315971,-4.225118789,-0.227698907,5.761243246,-10.789816060,1.594140999,0.000000000,0.000000000,true,0,0
18.500000,-3.312030581,2.196705985,2.095465451,-0.285943787,0.495493323,-0.216457157,5.073531124,-4.330969701,-0.211997387,5.480323127,-10.377015074,1.545569694,0.000000000,0.000000000,true,0,0
18.510000,-3.314635441,2.201442658,2.093290535,-0.234939252,0.451671907,-0.218500706,5.126893145,-4.432592068,-0.196799380,5.190616580,-9.944107120,1.493438166,0.000000000,0.000000000,true,0,0
18.520000,-3.316727636,2.205736109,2.091095935,-0.183415728,0.406856247,-0.220394941,5.177314168,-4.529784820,-0.182140491,4.892123605,-9.491092199,1.437746416,0.000000000,0.000000000,true,0,0
18.530000,-3.318302125,2.209576620,2.088883115,-0.131403065,0.361091646,-0.222145432,5.224706329,-4.622346888,-0.168056319,4.584844203,-9.017970311,1.378494444,0.000000000,0.000000000,true,0,0
18.540000,-3.319354169,2.212954936,2.086653485,-0.078931990,0.314425415,-0.223758102,5.268981764,-4.710077203,-0.154582469,4.268778371,-8.524741455,1.315682250,0.000000000,0.000000000,true,0,0
18.550000,-3.319879342,2.215862287,2.084408392,-0.026034111,0.266906878,-0.225239234,5.310052608,-4.792774694,-0.141754542,3.943926112,-8.011405633,1.249309834,0.000000000,0.000000000,true,0,0
18.560000,-3.319873537,2.218290404,2.082149117,0.027258087,0.218587368,-0.226595465,5.347830998,-4.870238292,-0.129608140,3.610287425,-7.477962843,1.179377196,0.000000000,0.000000000,true,0,0
18.570000,-3.319332977,2.220231542,2.079876875,0.080911241,0.169520229,-0.227833787,5.382229069,-4.942266928,-0.118178865,3.267862310,-6.924413086,1.105884336,0.000000000,0.000000000,true,0,0
18.580000,-3.318254223,2.221678501,2.077592810,0.134891108,0.119760816,-0.228961551,5.413158956,-5.008659531,-0.107502321,2.916650766,-6.350756361,1.028831254,0.000000000,0.000000000,true,0,0
18.590000,-3.316634183,2.222624642,2.075297987,0.189162567,0.069366495,-0.229986462,5.440532796,-5.069215032,-0.097614108,2.556652795,-5.756992670,0.948217949,0.000000000,0.000000000,true,0,0
18.600000,-3.314470119,2.223063912,2.072993397,0.243689617,0.018396643,-0.230916580,5.464262724,-5.123732361,-0.088549829,2.187868395,-5.143122011,0.864044423,0.000000000,0.000000000,true,0,0
18.610000,-3.311759661,2.222990861,2.070679944,0.298435382,-0.033087355,-0.231760323,5.484260876,-5.172010449,-0.080345087,1.810297567,-4.509144385,0.776310674,0.000000000,0.000000000,true,0,0
18.620000,-3.308500808,2.222400662,2.068358449,0.353362103,-0.085022099,-0.232526465,5.500439387,-5.213848226,-0.073035483,1.423940311,-3.855059792,0.685016704,0.000000000,0.000000000,true,0,0
18.630000,-3.304691945,2.221289134,2.066029643,0.408431145,-0.137342181,-0.233224135,5.512710394,-5.249044621,-0.066656620,1.028796627,-3.180868231,0.590162511,0.000000000,0.000000000,true,0,0
18.640000,-3.300331843,2.219652758,2.063694163,0.463602993,-0.189980183,-0.233862819,5.520986032,-5.277398567,-0.061244100,0.624866515,-2.486569704,0.491748096,0.000000000,0.000000000,true,0,0
18.650000,-3.295419677,2.217488702,2.061352550,0.518837254,-0.242866674,-0.234452357,5.525178436,-5.298708992,-0.056833525,0.212149974,-1.772164209,0.389773459,0.000000000,0.000000000,true,0,0
18.660000,-3.289955027,2.214794835,2.059005246,0.574092658,-0.295930214,-0.235002948,5.525199743,-5.312774828,-0.053460498,-0.209352994,-1.037651747,0.284238600,0.000000000,0.000000000,true,0,0
18.670000,-3.283937893,2.211569752,2.056652586,0.629327053,-0.349097352,-0.235525144,5.520962088,-5.319395004,-0.051160621,-0.639642391,-0.283032317,0.175143518,0.000000000,0.000000000,true,0,0
18.680000,-3.277368699,2.207812794,2.054294801,0.684497410,-0.402292625,-0.236029856,5.512377607,-5.318368451,-0.049969495,-1.078718215,0.491694079,0.062488215,0.000000000,0.000000000,true,0,0
18.690000,-3.270248305,2.203524064,2.051932010,0.739559823,-0.455438562,-0.236528349,5.499358436,-5.309494099,-0.049922724,-1.526580468,1.286527443,-0.053727310,0.000000000,0.000000000,true,0,0
18.700000,-3.262578012,2.198704452,2.049564216,0.794469504,-0.508455678,-0.237032244,5.481816710,-5.292570879,-0.051055909,-1.983229149,2.101467774,-0.173503058,0.000000000,0.000000000,true,0,0
18.710000,-3.254359576,2.193355651,2.047191307,0.849180789,-0.561262479,-0.237553519,5.459664565,-5.267397720,-0.053404653,-2.448664258,2.936515072,-0.296839027,0.000000000,0.000000000,true,0,0
18.720000,-3.245595213,2.187480181,2.044813047,0.903647134,-0.613775462,-0.238104507,5.432814136,-5.233773554,-0.057004557,-2.922885795,3.791669338,-0.423735219,0.000000000,0.000000000,true,0,0
18.730000,-3.236287608,2.181081406,2.042429075,0.957821118,-0.665909110,-0.238697899,5.401177561,-5.191497311,-0.061891224,-3.405893760,4.666930570,-0.554191633,0.000000000,0.000000000,true,0,0
18.740000,-3.226439926,2.174163555,2.040038904,1.011654439,-0.717575898,-0.239346740,5.364666973,-5.140367920,-0.068100257,-3.897688154,5.562298770,-0.688208269,0.000000000,0.000000000,true,0,0
18.750000,-3.216055818,2.166731742,2.037641911,1.065097917,-0.768686288,-0.240064431,5.323194510,-5.080184312,-0.075667257,-4.398268975,6.477773937,-0.825785127,0.000000000,0.000000000,true,0,0
18.760000,-3.205139434,2.158791989,2.035237340,1.118101496,-0.819148733,-0.240864730,5.276672306,-5.010745418,-0.084627827,-4.907636225,7.413356072,-0.966922207,0.000000000,0.000000000,true,0,0
18.770000,-3.193695424,2.150351239,2.032824294,1.170614238,-0.868869675,-0.241761751,5.225012497,-4.931850167,-0.095017569,-5.425789903,8.369045173,-1.111619509,0.000000000,0.000000000,true,0,0
18.780000,-3.181728958,2.141417385,2.030401734,1.222584328,-0.917753545,-0.242769964,5.168127219,-4.843297491,-0.106872085,-5.952730008,9.344841242,-1.259877033,0.000000000,0.000000000,true,0,0
18.790000,-3.169245722,2.131999284,2.027968475,1.273959072,-0.965702763,-0.243904194,5.105928609,-4.744886319,-0.120226977,-6.488456542,10.340744278,-1.411694780,0.000000000,0.000000000,true,0,0
18.800000,-3.156251939,2.122106777,2.025523180,1.324684896,-1.012617739,-0.245179624,5.038328800,-4.636415582,-0.135117848,-7.032969504,11.356754281,-1.567072748,0.000000000,0.000000000,true,0,0
18.810000,-3.142754369,2.111750715,2.023064360,1.374707351,-1.058396873,-0.246611790,4.965239930,-4.517684210,-0.151580299,-7.586268895,12.392871252,-1.726010939,0.000000000,0.000000000,true,0,0
18.820000,-3.128760321,2.100942971,2.020590369,1.423971105,-1.102936551,-0.248216587,4.886574134,-4.388491134,-0.169649934,-8.148354713,13.449095190,-1.888509352,0.000000000,0.000000000,true,0,0
18.830000,-3.114277663,2.089696467,2.018099399,1.472419951,-1.146131153,-0.250010264,4.802243548,-4.248635283,-0.189362354,-8.719226959,14.525426094,-2.054567986,0.000000000,0.000000000,true,0,0
18.840000,-3.099314829,2.078025190,2.015589478,1.519996800,-1.187873044,-0.252009429,4.712160307,-4.097915589,-0.210753161,-9.298885634,15.621863967,-2.224186843,0.000000000,0.000000000,true,0,0
18.850000,-3.083880827,2.065944214,2.013058469,1.566643688,-1.228052581,-0.254231041,4.616236547,-3.936130981,-0.233857958,-9.887330737,16.738408806,-2.397365922,0.000000000,0.000000000,true,0,0
18.860000,-3.067985251,2.053469718,2.010504058,1.612301770,-1.266558110,-0.256692420,4.514384404,-3.763080389,-0.258712347,-10.484562267,17.875060613,-2.574105223,0.000000000,0.000000000,true,0,0
18.870000,-3.051638286,2.040619010,2.007923762,1.656911322,-1.303275966,-0.259411239,4.406516014,-3.578562745,-0.285351930,-11.090580226,19.031819386,-2.754404747,0.000000000,0.000000000,true,0,0
18.880000,-3.034850721,2.027410543,2.005314915,1.700411743,-1.338090472,-0.262405528,4.292543512,-3.382376979,-0.313812309,-11.705384613,20.208685127,-2.938264492,0.000000000,0.000000000,true,0,0
18.890000,-3.017633953,2.013863937,2.002674672,1.742741553,-1.370883941,-0.265693673,4.172379034,-3.174322019,-0.344129087,-12.328975428,21.405657836,-3.125684459,0.000000000,0.000000000,true,0,0
18.900000,-3.000000000,2.000000000,2.000000000,1.783838391,-1.401536678,-0.269294416,4.045934715,-2.954196799,-0.376337866,-12.961352672,22.622737511,-3.316664649,0.000000000,0.000000000,true,0,0
18.910000,-2.981961505,1.985840743,1.997287679,1.823639436,-1.429927944,-0.273226659,3.913288746,-2.722188488,-0.410395699,-13.552700267,23.743451693,-3.487640652,0.000000000,0.000000000,true,0,0
18.920000,-2.963531727,1.971409352,1.994534305,1.862085969,-1.455946638,-0.277507303,3.775183529,-2.480037225,-0.445945450,-14.053202138,24.651327918,-3.615048059,0.000000000,0.000000000,true,0,0
18.930000,-2.944724469,1.956730024,1.991736328,1.899127938,-1.479501973,-0.282149089,3.632527522,-2.229871389,-0.482551432,-14.462858286,25.346366189,-3.698886871,0.000000000,0.000000000,true,0,0
18.940000,-2.925553988,1.941827758,1.988890091,1.934724378,-1.500524445,-0.287160400,3.486229182,-1.973819361,-0.519777959,-14.781668710,25.828566503,-3.739157088,0.000000000,0.000000000,true,0,0
18.950000,-2.906034907,1.926728141,1.985991874,1.968843408,-1.518965834,-0.292545264,3.337196967,-1.714009519,-0.557189345,-15.009633410,26.097928862,-3.735858709,0.000000000,0.000000000,true,0,0
18.960000,-2.886182122,1.911457137,1.983037941,2.001462233,-1.534799204,-0.298303351,3.186339333,-1.452570243,-0.594349904,-15.146752386,26.154453266,-3.688991735,0.000000000,0.000000000,true,0,0
18.970000,-2.866010710,1.896040872,1.980024579,2.032567139,-1.548018902,-0.304429974,3.034564738,-1.191629913,-0.630823951,-15.193025639,25.998139714,-3.598556166,0.000000000,0.000000000,true,0,0
18.980000,-2.845535842,1.880505421,1.976948143,2.062153499,-1.558640560,-0.310916089,2.882781639,-0.933316909,-0.666175799,-15.148453167,25.628988206,-3.464552001,0.000000000,0.000000000,true,0,0
18.990000,-2.824772688,1.864876600,1.973805103,2.090225771,-1.566701092,-0.317748297,2.731898494,-0.679759609,-0.699969762,-15.013034972,25.046998743,-3.286979240,0.000000000,0.000000000,true,0,0
19.000000,-2.803736329,1.849179745,1.970592082,2.116797497,-1.572258699,-0.324908839,2.582823759,-0.433086394,-0.731770155,-14.786771053,24.252171324,-3.065837885,0.000000000,0.000000000,true,0,0
19.010000,-2.782441666,1.833439508,1.967305904,2.141890916,-1.575391926,-0.332375801,2.436311172,-0.195051089,-0.761220582,-14.516077458,23.356872040,-2.824915141,0.000000000,0.000000000,true,0,0
19.020000,-2.760903349,1.817679692,1.963943624,2.165532710,-1.576189366,-0.340125287,2.292495589,0.034090694,-0.788281811,-14.247370234,22.473466980,-2.587998217,0.000000000,0.000000000,true,0,0
19.030000,-2.739135761,1.801923212,1.960502536,2.187749751,-1.574739360,-0.348133606,2.151357146,0.254457898,-0.812993899,-13.980649382,21.601956144,-2.355087113,0.000000000,0.000000000,true,0,0
19.040000,-2.717153015,1.786192106,1.956980167,2.208568711,-1.571129060,-0.356377468,2.012875980,0.466169465,-0.835396906,-13.715914901,20.742339533,-2.126181828,0.000000000,0.000000000,true,0,0
19.050000,-2.694968959,1.770507545,1.953374278,2.228016062,-1.565444427,-0.364833981,1.877032227,0.669344336,-0.855530888,-13.453166792,19.894617147,-1.901282363,0.000000000,0.000000000,true,0,0
19.060000,-2.672597178,1.754889849,1.949682854,2.246118081,-1.557770232,-0.373480656,1.743806023,0.864101455,-0.873435906,-13.192405055,19.058788985,-1.680388717,0.000000000,0.000000000,true,0,0
19.070000,-2.650050995,1.739358494,1.945904104,2.262900842,-1.548190060,-0.382295403,1.613177504,1.050559763,-0.889152016,-12.933629690,18.234855047,-1.463500891,0.000000000,0.000000000,true,0,0
19.080000,-2.627343472,1.723932126,1.942036458,2.278390223,-1.536786303,-0.391256533,1.485126808,1.228838203,-0.902719276,-12.676840696,17.422815334,-1.250618884,0.000000000,0.000000000,true,0,0
19.090000,-2.604487416,1.708628576,1.938078557,2.292611904,-1.523640166,-0.400342759,1.359634069,1.399055717,-0.914177746,-12.422038073,16.622669846,-1.041742697,0.000000000,0.000000000,true,0,0
19.100000,-2.581495375,1.693464864,1.934029255,2.305591365,-1.508831662,-0.409533193,1.236679425,1.561331248,-0.923567483,-12.169221822,15.834418582,-0.836872330,0.000000000,0.000000000,true,0,0
19.110000,-2.558379645,1.678457221,1.929887614,2.317353887,-1.492439618,-0.418807347,1.116243011,1.715783736,-0.930928545,-11.918391943,15.058061542,-0.636007782,0.000000000,0.000000000,true,0,0
19.120000,-2.535152270,1.663621091,1.925652896,2.327924553,-1.474541668,-0.428145135,0.998304965,1.862532126,-0.936300991,-11.669548435,14.293598727,-0.439149054,0.000000000,0.000000000,true,0,0
19.130000,-2.511825044,1.648971152,1.921324565,2.337328248,-1.455214259,-0.437526871,0.882845421,2.001695358,-0.939724879,-11.422691299,13.541030136,-0.246296145,0.000000000,0.000000000,true,0,0
19.140000,-2.488409513,1.634521320,1.916902277,2.345589657,-1.434532648,-0.446933271,0.769844518,2.133392376,-0.941240267,-11.177820535,12.800355770,-0.057449056,0.000000000,0.000000000,true,0,0
19.150000,-2.464916977,1.620284766,1.912385880,2.352733268,-1.412570902,-0.456345448,0.659282390,2.257742121,-0.940887213,-10.934936142,12.071575629,0.127392214,0.000000000,0.000000000,true,0,0
19.160000,-2.441358492,1.606273926,1.907775410,2.358783368,-1.389401900,-0.465744920,0.551139174,2.374863536,-0.938705775,-10.694038121,11.354689711,0.308227664,0.000000000,0.000000000,true,0,0
19.170000,-2.417744874,1.592500513,1.903071084,2.363764048,-1.365097330,-0.475113603,0.445395006,2.484875563,-0.934736012,-10.455126471,10.649698019,0.485057294,0.000000000,0.000000000,true,0,0
19.180000,-2.394086696,1.578975530,1.898273300,2.367699199,-1.339727690,-0.484433813,0.342030023,2.587897144,-0.929017982,-10.218201193,9.956600550,0.657881105,0.000000000,0.000000000,true,0,0
19.190000,-2.370394296,1.565709278,1.893382627,2.370612513,-1.313362292,-0.493688268,0.241024361,2.684047221,-0.921591743,-9.983262287,9.275397307,0.826699096,0.000000000,0.000000000,true,0,0
19.200000,-2.346677774,1.552711376,1.888399810,2.372527484,-1.286069254,-0.502860087,0.142358156,2.773444737,-0.912497353,-9.750309752,8.606088287,0.991511268,0.000000000,0.000000000,true,0,0
19.210000,-2.322946997,1.539990762,1.883325756,2.373467408,-1.257915509,-0.511932789,0.046011544,2.856208634,-0.901774870,-9.519343588,7.948673492,1.152317620,0.000000000,0.000000000,true,0,0
19.220000,-2.299211599,1.527555715,1.878161538,2.373455381,-1.228966797,-0.520890291,-0.048035337,2.932457855,-0.889464353,-9.290363797,7.303152922,1.309118153,0.000000000,0.000000000,true,0,0
19.230000,-2.275480986,1.515413861,1.872908386,2.372514301,-1.199287671,-0.529716916,-0.139802353,3.002311340,-0.875605860,-9.063370377,6.669526576,1.461912866,0.000000000,0.000000000,true,0,0
19.240000,-2.251764334,1.503572185,1.867567687,2.370666867,-1.168941493,-0.538397382,-0.229309366,3.065888034,-0.860239449,-8.838363328,6.047794455,1.610701759,0.000000000,0.000000000,true,0,0
19.250000,-2.228070595,1.492037047,1.862140976,2.367935580,-1.137990437,-0.546916812,-0.316576240,3.123306877,-0.843405178,-8.615342651,5.437956558,1.755484833,0.000000000,0.000000000,true,0,0
19.260000,-2.204408494,1.480814189,1.856629936,2.364342743,-1.106495485,-0.555260726,-0.401622840,3.174686812,-0.825143105,-8.394308346,4.840012885,1.896262088,0.000000000,0.000000000,true,0,0
19.270000,-2.180786538,1.469908751,1.851036393,2.359910458,-1.074516434,-0.563415048,-0.484469029,3.220146782,-0.805493289,-8.175260413,4.253963437,2.033033522,0.000000000,0.000000000,true,0,0
19.280000,-2.157213010,1.459325279,1.845362312,2.354660631,-1.042111886,-0.571366100,-0.565134670,3.259805728,-0.784495787,-7.958198851,3.679808214,2.165799137,0.000000000,0.000000000,true,0,0
19.290000,-2.133695978,1.449067740,1.839609793,2.348614967,-1.009339259,-0.579100605,-0.643639627,3.293782594,-0.762190659,-7.743123660,3.117547215,2.294558933,0.000000000,0.000000000,true,0,0
19.300000,-2.110243292,1.439139533,1.833781065,2.341794975,-0.976254778,-0.586605688,-0.720003764,3.322196320,-0.738617961,-7.530034841,2.567180440,2.419312909,0.000000000,0.000000000,true,0,0
19.310000,-2.086862589,1.429543500,1.827878486,2.334221962,-0.942913480,-0.593868873,-0.794246945,3.345165850,-0.713817753,-7.318932394,2.028707890,2.540061065,0.000000000,0.000000000,true,0,0
19.320000,-2.063561292,1.420281940,1.821904534,2.325917039,-0.909369212,-0.600878085,-0.866389033,3.362810125,-0.687830093,-7.109816318,1.502129565,2.656803402,0.000000000,0.000000000,true,0,0
19.330000,-2.040346618,1.411356617,1.815861809,2.316901119,-0.875674632,-0.607621650,-0.936449893,3.375248089,-0.660695038,-6.902686614,0.987445463,2.769539920,0.000000000,0.000000000,true,0,0
19.340000,-2.017225571,1.402768777,1.809753024,2.307194913,-0.841881208,-0.614088294,-1.004449387,3.382598682,-0.632452647,-6.697543282,0.484655587,2.878270617,0.000000000,0.000000000,true,0,0
19.350000,-1.994204952,1.394519155,1.803581003,2.296818936,-0.808039220,-0.620267145,-1.070407379,3.384980848,-0.603142978,-6.494386321,-0.006240065,2.982995495,0.000000000,0.000000000,true,0,0
19.360000,-1.971291357,1.386607990,1.797348676,2.285793504,-0.774197756,-0.626147730,-1.134343734,3.382513528,-0.572806090,-6.293215732,-0.485241493,3.083714554,0.000000000,0.000000000,true,0,0
19.370000,-1.948491180,1.379035038,1.791059076,2.274138734,-0.740404718,-0.631719976,-1.196278315,3.375315665,-0.541482040,-6.094031514,-0.952348696,3.180427793,0.000000000,0.000000000,true,0,0
19.380000,-1.925810614,1.371799579,1.784715336,2.261874544,-0.706706815,-0.636974214,-1.256230986,3.363506202,-0.509210887,-5.896833668,-1.407561675,3.273135212,0.000000000,0.000000000,true,0,0
19.390000,-1.903255654,1.364900433,1.778320683,2.249020654,-0.673149569,-0.641901171,-1.314221610,3.347204079,-0.476032688,-5.701622194,-1.850880429,3.361836812,0.000000000,0.000000000,true,0,0
19.400000,-1.880832101,1.358335971,1.771878433,2.235596586,-0.639777312,-0.646491977,-1.370270051,3.326528240,-0.441987503,-5.508397091,-2.282304959,3.446532593,0.000000000,0.000000000,true,0,0
19.410000,-1.858545559,1.352104126,1.765391992,2.221621661,-0.606633187,-0.650738164,-1.424396173,3.301597627,-0.407115389,-5.317158360,-2.701835264,3.527222553,0.000000000,0.000000000,true,0,0
19.420000,-1.836401440,1.346202406,1.758864846,2.207115004,-0.573759146,-0.654631662,-1.476619839,3.272531183,-0.371456405,-5.127906000,-3.109471345,3.603906694,0.000000000,0.000000000,true,0,0
19.430000,-1.814404968,1.340627907,1.752300560,2.192095539,-0.541195953,-0.658164803,-1.526960914,3.239447848,-0.335050608,-4.940640012,-3.505213202,3.676585016,0.000000000,0.000000000,true,0,0
19.440000,-1.792561177,1.335377319,1.745702775,2.176581995,-0.508983182,-0.661330319,-1.575439261,3.202466566,-0.297938057,-4.755360395,-3.889060834,3.745257518,0.000000000,0.000000000,true,0,0
19.450000,-1.770874913,1.330446947,1.739075202,2.160592897,-0.477159218,-0.664121342,-1.622074743,3.161706279,-0.260158810,-4.572067151,-4.261014241,3.809924200,0.000000000,0.000000000,true,0,0
19.460000,-1.749350843,1.325832715,1.732421618,2.144146576,-0.445761257,-0.666531406,-1.666887225,3.117285929,-0.221752926,-4.390760277,-4.621073424,3.870585063,0.000000000,0.000000000,true,0,0
19.470000,-1.727993446,1.321530182,1.725745864,2.127261163,-0.414825304,-0.668554445,-1.709896570,3.069324458,-0.182760462,-4.211439776,-4.969238382,3.927240107,0.000000000,0.000000000,true,0,0
19.480000,-1.706807023,1.317534552,1.719051838,2.109954589,-0.384386175,-0.670184793,-1.751122642,3.017940808,-0.143221477,-4.034105646,-5.305509116,3.979889330,0.000000000,0.000000000,true,0,0
19.490000,-1.685795698,1.313840690,1.712343495,2.092244588,-0.354477498,-0.671417186,-1.790585304,2.963253923,-0.103176028,-3.858757887,-5.629885626,4.028532734,0.000000000,0.000000000,true,0,0
19.500000,-1.664963418,1.310443126,1.705624837,2.074148695,-0.325131711,-0.672246759,-1.828304421,2.905382743,-0.062664175,-3.685396500,-5.942367911,4.073170319,0.000000000,0.000000000,true,0,0
19.510000,-1.644313953,1.307336075,1.698899917,2.055684245,-0.296380061,-0.672669049,-1.864299856,2.844446212,-0.021725974,-3.514021485,-6.242955972,4.113802084,0.000000000,0.000000000,true,0,0
19.520000,-1.623850904,1.304513444,1.692172828,2.036868377,-0.268252608,-0.672679991,-1.898591472,2.780563271,0.019598514,-3.344632841,-6.531649808,4.150428029,0.000000000,0.000000000,true,0,0
19.530000,-1.603577700,1.301968846,1.685447701,2.017718029,-0.240778221,-0.672275924,-1.931199134,2.713852863,0.061269234,-3.177230569,-6.808449419,4.183048155,0.000000000,0.000000000,true,0,0
19.540000,-1.583497603,1.299695610,1.678728703,1.998249942,-0.213984579,-0.671453586,-1.962142704,2.644433930,0.103246125,-3.011814669,-7.073354806,4.211662462,0.000000000,0.000000000,true,0,0
19.550000,-1.563613706,1.297686797,1.672020033,1.978480656,-0.187898174,-0.670210115,-1.991442048,2.572425414,0.145489130,-2.848385140,-7.326365969,4.236270948,0.000000000,0.000000000,true,0,0
19.560000,-1.543928939,1.295935205,1.665325913,1.958426515,-0.162544306,-0.668543050,-2.019117029,2.497946258,0.187958191,-2.686941983,-7.567482907,4.256873615,0.000000000,0.000000000,true,0,0
19.570000,-1.524446071,1.294433388,1.658650591,1.938103664,-0.137947088,-0.666450331,-2.045187509,2.421115404,0.230613250,-2.527485197,-7.796705621,4.273470463,0.000000000,0.000000000,true,0,0
19.580000,-1.505167708,1.293173664,1.651998331,1.917528047,-0.114129441,-0.663930298,-2.069673354,2.342051793,0.273414248,-2.370014783,-8.014034110,4.286061491,0.000000000,0.000000000,true,0,0
19.590000,-1.486096300,1.292148128,1.645373413,1.896715412,-0.091113098,-0.660981693,-2.092594426,2.260874369,0.316321127,-2.214530741,-8.219468375,4.294646699,0.000000000,0.000000000,true,0,0
19.600000,-1.467234138,1.291348663,1.638780129,1.875681308,-0.068918603,-0.657603656,-2.113970590,2.177702073,0.359293829,-2.061033070,-8.413008415,4.299226088,0.000000000,0.000000000,true,0,0
19.610000,-1.448583361,1.290766952,1.632222773,1.854441084,-0.047565310,-0.653795731,-2.133821709,2.092653848,0.402292296,-1.909521771,-8.594654231,4.299799658,0.000000000,0.000000000,true,0,0
19.620000,-1.430145953,1.290394492,1.625705647,1.833009891,-0.027071383,-0.649557858,-2.152167646,2.005848636,0.445276469,-1.759996843,-8.764405822,4.296367407,0.000000000,0.000000000,true,0,0
19.630000,-1.411923750,1.290222603,1.619233048,1.811402682,-0.007453797,-0.644890382,-2.169028267,1.917405379,0.488206291,-1.612458287,-8.922263189,4.288929337,0.000000000,0.000000000,true,0,0
19.640000,-1.393918437,1.290242442,1.612809269,1.789634211,0.011271661,-0.639794047,-2.184423433,1.827443020,0.531041703,-1.466906103,-9.068226332,4.277485448,0.000000000,0.000000000,true,0,0
19.650000,-1.376131555,1.290445014,1.606438593,1.767719032,0.029090396,-0.634269997,-2.198373010,1.736080500,0.573742647,-1.323340290,-9.202295250,4.262035739,0.000000000,0.000000000,true,0,0
19.660000,-1.358564498,1.290821183,1.600125290,1.745671503,0.045989001,-0.628319776,-2.210896860,1.643436762,0.616269065,-1.181760849,-9.324469943,4.242580210,0.000000000,0.000000000,true,0,0
19.670000,-1.341218518,1.291361686,1.593873612,1.723505781,0.061955257,-0.621945331,-2.222014848,1.549630748,0.658580899,-1.042167779,-9.434750412,4.219118862,0.000000000,0.000000000,true,0,0
19.680000,-1.324094729,1.292057143,1.587687789,1.701235826,0.076978138,-0.615149007,-2.231746837,1.454781401,0.700638090,-0.904561081,-9.533136656,4.191651695,0.000000000,0.000000000,true,0,0
19.690000,-1.307194104,1.292898071,1.581572029,1.678875398,0.091047804,-0.607933551,-2.240112691,1.359007663,0.742400580,-0.768940754,-9.619628676,4.160178707,0.000000000,0.000000000,true,0,0
19.700000,-1.290517478,1.293874893,1.575530505,1.656438060,0.104155606,-0.600302111,-2.247132274,1.262428475,0.783828311,-0.635306800,-9.694226472,4.124699900,0.000000000,0.000000000,true,0,0
19.710000,-1.274065554,1.294977952,1.569567361,1.633937174,0.116294085,-0.592258234,-2.252825448,1.165162781,0.824881225,-0.503659216,-9.756930043,4.085215274,0.000000000,0.000000000,true,0,0
19.720000,-1.257838902,1.296197523,1.563686702,1.611385906,0.127456970,-0.583805869,-2.257212079,1.067329522,0.865519264,-0.373998005,-9.807739390,4.041724828,0.000000000,0.000000000,true,0,0
19.730000,-1.241837961,1.297523822,1.557892591,1.588797221,0.137639180,-0.574949365,-2.260312030,0.969047640,0.905702369,-0.246323165,-9.846654512,3.994228562,0.000000000,0.000000000,true,0,0
19.740000,-1.226063040,1.298947024,1.552189046,1.566183888,0.146836824,-0.565693472,-2.262145164,0.870436079,0.945390482,-0.120634696,-9.873675409,3.942726477,0.000000000,0.000000000,true,0,0
19.750000,-1.210514323,1.300457268,1.546580036,1.543558475,0.155047199,-0.556043339,-2.262731345,0.771613779,0.984543546,0.003067401,-9.888802082,3.887218573,0.000000000,0.000000000,true,0,0
19.760000,-1.195191869,1.302044672,1.541069475,1.520933352,0.162268793,-0.546004518,-2.262090437,0.672699685,1.023121501,0.124783126,-9.892034531,3.827704848,0.000000000,0.000000000,true,0,0
19.770000,-1.180095615,1.303699347,1.535661221,1.498320690,0.168501283,-0.535582960,-2.260242304,0.573812736,1.061084290,0.244512479,-9.883372755,3.764185304,0.000000000,0.000000000,true,0,0
19.780000,-1.165225374,1.305411403,1.530359071,1.475732463,0.173745535,-0.524785016,-2.257206809,0.475071877,1.098391855,0.362255461,-9.862816755,3.696659941,0.000000000,0.000000000,true,0,0
19.790000,-1.150580845,1.307170970,1.525166753,1.453180446,0.178003604,-0.513617440,-2.253003816,0.376596049,1.135004136,0.478012072,-9.830366530,3.625128758,0.000000000,0.000000000,true,0,0
19.800000,-1.136161606,1.308968199,1.520087930,1.430676212,0.181278736,-0.502087385,-2.247653188,0.278504194,1.170881077,0.591782311,-9.786022081,3.549591755,0.000000000,0.000000000,true,0,0
19.810000,-1.121967123,1.310793283,1.515126189,1.408231141,0.183575365,-0.490202403,-2.241174791,0.180915254,1.205982619,0.703566178,-9.729783407,3.470048933,0.000000000,0.000000000,true,0,0
19.820000,-1.107996749,1.312636463,1.510285039,1.385856410,0.184899114,-0.477970451,-2.233588486,0.083948173,1.240268703,0.813363674,-9.661650509,3.386500291,0.000000000,0.000000000,true,0,0
19.830000,-1.094249724,1.314488045,1.505567908,1.363562998,0.185256797,-0.465399881,-2.224914138,-0.012278108,1.273699272,0.921174798,-9.581623387,3.298945830,0.000000000,0.000000000,true,0,0
19.840000,-1.080725182,1.316338405,1.500978141,1.341361687,0.184656418,-0.452499450,-2.215171611,-0.107644647,1.306234267,1.026999550,-9.489702039,3.207385549,0.000000000,0.000000000,true,0,0
19.850000,-1.067422148,1.318178010,1.496518988,1.319263060,0.183107167,-0.439278315,-2.204380769,-0.202032502,1.337833630,1.130837931,-9.385886468,3.111819449,0.000000000,0.000000000,true,0,0
19.860000,-1.054339544,1.319997420,1.492193611,1.297277500,0.180619426,-0.425746030,-2.192561474,-0.295322729,1.368457303,1.232689940,-9.270176672,3.012247529,0.000000000,0.000000000,true,0,0
19.870000,-1.041476187,1.321787309,1.488005072,1.275415193,0.177204767,-0.411912554,-2.179733591,-0.387396388,1.398065228,1.332555578,-9.142572651,2.908669789,0.000000000,0.000000000,true,0,0
19.880000,-1.028830795,1.323538468,1.483956330,1.253686124,0.172875950,-0.397788245,-2.165916984,-0.478134535,1.426617346,1.430434844,-9.003074406,2.801086230,0.000000000,0.000000000,true,0,0
19.890000,-1.016401988,1.325241827,1.480050241,1.232100083,0.167646925,-0.383383860,-2.151131515,-0.567418228,1.454073600,1.526327738,-8.851681937,2.689496851,0.000000000,0.000000000,true,0,0
19.900000,-1.004188285,1.326888457,1.476289549,1.210666657,0.161532830,-0.368710559,-2.135397050,-0.655128526,1.480393930,1.620234261,-8.688395243,2.573901653,0.000000000,0.000000000,true,0,0
19.910000,-0.992188114,1.328469587,1.472676887,1.189395239,0.154549995,-0.353779902,-2.118733451,-0.741146486,1.505538280,1.712154412,-8.513214324,2.454300635,0.000000000,0.000000000,true,0,0
19.920000,-0.980399810,1.329976619,1.469214769,1.168295019,0.146715938,-0.338603847,-2.101160583,-0.825353165,1.529466590,1.802088192,-8.326139181,2.330693798,0.000000000,0.000000000,true,0,0
19.930000,-0.968821613,1.331401131,1.465905587,1.147374992,0.138049366,-0.323194757,-2.082698309,-0.907629622,1.552138803,1.890035600,-8.127169814,2.203081141,0.000000000,0.000000000,true,0,0
19.940000,-0.957451680,1.332734897,1.462751608,1.126643951,0.128570176,-0.307565392,-2.063366492,-0.987856914,1.573514860,1.975996636,-7.916306222,2.071462664,0.000000000,0.000000000,true,0,0
19.950000,-0.946288076,1.333969896,1.459754970,1.106110494,0.118299455,-0.291728914,-2.043184997,-1.065916099,1.593554704,2.059971301,-7.693548406,1.935838368,0.000000000,0.000000000,true,0,0
19.960000,-0.935328783,1.335098322,1.456917675,1.085783018,0.107259478,-0.275698885,-2.022173688,-1.141688235,1.612218275,2.141959594,-7.458896365,1.796208252,0.000000000,0.000000000,true,0,0
19.970000,-0.924571701,1.336112599,1.454241591,1.065669720,0.095473710,-0.259489269,-2.000352427,-1.215054379,1.629465516,2.221961516,-7.212350099,1.652572317,0.000000000,0.000000000,true,0,0
19.980000,-0.914014648,1.337005392,1.451728441,1.045778603,0.082966807,-0.243114429,-1.977741078,-1.285895589,1.645256369,2.299977066,-6.953909610,1.504930562,0.000000000,0.000000000,true,0,0
19.990000,-0.903655363,1.337769618,1.449379804,1.026117466,0.069764611,-0.226589130,-1.954359507,-1.354092924,1.659550775,2.376006244,-6.683574895,1.353282988,0.000000000,0.000000000,true,0,0
20.000000,-0.893491507,1.338398457,1.447197109,1.006693914,0.055894158,-0.209928536,-1.930227575,-1.419527440,1.672308676,2.450049051,-6.401345957,1.197629594,0.000000000,0.000000000,true,0,0
20.010000,-0.883520668,1.338885367,1.445181632,0.987515348,0.041383604,-0.193148184,-1.905365646,-1.482105909,1.683500993,2.521955783,-6.114936946,1.041264266,0.000000000,0.000000000,true,0,0
20.020000,-0.873740359,1.339224091,1.443334492,0.968588960,0.026261527,-0.176263685,-1.879796078,-1.541837959,1.693142568,2.591576735,-5.832062016,0.887480890,0.000000000,0.000000000,true,0,0
20.030000,-0.864148025,1.339408654,1.441656654,0.949921709,0.010556215,-0.159290416,-1.853541730,-1.598758930,1.701259218,2.658911907,-5.552721166,0.736279466,0.000000000,0.000000000,true,0,0
20.040000,-0.854741039,1.339433364,1.440148930,0.931520331,-0.005704399,-0.142243498,-1.826625460,-1.652904163,1.707876763,2.723961301,-5.276914396,0.587659993,0.000000000,0.000000000,true,0,0
20.050000,-0.845516710,1.339292807,1.438811980,0.913391330,-0.022492733,-0.125137792,-1.799070124,-1.704308998,1.713021024,2.786724915,-5.004641707,0.441622473,0.000000000,0.000000000,true,0,0
20.060000,-0.836472283,1.338981841,1.437646321,0.895540983,-0.039781562,-0.107987902,-1.770898581,-1.753008777,1.716717819,2.847202750,-4.735903098,0.298166904,0.000000000,0.000000000,true,0,0
20.070000,-0.827604942,1.338495597,1.436652322,0.877975337,-0.057544010,-0.090808174,-1.742133688,-1.799038840,1.718992969,2.905394806,-4.470698570,0.157293288,0.000000000,0.000000000,true,0,0
20.080000,-0.818911808,1.337829471,1.435830210,0.860700211,-0.075753557,-0.073612695,-1.712798304,-1.842434529,1.719872292,2.961301082,-4.209028122,0.019001623,0.000000000,0.000000000,true,0,0
20.090000,-0.810389950,1.336979123,1.435180074,0.843721196,-0.094384037,-0.056415295,-1.682915286,-1.883231183,1.719381608,3.014921579,-3.950891755,-0.116708090,0.000000000,0.000000000,true,0,0
20.100000,-0.802036379,1.335940473,1.434701865,0.827043654,-0.113409635,-0.039229544,-1.652507491,-1.921464144,1.717546736,3.066256297,-3.696289468,-0.249835852,0.000000000,0.000000000,true,0,0
20.110000,-0.793848055,1.334709698,1.434395400,0.810672719,-0.132804892,-0.022068755,-1.621597779,-1.957168753,1.714393497,3.115305235,-3.445221261,-0.380381661,0.000000000,0.000000000,true,0,0
20.120000,-0.785821887,1.333283227,1.434260363,0.794613296,-0.152544700,-0.004945982,-1.590209006,-1.990380350,1.709947710,3.162068394,-3.197687135,-0.508345518,0.000000000,0.000000000,true,0,0
20.130000,-0.777954735,1.331657738,1.434296311,0.778870060,-0.172604307,0.012125977,-1.558364030,-2.021134276,1.704235193,3.206545774,-2.953687089,-0.633727424,0.000000000,0.000000000,true,0,0
20.140000,-0.770243417,1.329830156,1.434502672,0.763447459,-0.192959311,0.029134585,-1.526085710,-2.049465872,1.697281768,3.248737375,-2.713221124,-0.756527378,0.000000000,0.000000000,true,0,0
20.150000,-0.762684703,1.327797647,1.434878751,0.748349714,-0.213585668,0.046067562,-1.493396902,-2.075410478,1.689113252,3.288643196,-2.476289239,-0.876745380,0.000000000,0.000000000,true,0,0
20.160000,-0.755275326,1.325557617,1.435423731,0.733580814,-0.234459682,0.062912886,-1.460320465,-2.099003437,1.679755466,3.326263238,-2.242891435,-0.994381430,0.000000000,0.000000000,true,0,0
20.170000,-0.748011978,1.323107706,1.436136677,0.719144520,-0.255558015,0.079658793,-1.426879257,-2.120280087,1.669234230,3.361597501,-2.013027711,-1.109435528,0.000000000,0.000000000,true,0,0
20.180000,-0.740891315,1.320445786,1.437016537,0.705044368,-0.276857681,0.096293778,-1.393096134,-2.139275771,1.657575362,3.394645984,-1.786698067,-1.221907675,0.000000000,0.000000000,true,0,0
20.190000,-0.733909959,1.317569957,1.438062145,0.691283661,-0.298336045,0.112806594,-1.358993956,-2.156025829,1.644804683,3.425408688,-1.563902504,-1.331797869,0.000000000,0.000000000,true,0,0
20.200000,-0.727064500,1.314478543,1.439272225,0.677865476,-0.319970830,0.129186252,-1.324595580,-2.170565602,1.630948012,3.453885613,-1.344641021,-1.439106112,0.000000000,0.000000000,true,0,0
20.210000,-0.720351499,1.311170092,1.440645391,0.664792661,-0.341740108,0.145422021,-1.289923863,-2.182930430,1.616031167,3.480076759,-1.128913619,-1.543832403,0.000000000,0.000000000,true,0,0
20.220000,-0.713767487,1.307643365,1.442180151,0.652067834,-0.363622306,0.161503428,-1.255001664,-2.193155654,1.600079970,3.503982125,-0.916720297,-1.645976742,0.000000000,0.000000000,true,0,0
20.230000,-0.707308974,1.303897340,1.443874910,0.639693386,-0.385596206,0.177420258,-1.219851840,-2.201276616,1.583120239,3.525601712,-0.708061055,-1.745539129,0.000000000,0.000000000,true,0,0
20.240000,-0.700972444,1.299931205,1.445727974,0.627671480,-0.407640942,0.193162557,-1.184497249,-2.207328656,1.565177794,3.544935520,-0.502935894,-1.842519564,0.000000000,0.000000000,true,0,0
20.250000,-0.694754363,1.295744353,1.447737547,0.616004048,-0.429736001,0.208720625,-1.148960749,-2.211347114,1.546278454,3.561983548,-0.301344813,-1.936918047,0.000000000,0.000000000,true,0,0
20.260000,-0.688651176,1.291336384,1.449901741,0.604692795,-0.451861224,0.224085022,-1.113265197,-2.213367332,1.526448039,3.576745797,-0.103287813,-2.028734579,0.000000000,0.000000000,true,0,0
20.270000,-0.682659315,1.286707094,1.452218572,0.593739198,-0.473996805,0.239246568,-1.077433452,-2.213424651,1.505712369,3.589222267,0.091235107,-2.117969159,0.000000000,0.000000000,true,0,0
20.280000,-0.676775196,1.281856478,1.454685966,0.583144504,-0.496123291,0.254196338,-1.041488371,-2.211554410,1.484097263,3.599412957,0.282223946,-2.204621787,0.000000000,0.000000000,true,0,0
20.290000,-0.670995225,1.276784723,1.457301764,0.572909732,-0.518221585,0.268925668,-1.005452812,-2.207791952,1.461628540,3.607317868,0.469678706,-2.288692463,0.000000000,0.000000000,true,0,0
20.300000,-0.665315799,1.271492203,1.460063717,0.563035673,-0.540272941,0.283426150,-0.969349633,-2.202172616,1.438332020,3.612937000,0.653599384,-2.370181187,0.000000000,0.000000000,true,0,0
20.310000,-0.659733307,1.265979482,1.462969497,0.553522888,-0.562258966,0.297689635,-0.933201691,-2.194731744,1.414233523,3.616270353,0.833985982,-2.449087959,0.000000000,0.000000000,true,0,0
20.320000,-0.654244135,1.260247302,1.466016693,0.544371712,-0.584161622,0.311708233,-0.897031845,-2.185504677,1.389358867,3.617317926,1.010838500,-2.525412780,0.000000000,0.000000000,true,0,0
20.330000,-0.648844667,1.254296586,1.469202820,0.535582248,-0.605963223,0.325474311,-0.860862952,-2.174526755,1.363733874,3.616079720,1.184156937,-2.599155648,0.000000000,0.000000000,true,0,0
20.340000,-0.643531285,1.248128432,1.472525313,0.527154374,-0.627646439,0.338980495,-0.824717870,-2.161833319,1.337384361,3.612555735,1.353941294,-2.670316565,0.000000000,0.000000000,true,0,0
20.350000,-0.638300375,1.241744108,1.475981539,0.519087735,-0.649194289,0.352219669,-0.788619457,-2.147459709,1.310336149,3.606745970,1.520191571,-2.738895530,0.000000000,0.000000000,true,0,0
20.360000,-0.633148328,1.235145053,1.479568794,0.511381753,-0.670590150,0.365184975,-0.752590570,-2.131441267,1.282615057,3.598650426,1.682907767,-2.804892543,0.000000000,0.000000000,true,0,0
20.370000,-0.628071541,1.228332866,1.483284304,0.504035616,-0.691817749,0.377869814,-0.716654067,-2.113813334,1.254246904,3.588269103,1.842089883,-2.868307604,0.000000000,0.000000000,true,0,0
20.380000,-0.623066420,1.221309312,1.487125234,0.497048287,-0.712861169,0.390267843,-0.680832807,-2.094611250,1.225257511,3.575602001,1.997737918,-2.929140714,0.000000000,0.000000000,true,0,0
20.390000,-0.618129383,1.214076309,1.491088684,0.490418500,-0.733704845,0.402372979,-0.645149647,-2.073870356,1.195672697,3.560649119,2.149851873,-2.987391871,0.000000000,0.000000000,true,0,0
20.400000,-0.613256863,1.206635931,1.495171698,0.484144758,-0.754333565,0.414179398,-0.609627444,-2.051625993,1.165518280,3.543410458,2.298431747,-3.043061077,0.000000000,0.000000000,true,0,0
20.410000,-0.608445307,1.198990404,1.499371258,0.478225338,-0.774732471,0.425681532,-0.574289057,-2.027913501,1.134820082,3.523886018,2.443477541,-3.096148331,0.000000000,0.000000000,true,0,0
20.420000,-0.603691182,1.191142096,1.503684296,0.472658288,-0.794887059,0.436874073,-0.539157343,-2.002768222,1.103603920,3.502075798,2.584989255,-3.146653632,0.000000000,0.000000000,true,0,0
20.430000,-0.598990974,1.183093524,1.508107691,0.467441426,-0.814783177,0.447751970,-0.504255160,-1.976225496,1.071895616,3.477979799,2.722966888,-3.194576983,0.000000000,0.000000000,true,0,0
20.440000,-0.594341194,1.174847341,1.512638271,0.462572343,-0.834407029,0.458310431,-0.469605366,-1.948320665,1.039720987,3.451598021,2.857410441,-3.239918381,0.000000000,0.000000000,true,0,0
20.450000,-0.589738377,1.166406336,1.517272819,0.458048401,-0.853745168,0.468544921,-0.435230819,-1.919089068,1.007105854,3.422930463,2.988319913,-3.282677827,0.000000000,0.000000000,true,0,0
20.460000,-0.585179085,1.157773433,1.522008075,0.453866733,-0.872784505,0.478451166,-0.401154376,-1.888566047,0.974076037,3.391977127,3.115695305,-3.322855322,0.000000000,0.000000000,true,0,0
20.470000,-0.580659911,1.148951684,1.526840735,0.450024244,-0.891512302,0.488025146,-0.367398896,-1.856786942,0.940657354,3.358738011,3.239536616,-3.360450864,0.000000000,0.000000000,true,0,0
20.480000,-0.576177481,1.139944267,1.531767458,0.446517609,-0.909916175,0.497263103,-0.333987235,-1.823787095,0.906875626,3.323213115,3.359843848,-3.395464455,0.000000000,0.000000000,true,0,0
20.490000,-0.571728451,1.130754481,1.536784865,0.443343277,-0.927984093,0.506161534,-0.300942253,-1.789601845,0.872756672,3.285402441,3.476616998,-3.427896094,0.000000000,0.000000000,true,0,0
20.500000,-0.567309520,1.121385744,1.541889546,0.440497466,-0.945704378,0.514717198,-0.268286806,-1.754266535,0.838326311,3.245305987,3.589856068,-3.457745781,0.000000000,0.000000000,true,0,0
20.510000,-0.562917420,1.111841590,1.547078057,0.437976166,-0.963065708,0.522927109,-0.236043752,-1.717816504,0.803610363,3.202923753,3.699561058,-3.485013517,0.000000000,0.000000000,true,0,0
20.520000,-0.558548929,1.102125663,1.552346927,0.435775140,-0.980057110,0.530788539,-0.204235950,-1.680287094,0.768634647,3.158255741,3.805731968,-3.509699300,0.000000000,0.000000000,true,0,0
20.530000,-0.554200865,1.092241716,1.557692658,0.433889920,-0.996667969,0.538299022,-0.172886257,-1.641713645,0.733424983,3.111301949,3.908368797,-3.531803132,0.000000000,0.000000000,true,0,0
20.540000,-0.549870093,1.082193606,1.563111730,0.432315811,-1.012888021,0.545456345,-0.142017530,-1.602131498,0.698007191,3.062062378,4.007471545,-3.551325011,0.000000000,0.000000000,true,0,0
20.550000,-0.545553528,1.071985291,1.568600601,0.431047890,-1.028707355,0.552258558,-0.111652628,-1.561575995,0.662407090,3.010537027,4.103040213,-3.568264939,0.000000000,0.000000000,true,0,0
20.560000,-0.541248132,1.061620827,1.574155712,0.430081003,-1.044116414,0.558703965,-0.081814409,-1.520082474,0.626650499,2.956725898,4.195074801,-3.582622915,0.000000000,0.000000000,true,0,0
20.570000,-0.536950922,1.051104361,1.579773486,0.429409770,-1.059105996,0.564791132,-0.052525730,-1.477686279,0.590763238,2.900628989,4.283575308,-3.594398940,0.000000000,0.000000000,true,0,0
20.580000,-0.532658970,1.040440135,1.585450336,0.429028581,-1.073667249,0.570518881,-0.023809448,-1.434422749,0.554771126,2.842246300,4.368541735,-3.603593012,0.000000000,0.000000000,true,0,0
20.590000,-0.528369403,1.029632473,1.591182663,0.428931597,-1.087791677,0.575886291,0.004311577,-1.390327224,0.518699984,2.781577833,4.449974082,-3.610205132,0.000000000,0.000000000,true,0,0
20.600000,-0.524079411,1.018685784,1.596966859,0.429112752,-1.101471138,0.580892703,0.031814489,-1.345435047,0.482575630,2.718623586,4.527872348,-3.614235301,0.000000000,0.000000000,true,0,0
20.610000,-0.519786242,1.007604559,1.602799312,0.429565750,-1.114697840,0.585537713,0.058676430,-1.299781558,0.446423885,2.653383560,4.602236533,-3.615683518,0.000000000,0.000000000,true,0,0
20.620000,-0.515487211,0.996393362,1.608676408,0.430284068,-1.127464349,0.589821175,0.084874541,-1.253402097,0.410270566,2.585857754,4.673066638,-3.614549783,0.000000000,0.000000000,true,0,0
20.630000,-0.511179699,0.985056830,1.614594531,0.431260952,-1.139763580,0.593743205,0.110385965,-1.206332005,0.374141495,2.516046169,4.740362663,-3.610834096,0.000000000,0.000000000,true,0,0
20.640000,-0.506861154,0.973599670,1.620550068,0.432489422,-1.151588805,0.597304172,0.135187845,-1.158606624,0.338062491,2.443948805,4.804124608,-3.604536457,0.000000000,0.000000000,true,0,0
20.650000,-0.502529096,0.962026655,1.626539413,0.433962268,-1.162933646,0.600504708,0.159257322,-1.110261293,0.302059373,2.369565662,4.864352472,-3.595656866,0.000000000,0.000000000,true,0,0
20.660000,-0.498181119,0.950342618,1.632558964,0.435672051,-1.173792082,0.603345699,0.182571539,-1.061331355,0.266157960,2.292896739,4.921046255,-3.584195324,0.000000000,0.000000000,true,0,0
20.670000,-0.493814891,0.938552454,1.638605132,0.437611105,-1.184158442,0.605828292,0.205107638,-1.011852148,0.230384073,2.213942037,4.974205958,-3.570151829,0.000000000,0.000000000,true,0,0
20.680000,-0.489428159,0.926661108,1.644674340,0.439771534,-1.194027412,0.607953891,0.226842760,-0.961859016,0.194763530,2.132701556,5.023831581,-3.553526383,0.000000000,0.000000000,true,0,0
20.690000,-0.485018749,0.914673580,1.650763025,0.442145214,-1.203394027,0.609724160,0.247754050,-0.911387297,0.159322152,2.049175296,5.069923123,-3.534318985,0.000000000,0.000000000,true,0,0
20.700000,-0.480584571,0.902594917,1.656867645,0.444723792,-1.212253680,0.611141018,0.267818647,-0.860472334,0.124085757,1.963363256,5.112480585,-3.512529635,0.000000000,0.000000000,true,0,0
20.710000,-0.476123619,0.890430210,1.662984675,0.447498688,-1.220602114,0.612206644,0.287013695,-0.809149466,0.089080165,1.875265437,5.151503966,-3.488158334,0.000000000,0.000000000,true,0,0
20.720000,-0.471633972,0.878184592,1.669110615,0.450461092,-1.228435428,0.612923476,0.305316337,-0.757454034,0.054331197,1.784881838,5.186993267,-3.461205080,0.000000000,0.000000000,true,0,0
20.730000,-0.467113802,0.865863231,1.675241991,0.453601964,-1.235750071,0.613294210,0.322703713,-0.705421381,0.019864670,1.692212461,5.218948488,-3.431669875,0.000000000,0.000000000,true,0,0
20.740000,-0.462561369,0.853471330,1.681375355,0.456912039,-1.242542849,0.613321797,0.339152967,-0.653086845,-0.014293594,1.597257304,5.247369628,-3.399552717,0.000000000,0.000000000,true,0,0
20.750000,-0.457975029,0.841014123,1.687507293,0.460381820,-1.248810919,0.613009451,0.354641240,-0.600485768,-0.048117778,1.500016367,5.272256688,-3.364853608,0.000000000,0.000000000,true,0,0
20.760000,-0.453353233,0.828496869,1.693634423,0.464001584,-1.254551794,0.612360641,0.369145675,-0.547653491,-0.081582060,1.400489652,5.293609667,-3.327572547,0.000000000,0.000000000,true,0,0
20.770000,-0.448694530,0.815924851,1.699753397,0.467761378,-1.259763336,0.611379096,0.382643414,-0.494625355,-0.114660622,1.298677157,5.311428566,-3.287709534,0.000000000,0.000000000,true,0,0
20.780000,-0.443997572,0.803303373,1.705860909,0.471651020,-1.264443766,0.610068801,0.395111599,-0.441436700,-0.147327644,1.194578883,5.325713385,-3.245264569,0.000000000,0.000000000,true,0,0
20.790000,-0.439261112,0.790637751,1.711953691,0.475660102,-1.268591653,0.608434001,0.406527372,-0.388122868,-0.179557307,1.088194829,5.336464123,-3.200237653,0.000000000,0.000000000,true,0,0
20.800000,-0.434484008,0.777933318,1.718028522,0.479777984,-1.272205924,0.606479199,0.416867876,-0.334719198,-0.211323791,0.979524997,5.343680780,-3.152628785,0.000000000,0.000000000,true,0,0
20.810000,-0.429665226,0.765195414,1.724082225,0.483993799,-1.275285855,0.604209155,0.426110253,-0.281261032,-0.242601276,0.868569385,5.347363358,-3.102437964,0.000000000,0.000000000,true,0,0
20.820000,-0.424803842,0.752429384,1.730111671,0.488296452,-1.277831080,0.601628889,0.434231644,-0.227783711,-0.273363943,0.755327993,5.347511855,-3.049665192,0.000000000,0.000000000,true,0,0
20.830000,-0.419899045,0.739640575,1.736113786,0.492674619,-1.279841584,0.598743678,0.441209193,-0.174322576,-0.303585973,0.639800823,5.344126271,-2.994310468,0.000000000,0.000000000,true,0,0
20.840000,-0.414950137,0.726834333,1.742085547,0.497116747,-1.281317704,0.595559058,0.447020041,-0.120912966,-0.333241546,0.521987873,5.337206607,-2.936373792,0.000000000,0.000000000,true,0,0
20.850000,-0.409956536,0.714016000,1.748023988,0.501611055,-1.282260133,0.592080822,0.451641331,-0.067590224,-0.362304843,0.401889144,5.326752863,-2.875855165,0.000000000,0.000000000,true,0,0
20.860000,-0.404917782,0.701190906,1.753926204,0.506145532,-1.282669916,0.588315021,0.455050205,-0.014389689,-0.390750043,0.279504635,5.312765038,-2.812754585,0.000000000,0.000000000,true,0,0
20.870000,-0.399833532,0.688364372,1.759789351,0.510707941,-1.282548452,0.584267967,0.457223805,0.038653297,-0.418551328,0.154834347,5.295243132,-2.747072054,0.000000000,0.000000000,true,0,0
20.880000,-0.394703571,0.675541702,1.765610648,0.515285815,-1.281897493,0.579946227,0.458139273,0.091503393,-0.445682878,0.027878280,5.274187147,-2.678807571,0.000000000,0.000000000,true,0,0
20.890000,-0.389527807,0.662728180,1.771387383,0.519866457,-1.280719144,0.575356628,0.457773751,0.144125259,-0.472118873,-0.101363566,5.249597081,-2.607961135,0.000000000,0.000000000,true,0,0
20.900000,-0.384306276,0.649929069,1.777116911,0.524436943,-1.279015866,0.570506254,0.456104382,0.196483555,-0.497833494,-0.232891192,5.221472934,-2.534532749,0.000000000,0.000000000,true,0,0
20.910000,-0.379039146,0.637149604,1.782796663,0.528984122,-1.276790470,0.565402449,0.453108308,0.248542938,-0.522800921,-0.366704597,5.189814707,-2.458522410,0.000000000,0.000000000,true,0,0
20.920000,-0.373726716,0.624394990,1.788424141,0.533494611,-1.274046121,0.560052813,0.448762671,0.300268068,-0.546995336,-0.502803781,5.154622400,-2.379930119,0.000000000,0.000000000,true,0,0
20.930000,-0.368369421,0.611670399,1.793996926,0.537954801,-1.270786340,0.554465205,0.443044613,0.351623606,-0.570390917,-0.641188745,5.115896012,-2.298755877,0.000000000,0.000000000,true,0,0
20.940000,-0.362967833,0.598980968,1.799512679,0.542350852,-1.267014999,0.548647743,0.435931277,0.402574208,-0.592961847,-0.781859487,5.073635544,-2.214999682,0.000000000,0.000000000,true,0,0
20.950000,-0.357522665,0.586331790,1.804969143,0.546668699,-1.262736324,0.542608803,0.427399804,0.453084536,-0.614682304,-0.924816010,5.027840995,-2.128661536,0.000000000,0.000000000,true,0,0
20.960000,-0.352034768,0.573727917,1.810364145,0.550894045,-1.257954894,0.536357018,0.417427337,0.503119248,-0.635526471,-1.070058311,4.978512366,-2.039741438,0.000000000,0.000000000,true,0,0
20.970000,-0.346505140,0.561174352,1.815695603,0.555012366,-1.252675642,0.529901280,0.405991019,0.552643003,-0.655468527,-1.217586392,4.925649657,-1.948239388,0.000000000,0.000000000,true,0,0
20.980000,-0.340934926,0.548676046,1.820961522,0.559008910,-1.246903855,0.523250741,0.393067990,0.601620461,-0.674482652,-1.367400252,4.869252867,-1.854155386,0.000000000,0.000000000,true,0,0
20.990000,-0.335325418,0.536237898,1.826160000,0.562868694,-1.240645172,0.516414807,0.378635394,0.650016280,-0.692543028,-1.519499891,4.809321996,-1.757489433,0.000000000,0.000000000,true,0,0
21.000000,-0.329678059,0.523864746,1.831289232,0.566576510,-1.233905586,0.509403145,0.362670373,0.697795121,-0.709623834,-1.673885310,4.745857046,-1.658241527,0.000000000,0.000000000,true,0,0
21.010000,-0.323994446,0.511561368,1.836347510,0.570116952,-1.226691437,0.502225664,0.345164088,0.744924339,-0.725706120,-1.826350769,4.679667371,-1.558472104,0.000000000,0.000000000,true,0,0
21.020000,-0.318276329,0.499332477,1.841333226,0.573474811,-1.219009337,0.494892323,0.326163777,0.791382083,-0.740798406,-1.972690530,4.611562330,-1.460241598,0.000000000,0.000000000,true,0,0
21.030000,-0.312525607,0.487182719,1.846244870,0.576635452,-1.210866097,0.487412945,0.305730696,0.837149201,-0.754916082,-2.112904594,4.541541922,-1.363550007,0.000000000,0.000000000,true,0,0
21.040000,-0.306744324,0.475116669,1.851081030,0.579584853,-1.202268719,0.479797199,0.283926104,0.882206537,-0.768074536,-2.246992960,4.469606146,-1.268397333,0.000000000,0.000000000,true,0,0
21.050000,-0.300934659,0.463138834,1.855840391,0.582309607,-1.193224396,0.472054600,0.260811256,0.926534939,-0.780289158,-2.374955628,4.395755004,-1.174783576,0.000000000,0.000000000,true,0,0
21.060000,-0.295098923,0.451253646,1.860521730,0.584796915,-1.183740514,0.464194510,0.236447410,0.970115253,-0.791575337,-2.496792598,4.319988495,-1.082708735,0.000000000,0.000000000,true,0,0
21.070000,-0.289239553,0.439465464,1.865123920,0.587034596,-1.173824649,0.456226137,0.210895823,1.012928325,-0.801948462,-2.612503870,4.242306619,-0.992172811,0.000000000,0.000000000,true,0,0
21.080000,-0.283359102,0.427778567,1.869645922,0.589011077,-1.163484569,0.448158533,0.184217752,1.054955001,-0.811423923,-2.722089444,4.162709376,-0.903175803,0.000000000,0.000000000,true,0,0
21.090000,-0.277460238,0.416197160,1.874086790,0.590715400,-1.152728234,0.440000599,0.156474453,1.096176127,-0.820017108,-2.825549321,4.081196766,-0.815717711,0.000000000,0.000000000,true,0,0
21.100000,-0.271545736,0.404725363,1.878445663,0.592137219,-1.141563795,0.431761081,0.127727185,1.136572551,-0.827743407,-2.922883499,3.997768789,-0.729798536,0.000000000,0.000000000,true,0,0
21.110000,-0.265618468,0.393367217,1.882721768,0.593266801,-1.129999596,0.423448569,0.098037202,1.176125119,-0.834618209,-3.014091980,3.912425446,-0.645418277,0.000000000,0.000000000,true,0,0
21.120000,-0.259681404,0.382126675,1.886914419,0.594095025,-1.118044169,0.415071504,0.067465764,1.214814676,-0.840656902,-3.099174763,3.825166735,-0.562576935,0.000000000,0.000000000,true,0,0
21.130000,-0.253737601,0.371007608,1.891023011,0.594613383,-1.105706243,0.406638167,0.036074126,1.252622069,-0.845874877,-3.178131848,3.735992657,-0.481274510,0.000000000,0.000000000,true,0,0
21.140000,-0.247790196,0.360013796,1.895047022,0.594813978,-1.092994733,0.398156690,0.003923546,1.289528144,-0.850287522,-3.250963236,3.644903213,-0.401511000,0.000000000,0.000000000,true,0,0
21.150000,-0.241842405,0.349148928,1.898986011,0.594689528,-1.079918748,0.389635050,-0.028924720,1.325513749,-0.853910227,-3.317668925,3.551898401,-0.323286407,0.000000000,0.000000000,true,0,0
21.160000,-0.235897511,0.338416605,1.902839615,0.594233362,-1.066487590,0.381081068,-0.062409414,1.360559728,-0.856758380,-3.378248916,3.456978223,-0.246600731,0.000000000,0.000000000,true,0,0
21.170000,-0.229958863,0.327820329,1.906607550,0.593439422,-1.052710749,0.372502413,-0.096469279,1.394646928,-0.858847371,-3.432703210,3.360142677,-0.171453971,0.000000000,0.000000000,true,0,0
21.180000,-0.224029867,0.317363510,1.910289606,0.592302263,-1.038597911,0.363906600,-0.131043059,1.427756197,-0.860192589,-3.481031806,3.261391765,-0.097846128,0.000000000,0.000000000,true,0,0
21.190000,-0.218113978,0.307049458,1.913885649,0.590817052,-1.024158949,0.355300989,-0.166069496,1.459868379,-0.860809423,-3.523234704,3.160725486,-0.025777201,0.000000000,0.000000000,true,0,0
21.200000,-0.212214700,0.296881384,1.917395617,0.588979569,-1.009403931,0.346692788,-0.201487334,1.490964322,-0.860713263,-3.559311904,3.058143840,0.044752810,0.000000000,0.000000000,true,0,0
21.210000,-0.206335573,0.286862399,1.920819520,0.586786205,-0.994343114,0.338089049,-0.237235315,1.521024871,-0.859919497,-3.589263406,2.953646826,0.113743904,0.000000000,0.000000000,true,0,0
21.220000,-0.200480172,0.276995507,1.924157436,0.584233966,-0.978986948,0.329496672,-0.273252183,1.550030874,-0.858443515,-3.613089211,2.847234446,0.181196082,0.000000000,0.000000000,true,0,0
21.230000,-0.194652098,0.267283609,1.927409513,0.581320469,-0.963346075,0.320922401,-0.309476680,1.577963176,-0.856300705,-3.630789317,2.738906699,0.247109343,0.000000000,0.000000000,true,0,0
21.240000,-0.188854973,0.257729498,1.930575966,0.578043945,-0.947431328,0.312372829,-0.345847550,1.604802623,-0.853506457,-3.642363726,2.628663585,0.311483688,0.000000000,0.000000000,true,0,0
21.250000,-0.183092433,0.248335858,1.933657074,0.574403235,-0.931253730,0.303854392,-0.382303536,1.630530063,-0.850076161,-3.647812437,2.516505104,0.374319116,0.000000000,0.000000000,true,0,0
21.260000,-0.177368124,0.239105262,1.936653179,0.570397794,-0.914824497,0.295373375,-0.418783380,1.655126341,-0.846025205,-3.647135450,2.402431257,0.435615628,0.000000000,0.000000000,true,0,0
21.270000,-0.171685693,0.230040169,1.939564687,0.566027692,-0.898155037,0.286935906,-0.455225826,1.678572304,-0.841368978,-3.640332765,2.286442042,0.495373224,0.000000000,0.000000000,true,0,0
21.280000,-0.166048784,0.221142924,1.942392062,0.561293607,-0.881256949,0.278547962,-0.491569616,1.700848797,-0.836122870,-3.627404383,2.168537460,0.553591903,0.000000000,0.000000000,true,0,0
21.290000,-0.160461030,0.212415753,1.945135830,0.556196832,-0.864142023,0.270215364,-0.527753495,1.721936668,-0.830302270,-3.608350302,2.048717511,0.610271665,0.000000000,0.000000000,true,0,0
21.300000,-0.154926050,0.203860766,1.947796573,0.550739274,-0.846822242,0.261943780,-0.563716203,1.741816763,-0.823922566,-3.583170524,1.926982196,0.665412511,0.000000000,0.000000000,true,0,0
21.310000,-0.149447439,0.195479950,1.950374928,0.544923450,-0.829309778,0.253738725,-0.599396486,1.760469928,-0.816999149,-3.551865048,1.803331513,0.719014441,0.000000000,0.000000000,true,0,0
21.320000,-0.144028765,0.187275171,1.952871587,0.538752490,-0.811616997,0.245605558,-0.634733085,1.777877009,-0.809547407,-3.514433873,1.677765464,0.771077454,0.000000000,0.000000000,true,0,0
21.330000,-0.138673560,0.179248170,1.955287296,0.532230138,-0.793756455,0.237549486,-0.669664745,1.794018852,-0.801582730,-3.470877002,1.550284048,0.821601551,0.000000000,0.000000000,true,0,0
21.340000,-0.133385319,0.171400559,1.957622851,0.525360749,-0.775740901,0.229575562,-0.704130206,1.808876305,-0.793120506,-3.421194432,1.420887264,0.870586731,0.000000000,0.000000000,true,0,0
21.350000,-0.128167486,0.163733825,1.959879097,0.518149292,-0.757583274,0.221688683,-0.738068214,1.822430213,-0.784176125,-3.365386164,1.289575114,0.918032995,0.000000000,0.000000000,true,0,0
21.360000,-0.123023455,0.156249323,1.962056930,0.510601347,-0.739296706,0.213893595,-0.771417511,1.834661423,-0.774764976,-3.303452199,1.156347597,0.963940342,0.000000000,0.000000000,true,0,0
21.370000,-0.117956560,0.148948277,1.964157290,0.502723108,-0.720894519,0.206194888,-0.804116839,1.845550780,-0.764902448,-3.235392535,1.021204713,1.008308773,0.000000000,0.000000000,true,0,0
21.380000,-0.112970071,0.141831773,1.966181164,0.494521381,-0.702390227,0.198597000,-0.836104942,1.855079132,-0.754603930,-3.161207174,0.884146461,1.051138288,0.000000000,0.000000000,true,0,0
21.390000,-0.108067186,0.134900767,1.968129581,0.486003584,-0.683797536,0.191104212,-0.867320564,1.863227325,-0.743884812,-3.080896115,0.745172843,1.092428886,0.000000000,0.000000000,true,0,0
21.400000,-0.103251026,0.128156071,1.970003612,0.477177749,-0.665130345,0.183720654,-0.897702446,1.869976205,-0.732760482,-2.994459358,0.604283859,1.132180568,0.000000000,0.000000000,true,0,0
21.410000,-0.098524629,0.121598361,1.971804371,0.468052519,-0.646402741,0.176450302,-0.927189332,1.875306618,-0.721246330,-2.901896904,0.461479507,1.170393333,0.000000000,0.000000000,true,0,0
21.420000,-0.093890943,0.115228170,1.973533009,0.458637150,-0.627629004,0.169296976,-0.955719965,1.879199410,-0.709357745,-2.803208751,0.316759788,1.207067181,0.000000000,0.000000000,true,0,0
21.430000,-0.089352820,0.109045887,1.975190713,0.448941511,-0.608823608,0.162264343,-0.983233088,1.881635429,-0.697110116,-2.698394901,0.170124702,1.242202114,0.000000000,0.000000000,true,0,0
21.440000,-0.084913012,0.103051755,1.976778709,0.438976084,-0.590001216,0.155355919,-1.009667444,1.882595520,-0.684518833,-2.587455352,0.021574249,1.275798129,0.000000000,0.000000000,true,0,0
21.450000,-0.080574161,0.097245870,1.978298257,0.428751962,-0.571176682,0.148575061,-1.034961776,1.882060529,-0.671599283,-2.470390106,-0.128891570,1.307855229,0.000000000,0.000000000,true,0,0
21.460000,-0.076338796,0.091628178,1.979750647,0.418280853,-0.552365053,0.141924976,-1.059054827,1.880011304,-0.658366858,-2.347199162,-0.281272757,1.338373412,0.000000000,0.000000000,true,0,0
21.470000,-0.072209326,0.086198475,1.981137202,0.407575074,-0.533581567,0.135408715,-1.081885340,1.876428690,-0.644836945,-2.217882520,-0.435569310,1.367352678,0.000000000,0.000000000,true,0,0
21.480000,-0.068188034,0.080956401,1.982459277,0.396647559,-0.514841654,0.129029177,-1.103392058,1.871293533,-0.631024934,-2.082440181,-0.591781231,1.394793028,0.000000000,0.000000000,true,0,0
21.490000,-0.064277069,0.075901444,1.983718251,0.385511850,-0.496160935,0.122789106,-1.123513725,1.864586680,-0.616946214,-1.940872143,-0.749908518,1.420694462,0.000000000,0.000000000,true,0,0
21.500000,-0.060478444,0.071032933,1.984915532,0.374182105,-0.477555223,0.116691091,-1.142189082,1.856288978,-0.602616174,-1.793178408,-0.909951173,1.445056979,0.000000000,0.000000000,true,0,0
21.510000,-0.056794025,0.066350036,1.986052554,0.362673094,-0.459040522,0.110737569,-1.159356874,1.846381272,-0.588050204,-1.639358974,-1.071909194,1.467880579,0.000000000,0.000000000,true,0,0
21.520000,-0.053225528,0.061851765,1.987130773,0.351000197,-0.440633028,0.104930822,-1.174955843,1.834844410,-0.573263693,-1.479413843,-1.235782582,1.489165264,0.000000000,0.000000000,true,0,0
21.530000,-0.049774514,0.057536964,1.988151667,0.339179410,-0.422349128,0.099272979,-1.188924732,1.821659236,-0.558272029,-1.313343014,-1.401571337,1.508911031,0.000000000,0.000000000,true,0,0
21.540000,-0.046442378,0.053404315,1.989116735,0.327227340,-0.404205402,0.093766014,-1.201202284,1.806806598,-0.543090602,-1.141146488,-1.569275459,1.527117883,0.000000000,0.000000000,true,0,0
21.550000,-0.043230347,0.049452333,1.990027496,0.315161207,-0.386218618,0.088411748,-1.211727243,1.790267342,-0.527734801,-0.962824263,-1.738894948,1.543785817,0.000000000,0.000000000,true,0,0
21.560000,-0.040139474,0.045679363,1.990885485,0.302998842,-0.368405741,0.083211848,-1.220438350,1.772022315,-0.512220015,-0.778376340,-1.910429804,1.558914836,0.000000000,0.000000000,true,0,0
21.570000,-0.037170630,0.042083581,1.991692253,0.290758690,-0.350783922,0.078167826,-1.227274350,1.752052362,-0.496561634,-0.587802720,-2.083880027,1.572504938,0.000000000,0.000000000,true,0,0
21.580000,-0.034324496,0.038662990,1.992449366,0.278459809,-0.333370507,0.073281042,-1.232173986,1.730338330,-0.480775046,-0.391103402,-2.259245617,1.584556123,0.000000000,0.000000000,true,0,0
21.590000,-0.031601564,0.035415418,1.993158402,0.266121869,-0.316183033,0.068552701,-1.235075999,1.706861065,-0.464875641,-0.188278386,-2.436526574,1.595068392,0.000000000,0.000000000,true,0,0
21.600000,-0.029002122,0.032338517,1.993820951,0.253765152,-0.299239227,0.063983854,-1.235919134,1.681601414,-0.448878808,0.020672328,-2.615722897,1.604041745,0.000000000,0.000000000,true,0,0
21.610000,-0.026526254,0.029429761,1.994438614,0.241410553,-0.282557010,0.059575399,-1.234642134,1.654540222,-0.432799936,0.235748740,-2.796834588,1.611476181,0.000000000,0.000000000,true,0,0
21.620000,-0.024173832,0.026686445,1.995012996,0.229079581,-0.266154492,0.055328078,-1.231183741,1.625658337,-0.416654414,0.456950849,-2.979861646,1.617371701,0.000000000,0.000000000,true,0,0
21.630000,-0.021944510,0.024105678,1.995545714,0.216794354,-0.250049976,0.051242481,-1.225482698,1.594936605,-0.400457632,0.684278657,-3.164804070,1.621728304,0.000000000,0.000000000,true,0,0
21.640000,-0.019837717,0.021684390,1.996038387,0.204577606,-0.234261956,0.047319045,-1.217477749,1.562355871,-0.384224978,0.917732162,-3.351661862,1.624545991,0.000000000,0.000000000,true,0,0
21.650000,-0.017852652,0.019419322,1.996492637,0.192452683,-0.218809119,0.043558050,-1.207107636,1.527896983,-0.367971841,1.157311365,-3.540435020,1.625824761,0.000000000,0.000000000,true,0,0
21.660000,-0.015988277,0.017307028,1.996910090,0.180443542,-0.203710341,0.039959625,-1.194311102,1.491540786,-0.351713612,1.403016266,-3.731123545,1.625564615,0.000000000,0.000000000,true,0,0
21.670000,-0.014243313,0.015343871,1.997292371,0.168574753,-0.188984691,0.036523743,-1.179026891,1.453268128,-0.335465679,1.654846865,-3.923727438,1.623765553,0.000000000,0.000000000,true,0,0
21.680000,-0.012616230,0.013526026,1.997641106,0.156871500,-0.174651430,0.033250226,-1.161193746,1.413059853,-0.319243431,1.912803162,-4.118246697,1.620427574,0.000000000,0.000000000,true,0,0
21.690000,-0.011105245,0.011849470,1.997957916,0.145359579,-0.160730010,0.030138738,-1.140750409,1.370896809,-0.303062257,2.176885157,-4.314681323,1.615550678,0.000000000,0.000000000,true,0,0
21.700000,-0.009708313,0.010309987,1.998244419,0.134065397,-0.147240074,0.027188792,-1.117635624,1.326759842,-0.286937547,2.447092849,-4.513031316,1.609134866,0.000000000,0.000000000,true,0,0
21.710000,-0.008423121,0.008903164,1.998502228,0.123015975,-0.134201457,0.024399747,-1.091788133,1.280629798,-0.270884690,2.723426239,-4.713296676,1.601180138,0.000000000,0.000000000,true,0,0
21.720000,-0.007247086,0.007624387,1.998732948,0.112238948,-0.121634185,0.021770808,-1.063146680,1.232487524,-0.254919074,3.005885327,-4.915477403,1.591686493,0.000000000,0.000000000,true,0,0
21.730000,-0.006177340,0.006468842,1.998938174,0.101762559,-0.109558478,0.019301024,-1.031650008,1.182313866,-0.239056089,3.294470113,-5.119573497,1.580653932,0.000000000,0.000000000,true,0,0
21.740000,-0.005210736,0.005431511,1.999119495,0.091615669,-0.097994743,0.016989293,-0.997236859,1.130089670,-0.223311125,3.589180597,-5.325584958,1.568082454,0.000000000,0.000000000,true,0,0
21.750000,-0.004343831,0.004507172,1.999278483,0.081827748,-0.086963583,0.014834357,-0.959845977,1.075795782,-0.207699570,3.890016779,-5.533511786,1.553972060,0.000000000,0.000000000,true,0,0
21.760000,-0.003572884,0.003690395,1.999416700,0.072428879,-0.076485790,0.012834805,-0.919416104,1.019413049,-0.192236814,4.196978658,-5.743353980,1.538322749,0.000000000,0.000000000,true,0,0
21.770000,-0.002893854,0.002975541,1.999535692,0.063449760,-0.066582349,0.010989073,-0.875885984,0.960922318,-0.176938245,4.510066236,-5.955111542,1.521134522,0.000000000,0.000000000,true,0,0
21.780000,-0.002302386,0.002356763,1.999636988,0.054921698,-0.057274435,0.009295442,-0.829194361,0.900304434,-0.161819253,4.829279511,-6.168784470,1.502407379,0.000000000,0.000000000,true,0,0
21.790000,-0.001793810,0.001827996,1.999722101,0.046876615,-0.048583415,0.007752038,-0.779279975,0.837540244,-0.146895227,5.154618484,-6.384372766,1.482141319,0.000000000,0.000000000,true,0,0
21.800000,-0.001363135,0.001382966,1.999792523,0.039347045,-0.040530848,0.006356836,-0.726081572,0.772610594,-0.132181556,5.486083155,-6.601876428,1.460336342,0.000000000,0.000000000,true,0,0
21.810000,-0.001005040,0.001015179,1.999849725,0.032366135,-0.033138485,0.005107655,-0.669537893,0.705496331,-0.117693630,5.823673524,-6.821295458,1.436992450,0.000000000,0.000000000,true,0,0
21.820000,-0.000713871,0.000717923,1.999895155,0.025967643,-0.026428267,0.004002160,-0.609587682,0.636178300,-0.103446837,6.167389590,-7.042629854,1.412109640,0.000000000,0.000000000,true,0,0
21.830000,-0.000483632,0.000484266,1.999930239,0.020185940,-0.020422328,0.003037863,-0.546169682,0.564637349,-0.089456567,6.517231355,-7.265879617,1.385687915,0.000000000,0.000000000,true,0,0
21.840000,-0.000307980,0.000307054,1.999956374,0.015056012,-0.015142994,0.002212122,-0.479222636,0.490854323,-0.075738208,6.873198817,-7.491044748,1.357727272,0.000000000,0.000000000,true,0,0
21.850000,-0.000180220,0.000178909,1.999974934,0.010613455,-0.010612779,0.001522141,-0.408685287,0.414810070,-0.062307151,7.235291977,-7.718125245,1.328227714,0.000000000,0.000000000,true,0,0
21.860000,-0.000093299,0.000092226,1.999987260,0.006894479,-0.006854394,0.000964970,-0.334496378,0.336485434,-0.049178784,7.603510835,-7.947121109,1.297189239,0.000000000,0.000000000,true,0,0
21.870000,-0.000039796,0.000039172,1.999994666,0.003935904,-0.003890736,0.000537505,-0.256594651,0.255861263,-0.036368496,7.977855391,-8.178032340,1.264611847,0.000000000,0.000000000,true,0,0
21.880000,-0.000011921,0.000011685,1.999998432,0.001775166,-0.001744897,0.000236488,-0.174918851,0.172918403,-0.023891677,8.358325645,-8.410858938,1.230495539,0.000000000,0.000000000,true,0,0
21.890000,-0.000001507,0.000001470,1.999999805,0.000450311,-0.000440161,0.000058509,-0.089407719,0.087637700,-0.011763715,8.744921597,-8.645600903,1.194840315,0.000000000,0.000000000,true,0,0
21.900000,0.000000000,-0.000000000,2.000000000,0.000000000,-0.000000000,-0.000000000,0.000000000,-0.000000000,0.000000000,9.137643246,-8.882258234,1.157646174,0.000000000,0.000000000,true,0,0
